810d2042-ca0c-3e04-ae9b-f4b9a8ca211e;810d2042-ca0c-3e04-ae9b-f4b9a8ca211e;1;(Aminooxy)(hydroxy)sulfane dioxide;emissions to soil/industrial;;(Aminooxy)(hydroxy)sulfane dioxide;Elementary flows/Emission to soil/industrial;;;;93a60a56-a3c8-11da-a746-0800200b9a66;Mass;;kg;20aadc24-a391-41cf-b340-3e4529f44bde;kg
d7f3bc12-5b90-3ead-95c7-d9163cce63a9;38a622c6-f086-4763-a952-7c6b3b1c42ba;1;1,4-Butanediol;emissions to air/high. pop.;;1,4-Butanediol;Elementary flows/Emission to air/high population density;;;;93a60a56-a3c8-11da-a746-0800200b9a66;Mass;;kg;20aadc24-a391-41cf-b340-3e4529f44bde;kg
14fdd354-d051-3d1c-8f99-3449bf5512a6;09db39be-d9a6-4fc3-8d25-1f80b23e9131;1;1,4-Butanediol;emissions to air/unspecified;;1,4-Butanediol;Elementary flows/Emission to air/unspecified;;;;93a60a56-a3c8-11da-a746-0800200b9a66;Mass;;kg;20aadc24-a391-41cf-b340-3e4529f44bde;kg
9c145233-133b-3904-aa34-e6aa77d970ec;51441562-7069-40f8-84f9-cca66f72af6d;1;1,4-Butanediol;emissions to water/river;;1,4-Butanediol;Elementary flows/Emission to water/fresh water;;;;93a60a56-a3c8-11da-a746-0800200b9a66;Mass;;kg;20aadc24-a391-41cf-b340-3e4529f44bde;kg
e4c8df1f-cbd0-3919-b55f-2906e03be6d1;efc4290c-1404-4e01-8b5e-e75c6d90615c;1;1-Butanol;emissions to air/high. pop.;;Butanol;Elementary flows/Emission to air/high population density;;;;93a60a56-a3c8-11da-a746-0800200b9a66;Mass;;kg;20aadc24-a391-41cf-b340-3e4529f44bde;kg
12205599-72fa-3d63-a1b2-807beb4f3647;cb299863-b63a-45ae-a3fc-b5cc900aaeea;1;1-Butanol;emissions to air/low. pop.;;Butanol;Elementary flows/Emission to air/low population density;;;;93a60a56-a3c8-11da-a746-0800200b9a66;Mass;;kg;20aadc24-a391-41cf-b340-3e4529f44bde;kg
35adf5af-f830-33d6-8e7d-63166011579e;b9a9b2ad-5db3-47aa-81de-3a48ae9ad4ec;1;1-Butanol;emissions to air/unspecified;;Butanol;Elementary flows/Emission to air/unspecified;;;;93a60a56-a3c8-11da-a746-0800200b9a66;Mass;;kg;20aadc24-a391-41cf-b340-3e4529f44bde;kg
ed731903-7f7d-3d42-9ab6-03861920113a;3c1079bf-01fb-455d-aa49-026a26ec9445;1;1-Butanol;emissions to water/river;;Butanol;Elementary flows/Emission to water/fresh water;;;;93a60a56-a3c8-11da-a746-0800200b9a66;Mass;;kg;20aadc24-a391-41cf-b340-3e4529f44bde;kg
7b9d21b0-3d4d-3ab3-9599-ab3a8573c756;00b8c5b8-8f45-445f-839c-2017fe3ad8b8;1;1-Methyl-2-pyrrolidinone;emissions to air/unspecified;;1-Methyl-2-pyrrolidinone;Elementary flows/Emission to air/unspecified;;;;93a60a56-a3c8-11da-a746-0800200b9a66;Mass;;kg;20aadc24-a391-41cf-b340-3e4529f44bde;kg
78c72faa-a21e-3d95-aa5c-385f79633a5b;541a823c-0aad-4dc4-9123-d4af4647d942;1;1-Pentanol;emissions to air/high. pop.;;1-Pentanol;Elementary flows/Emission to air/high population density;;;;93a60a56-a3c8-11da-a746-0800200b9a66;Mass;;kg;20aadc24-a391-41cf-b340-3e4529f44bde;kg
2574c29f-b373-32c3-a3d8-d053e369b18b;abeab09e-eb0a-45f4-8a24-5726244d87dd;1;1-Pentanol;emissions to water/river;;1-Pentanol;Elementary flows/Emission to water/fresh water;;;;93a60a56-a3c8-11da-a746-0800200b9a66;Mass;;kg;20aadc24-a391-41cf-b340-3e4529f44bde;kg
9a67ff57-e1fd-3c38-974e-863543526ecb;8cbaa905-41b0-4327-8403-bf1c8eb25429;1;1-Pentene;emissions to air/high. pop.;;1-Pentene;Elementary flows/Emission to air/high population density;;;;93a60a56-a3c8-11da-a746-0800200b9a66;Mass;;kg;20aadc24-a391-41cf-b340-3e4529f44bde;kg
1810007c-d47d-3868-a59d-186b69e50e9f;ccfea48e-0aec-4573-8ed1-fb7c0f1b14ae;1;1-Pentene;emissions to air/low. pop.;;1-Pentene;Elementary flows/Emission to air/low population density;;;;93a60a56-a3c8-11da-a746-0800200b9a66;Mass;;kg;20aadc24-a391-41cf-b340-3e4529f44bde;kg
43552dd5-2ce5-356a-b6e1-875832eefd15;651cbfbb-3027-4e20-a5b0-4a67e86e837a;1;1-Pentene;emissions to air/unspecified;;1-Pentene;Elementary flows/Emission to air/unspecified;;;;93a60a56-a3c8-11da-a746-0800200b9a66;Mass;;kg;20aadc24-a391-41cf-b340-3e4529f44bde;kg
2d93ec07-a2bc-3a3c-a49a-5ec7197e4cd9;4186494b-58c3-4e33-a0fc-48a9e917968d;1;1-Pentene;emissions to water/river;;1-Pentene;Elementary flows/Emission to water/fresh water;;;;93a60a56-a3c8-11da-a746-0800200b9a66;Mass;;kg;20aadc24-a391-41cf-b340-3e4529f44bde;kg
8e9a8604-d640-322d-bb33-7c638b519547;4a6af581-af93-4d79-9f45-a5c43f463bbb;1;1-Propanol;emissions to air/high. pop.;;Propanol;Elementary flows/Emission to air/high population density;;;;93a60a56-a3c8-11da-a746-0800200b9a66;Mass;;kg;20aadc24-a391-41cf-b340-3e4529f44bde;kg
566d48b5-b7c1-385c-9e24-44babbb2b6f1;ff5d0fa9-6ca8-4e61-b99b-14981620c0d7;1;1-Propanol;emissions to air/unspecified;;Propanol;Elementary flows/Emission to air/unspecified;;;;93a60a56-a3c8-11da-a746-0800200b9a66;Mass;;kg;20aadc24-a391-41cf-b340-3e4529f44bde;kg
d2c80b7f-ee81-3ebe-a803-bca37c700707;cada56a9-5b09-4490-84a3-70e5ec1bd735;1;1-Propanol;emissions to water/river;;Propanol;Elementary flows/Emission to water/fresh water;;;;93a60a56-a3c8-11da-a746-0800200b9a66;Mass;;kg;20aadc24-a391-41cf-b340-3e4529f44bde;kg
ad2967b6-e826-371a-a8b7-a0c1bf9a68f8;f681eb3c-854a-4f78-bcfe-76dfbcf9df3c;1;2,4-D;emissions to soil/agricultural;;2,4-D;Elementary flows/Emission to soil/agricultural;;;;93a60a56-a3c8-11da-a746-0800200b9a66;Mass;;kg;20aadc24-a391-41cf-b340-3e4529f44bde;kg
ae9a9cc0-8206-31ae-8909-9329de637eee;a0fec60d-3f74-48bf-a2d2-58c30fc13e53;1;2-Aminopropanol;emissions to air/high. pop.;;2-Aminopropanol;Elementary flows/Emission to air/high population density;;;;93a60a56-a3c8-11da-a746-0800200b9a66;Mass;;kg;20aadc24-a391-41cf-b340-3e4529f44bde;kg
7e10a185-3e3f-3783-8a7f-a983b6ce39f5;4a094654-0a37-4492-87cb-5065366d9bc4;1;2-Aminopropanol;emissions to water/river;;2-Aminopropanol;Elementary flows/Emission to water/fresh water;;;;93a60a56-a3c8-11da-a746-0800200b9a66;Mass;;kg;20aadc24-a391-41cf-b340-3e4529f44bde;kg
ef8964f1-dca0-3ab2-9f4b-c8c9d7882ce1;79a87f98-0b00-4e7e-86f8-70667307f696;1;2-Butene, 2-methyl-;emissions to air/high. pop.;;2-Methyl-2-butene;Elementary flows/Emission to air/high population density;;;;93a60a56-a3c8-11da-a746-0800200b9a66;Mass;;kg;20aadc24-a391-41cf-b340-3e4529f44bde;kg
289cf7b6-e4ac-3279-a7db-99ca6624be61;5011a495-2f22-3cfd-ac96-85b74c2ad089;1;2-Butene, 2-methyl-;emissions to air/unspecified;;2-Butene, 2-methyl-;Elementary flows/Emission to air/unspecified;;;;93a60a56-a3c8-11da-a746-0800200b9a66;Mass;;kg;20aadc24-a391-41cf-b340-3e4529f44bde;kg
37e3a550-4675-324c-a148-2a9a4d224b6c;9e9d143b-f89b-335a-9f04-835f7354a85e;1;2-Butene, 2-methyl-;emissions to water/river;;2-Butene, 2-methyl-;Elementary flows/Emission to water/unspecified;;;;93a60a56-a3c8-11da-a746-0800200b9a66;Mass;;kg;20aadc24-a391-41cf-b340-3e4529f44bde;kg
13266e92-d593-3edc-96b8-c7c96150092d;e2d860e3-1038-4386-a5f1-25ad75d18bbd;1;2-Methyl-1-propanol;emissions to air/high. pop.;;Isobutanol;Elementary flows/Emission to air/high population density;;;;93a60a56-a3c8-11da-a746-0800200b9a66;Mass;;kg;20aadc24-a391-41cf-b340-3e4529f44bde;kg
4fbcce62-00f6-3e29-bc90-5c765b4d36b1;88be8e1b-1bdc-46e1-9856-187a95b3d872;1;2-Methyl-1-propanol;emissions to air/low. pop., long-term;;Isobutanol;Elementary flows/Emission to air/low population density, long-term;;;;93a60a56-a3c8-11da-a746-0800200b9a66;Mass;;kg;20aadc24-a391-41cf-b340-3e4529f44bde;kg
19ed351e-6146-3029-8386-4cba6a140dd3;47bee45d-6d2b-48a6-a0c8-fcb8debc7f5d;1;2-Methyl-1-propanol;emissions to air/unspecified;;Isobutanol;Elementary flows/Emission to air/unspecified;;;;93a60a56-a3c8-11da-a746-0800200b9a66;Mass;;kg;20aadc24-a391-41cf-b340-3e4529f44bde;kg
24efdc78-899b-34cf-a8d8-4462ded756ab;febf61e5-5772-4a92-a047-bfca7965395b;1;2-Methyl-1-propanol;emissions to water/river;;2-Methyl-1-propanol;Elementary flows/Emission to water/fresh water;;;;93a60a56-a3c8-11da-a746-0800200b9a66;Mass;;kg;20aadc24-a391-41cf-b340-3e4529f44bde;kg
0f1253cd-bc2a-3e68-922e-b3e31a014ef7;e5492922-eaf5-4409-aa49-7f2a35cd0336;1;2-Methyl-4-chlorophenoxyacetic acid;emissions to soil/agricultural;;MCPA;Elementary flows/Emission to soil/agricultural;;;;93a60a56-a3c8-11da-a746-0800200b9a66;Mass;;kg;20aadc24-a391-41cf-b340-3e4529f44bde;kg
1afcc1ab-4a0a-3a6f-a767-6d17465696da;90d374f1-b739-45b2-a734-d6bdd8c8dc9c;1;2-Nitrobenzoic acid;emissions to air/high. pop.;;2-Nitrobenzoic acid;Elementary flows/Emission to air/high population density;;;;93a60a56-a3c8-11da-a746-0800200b9a66;Mass;;kg;20aadc24-a391-41cf-b340-3e4529f44bde;kg
5d72d15c-20c4-33b4-ae3c-8e043d8920d9;cbf58f64-9286-406f-8dcb-ef1d81eec980;1;2-Propanol;emissions to air/high. pop.;;Isopropanol;Elementary flows/Emission to air/high population density;;;;93a60a56-a3c8-11da-a746-0800200b9a66;Mass;;kg;20aadc24-a391-41cf-b340-3e4529f44bde;kg
0466e885-549d-39b8-8f30-69a1e7ad9c4d;479edec6-763c-49fc-83f8-49780f08cf29;1;2-Propanol;emissions to air/unspecified;;Isopropanol;Elementary flows/Emission to air/unspecified;;;;93a60a56-a3c8-11da-a746-0800200b9a66;Mass;;kg;20aadc24-a391-41cf-b340-3e4529f44bde;kg
9062eb34-a89d-3cd1-837a-920c8d52d6cc;2ccc4997-63d8-4f5f-8f4c-711080d7bd9b;1;2-Propanol;emissions to water/river;;2-Propanol;Elementary flows/Emission to water/fresh water;;;;93a60a56-a3c8-11da-a746-0800200b9a66;Mass;;kg;20aadc24-a391-41cf-b340-3e4529f44bde;kg
c0a85796-9bd3-3261-9311-3bd6809a5c38;c6310f81-3859-4c5c-990a-4662ba179693;1;3-Methyl-1-butanol;emissions to air/high. pop.;;3-Methyl-1-butanol;Elementary flows/Emission to air/high population density;;;;93a60a56-a3c8-11da-a746-0800200b9a66;Mass;;kg;20aadc24-a391-41cf-b340-3e4529f44bde;kg
c05108db-836a-3bf7-822f-00ba041e101e;37195063-6e95-4031-b25b-e12c585f5513;1;3-Methyl-1-butanol;emissions to water/river;;3-Methyl-1-butanol;Elementary flows/Emission to water/fresh water;;;;93a60a56-a3c8-11da-a746-0800200b9a66;Mass;;kg;20aadc24-a391-41cf-b340-3e4529f44bde;kg
cfcc4d67-0a60-31e1-9a33-3ab7f3cedbc7;b593169f-9d42-35e2-a4c0-d89e2109440f;1;4,4'-Biphenol;emissions to air/unspecified;;4,4'-Biphenol;Elementary flows/Emission to air/unspecified;;;;93a60a56-a3c8-11da-a746-0800200b9a66;Mass;;kg;20aadc24-a391-41cf-b340-3e4529f44bde;kg
5c092150-44c7-3ddd-aafa-d067a27cbb41;83e92e44-8bdf-46cc-bb78-e581feda657d;1;4-Methyl-2-pentanol;emissions to water/river;;4-Methyl-2-pentanol;Elementary flows/Emission to water/fresh water;;;;93a60a56-a3c8-11da-a746-0800200b9a66;Mass;;kg;20aadc24-a391-41cf-b340-3e4529f44bde;kg
03d170f9-f460-3e73-8c72-17a8104f6d23;9fbec2f4-6b42-4e63-9573-14e04befe20f;1;4-Methyl-2-pentanone;emissions to air/high. pop.;;4-Methyl-2-pentanone;Elementary flows/Emission to air/high population density;;;;93a60a56-a3c8-11da-a746-0800200b9a66;Mass;;kg;20aadc24-a391-41cf-b340-3e4529f44bde;kg
5ff1950f-1ef9-3bb2-981e-efe3c99f37c4;dec83914-1ca6-4707-b65d-2706da3a3988;1;4-Methyl-2-pentanone;emissions to water/river;;4-Methyl-2-pentanone;Elementary flows/Emission to water/fresh water;;;;93a60a56-a3c8-11da-a746-0800200b9a66;Mass;;kg;20aadc24-a391-41cf-b340-3e4529f44bde;kg
4f9a5fc7-cfef-3d8b-a2e9-99496e2fdbc7;f9d36529-abde-4ed2-a82c-d365ae2c713f;1;4-Methyl-2-pentanone;emissions to water/unspecified;;4-Methyl-2-pentanone;Elementary flows/Emission to water/unspecified;;;;93a60a56-a3c8-11da-a746-0800200b9a66;Mass;;kg;20aadc24-a391-41cf-b340-3e4529f44bde;kg
0bbd50b2-7fb1-37aa-9354-687b4eab0695;3166d308-cc57-4d31-b42e-63c7eada821f;1;Abamectin;emissions to soil/agricultural;;Abamectin;Elementary flows/Emission to soil/agricultural;;;;93a60a56-a3c8-11da-a746-0800200b9a66;Mass;;kg;20aadc24-a391-41cf-b340-3e4529f44bde;kg
8ddbf3d2-27eb-3569-9d10-2a2c835a1ffb;99c07b66-c039-4896-866d-06abdaa9d46a;1;Acenaphthene;emissions to air/high. pop.;;Acenaphthene;Elementary flows/Emission to air/high population density;;;;93a60a56-a3c8-11da-a746-0800200b9a66;Mass;;kg;20aadc24-a391-41cf-b340-3e4529f44bde;kg
97d6305d-6cff-3c4f-9ada-e12210e98ece;922a7ccf-3338-43ad-bd7e-77d51df051ab;1;Acenaphthene;emissions to air/low. pop.;;Acenaphthene;Elementary flows/Emission to air/low population density;;;;93a60a56-a3c8-11da-a746-0800200b9a66;Mass;;kg;20aadc24-a391-41cf-b340-3e4529f44bde;kg
52b49ee3-7e0d-3fbb-889c-5d7a96dce219;1f4afa32-a9a2-40da-8396-104452cb637f;1;Acenaphthene;emissions to air/unspecified;;Acenaphthene;Elementary flows/Emission to air/unspecified;;;;93a60a56-a3c8-11da-a746-0800200b9a66;Mass;;kg;20aadc24-a391-41cf-b340-3e4529f44bde;kg
319d984d-5837-354e-a321-4443e3e86611;a6ad3fc7-c019-454f-a899-43be7913a598;1;Acenaphthene;emissions to water/ocean;;Acenaphthene;Elementary flows/Emission to water/ocean;;;;93a60a56-a3c8-11da-a746-0800200b9a66;Mass;;kg;20aadc24-a391-41cf-b340-3e4529f44bde;kg
3dcd5a85-c2b4-3be2-8958-d65396d961d4;a9d521d5-fe73-4726-830a-9d9aa0356b92;1;Acenaphthene;emissions to water/river;;Acenaphthene;Elementary flows/Emission to water/fresh water;;;;93a60a56-a3c8-11da-a746-0800200b9a66;Mass;;kg;20aadc24-a391-41cf-b340-3e4529f44bde;kg
1baf9792-81dd-3db0-91b3-7e8fd86c5509;e0346157-1f0e-4bf9-b234-78fead761e18;1;Acenaphthylene;emissions to air/unspecified;;Acenaphthylene;Elementary flows/Emission to air/unspecified;;;;93a60a56-a3c8-11da-a746-0800200b9a66;Mass;;kg;20aadc24-a391-41cf-b340-3e4529f44bde;kg
e883b392-01dc-3832-8f8d-acc5a1d7fffb;9dc481e4-e4cd-4cb1-a03e-d539f774e958;1;Acenaphthylene;emissions to water/ocean;;Acenaphthylene;Elementary flows/Emission to water/ocean;;;;93a60a56-a3c8-11da-a746-0800200b9a66;Mass;;kg;20aadc24-a391-41cf-b340-3e4529f44bde;kg
21232031-bf1b-388e-8a82-3deeeec78498;c6e27975-c0a0-4189-ac1d-068f47a7b629;1;Acenaphthylene;emissions to water/river;;Acenaphthylene;Elementary flows/Emission to water/fresh water;;;;93a60a56-a3c8-11da-a746-0800200b9a66;Mass;;kg;20aadc24-a391-41cf-b340-3e4529f44bde;kg
0887d4f8-71a2-3958-8b5a-ae2ab78de251;cdcdbfc9-3d5f-4e78-8033-8dbecbb2cfec;1;Acephate;emissions to soil/agricultural;;Acephate;Elementary flows/Emission to soil/agricultural;;;;93a60a56-a3c8-11da-a746-0800200b9a66;Mass;;kg;20aadc24-a391-41cf-b340-3e4529f44bde;kg
a5c35b34-7f00-3992-b261-4001fa9a841f;5ad58fcc-e9ba-4155-a3c9-e4ffb3065a6f;1;Acetaldehyde;emissions to air/high. pop.;;Acetaldehyde;Elementary flows/Emission to air/high population density;;;;93a60a56-a3c8-11da-a746-0800200b9a66;Mass;;kg;20aadc24-a391-41cf-b340-3e4529f44bde;kg
c89b58f8-eb40-3065-8403-336b495dc4c6;fc9f9a81-c4b9-4dce-bc20-9f04e05ca2f1;1;Acetaldehyde;emissions to air/low. pop.;;Acetaldehyde;Elementary flows/Emission to air/low population density;;;;93a60a56-a3c8-11da-a746-0800200b9a66;Mass;;kg;20aadc24-a391-41cf-b340-3e4529f44bde;kg
85fbbd95-e2e8-3f21-84d6-38b0e959dfd8;e3e8f6a2-c45e-4685-9859-698b2eadaf5b;1;Acetaldehyde;emissions to air/unspecified;;Acetaldehyde;Elementary flows/Emission to air/unspecified;;;;93a60a56-a3c8-11da-a746-0800200b9a66;Mass;;kg;20aadc24-a391-41cf-b340-3e4529f44bde;kg
12e83f41-37cc-3056-88bf-5abad86fade5;96f27de7-48e1-4f60-8359-1eafdb14a72a;1;Acetaldehyde;emissions to water/river;;Acetaldehyde;Elementary flows/Emission to water/fresh water;;;;93a60a56-a3c8-11da-a746-0800200b9a66;Mass;;kg;20aadc24-a391-41cf-b340-3e4529f44bde;kg
e289088c-c613-3deb-a1e2-6d578027e8e8;4b51a9d0-4100-49c1-8d47-ec47eb51c58a;1;Acetaldehyde;emissions to water/unspecified;;Acetaldehyde;Elementary flows/Emission to water/unspecified;;;;93a60a56-a3c8-11da-a746-0800200b9a66;Mass;;kg;20aadc24-a391-41cf-b340-3e4529f44bde;kg
e646c4a4-240f-340b-9392-00bb5fde2cc7;eb23cf3a-b866-458d-94b3-9aee4145fcc9;1;Acetamide;emissions to soil/agricultural;;Acetamide;Elementary flows/Emission to soil/agricultural;;;;93a60a56-a3c8-11da-a746-0800200b9a66;Mass;;kg;20aadc24-a391-41cf-b340-3e4529f44bde;kg
3e3214e4-b0cc-3700-8e69-7d0b57786a9f;b9b68c0c-053e-41de-ab72-8dfe1c3f5755;1;Acetic acid;emissions to air/high. pop.;;Acetic acid;Elementary flows/Emission to air/high population density;;;;93a60a56-a3c8-11da-a746-0800200b9a66;Mass;;kg;20aadc24-a391-41cf-b340-3e4529f44bde;kg
4b15df60-106f-3c94-8316-38d9d5d4cdb3;c5cc0625-6e01-4639-b053-5d1d9d22a53c;1;Acetic acid;emissions to air/low. pop.;;Acetic acid;Elementary flows/Emission to air/low population density;;;;93a60a56-a3c8-11da-a746-0800200b9a66;Mass;;kg;20aadc24-a391-41cf-b340-3e4529f44bde;kg
d6fa4341-1d4e-30e3-9986-23520665e474;d157416d-db9b-4f88-a7f3-a9a5f1ea88f2;1;Acetic acid;emissions to air/unspecified;;Acetic acid;Elementary flows/Emission to air/unspecified;;;;93a60a56-a3c8-11da-a746-0800200b9a66;Mass;;kg;20aadc24-a391-41cf-b340-3e4529f44bde;kg
6204bdca-52e2-36ae-bb39-a762457420e0;18452b50-8c57-41d2-bbdd-37996c455771;1;Acetic acid;emissions to water/ocean;;Acetic acid;Elementary flows/Emission to water/ocean;;;;93a60a56-a3c8-11da-a746-0800200b9a66;Mass;;kg;20aadc24-a391-41cf-b340-3e4529f44bde;kg
d02b5673-7fca-3775-b150-7fc1b0e51218;ba6ccdc7-da30-45fd-8215-babbf046cd3e;1;Acetic acid;emissions to water/river;;Acetic acid;Elementary flows/Emission to water/fresh water;;;;93a60a56-a3c8-11da-a746-0800200b9a66;Mass;;kg;20aadc24-a391-41cf-b340-3e4529f44bde;kg
78fe5fc7-1242-3005-b187-941f4e90f749;edf1afb4-95cd-4482-b00d-6c814e08c807;1;Acetochlor;emissions to air/unspecified;;Acetochlor;Elementary flows/Emission to air/unspecified;;;;93a60a56-a3c8-11da-a746-0800200b9a66;Mass;;kg;20aadc24-a391-41cf-b340-3e4529f44bde;kg
5a34b487-adb5-3663-bbf2-e3f721b8c188;92ee2fc1-238c-465d-9887-418af42db9c7;1;Acetochlor;emissions to soil/agricultural;;Acetochlor;Elementary flows/Emission to soil/agricultural;;;;93a60a56-a3c8-11da-a746-0800200b9a66;Mass;;kg;20aadc24-a391-41cf-b340-3e4529f44bde;kg
e5c33e35-2d8f-3015-8115-64bdd90c044e;9cf5cb40-6129-4fed-8fed-23026538289f;1;Acetochlor;emissions to water/river;;Acetochlor;Elementary flows/Emission to water/fresh water;;;;93a60a56-a3c8-11da-a746-0800200b9a66;Mass;;kg;20aadc24-a391-41cf-b340-3e4529f44bde;kg
a5dbd7c9-3e37-3af7-a097-2cc1f1b2c4e1;1f130425-11f9-4ec2-8d2f-d282acaacf5c;1;Acetone;emissions to air/high. pop.;;Acetone;Elementary flows/Emission to air/high population density;;;;93a60a56-a3c8-11da-a746-0800200b9a66;Mass;;kg;20aadc24-a391-41cf-b340-3e4529f44bde;kg
c935225c-3578-31b2-aff3-e01fb0ce3dad;7a2d7097-20c4-4b5f-b2ee-bcfc2ba1378f;1;Acetone;emissions to air/low. pop.;;Acetone;Elementary flows/Emission to air/low population density;;;;93a60a56-a3c8-11da-a746-0800200b9a66;Mass;;kg;20aadc24-a391-41cf-b340-3e4529f44bde;kg
16aeb322-34d9-3c9b-9ce3-c458cfae68f1;f3d5fd96-8805-4d3d-867a-5df27975b07f;1;Acetone;emissions to air/unspecified;;Acetone;Elementary flows/Emission to air/unspecified;;;;93a60a56-a3c8-11da-a746-0800200b9a66;Mass;;kg;20aadc24-a391-41cf-b340-3e4529f44bde;kg
715a21f5-933f-3b68-b292-676f0234ae83;4b6f838f-fde2-4f2b-9dc9-87e39a52b94e;1;Acetone;emissions to water/river;;Acetone;Elementary flows/Emission to water/fresh water;;;;93a60a56-a3c8-11da-a746-0800200b9a66;Mass;;kg;20aadc24-a391-41cf-b340-3e4529f44bde;kg
80a4a2b9-7e57-392f-a4bb-e02b57b0b204;d78a3d22-4bed-4ad3-8a9c-1cc4645188d0;1;Acetone;emissions to water/unspecified;;Acetone;Elementary flows/Emission to water/unspecified;;;;93a60a56-a3c8-11da-a746-0800200b9a66;Mass;;kg;20aadc24-a391-41cf-b340-3e4529f44bde;kg
dcee595c-26eb-377e-86ef-e504fe041406;f7553ef8-e4f3-4b9c-98be-81fa36315648;1;Acetonitrile;emissions to air/low. pop.;;Acetonitrile;Elementary flows/Emission to air/low population density;;;;93a60a56-a3c8-11da-a746-0800200b9a66;Mass;;kg;20aadc24-a391-41cf-b340-3e4529f44bde;kg
0aaccf1d-96b9-34c7-87cf-b9d31451120e;ff45a199-18e0-4777-886b-e2d0422d2f82;1;Acetonitrile;emissions to air/unspecified;;Acetonitrile;Elementary flows/Emission to air/unspecified;;;;93a60a56-a3c8-11da-a746-0800200b9a66;Mass;;kg;20aadc24-a391-41cf-b340-3e4529f44bde;kg
a04d5c6b-9133-3a33-b596-e08fa21a357d;5ba194c6-30c2-44fc-ae03-c992b88c9c73;1;Acetonitrile;emissions to water/river;;Acetonitrile;Elementary flows/Emission to water/fresh water;;;;93a60a56-a3c8-11da-a746-0800200b9a66;Mass;;kg;20aadc24-a391-41cf-b340-3e4529f44bde;kg
ff90b68e-d08b-3f75-8482-f4ba54aac556;bbf4d3e7-ac9e-4d6e-9da0-fe15ba3e5fd6;1;Acetyl chloride;emissions to water/river;;Acetyl chloride;Elementary flows/Emission to water/fresh water;;;;93a60a56-a3c8-11da-a746-0800200b9a66;Mass;;kg;20aadc24-a391-41cf-b340-3e4529f44bde;kg
3615606e-6faf-30f2-9b4f-cbc27e9afae2;27c7cf05-a12b-3dfb-ac83-863c0716ad29;1;Acetylene, dichloro-;emissions to air/high. pop.;;Acetylene, dichloro-;Elementary flows/Emission to air/high population density;;;;93a60a56-a3c8-11da-a746-0800200b9a66;Mass;;kg;20aadc24-a391-41cf-b340-3e4529f44bde;kg
7b939693-0679-3204-826c-d3d797de530f;6277bb68-8dde-36f6-8d89-f588c0720ccc;1;Acetylene, dichloro-;emissions to air/unspecified;;Acetylene, dichloro-;Elementary flows/Emission to air/unspecified;;;;93a60a56-a3c8-11da-a746-0800200b9a66;Mass;;kg;20aadc24-a391-41cf-b340-3e4529f44bde;kg
60ca6b59-8025-33df-8779-b323301e65fe;29066274-6556-11dd-ad8b-0800200c9a66;1;Acidity, unspecified;emissions to air/unspecified;;Acidity, unspecified;Elementary flows/Emission to air/unspecified;;;;93a60a56-a3c8-11da-a746-0800200b9a66;Mass;;kg;20aadc24-a391-41cf-b340-3e4529f44bde;kg
ec6de773-ce87-39d3-bb78-aeab4c79a4ad;25ca862e-55b9-3922-ad34-8191dbe5dd0f;1;Acidity, unspecified;emissions to soil/industrial;;Acidity, unspecified;Elementary flows/Emission to soil/industrial;;;;93a60a56-a3c8-11da-a746-0800200b9a66;Mass;;kg;20aadc24-a391-41cf-b340-3e4529f44bde;kg
1050956f-4549-3e50-819b-dc64b79b1400;e1ea501a-7c9f-4cc6-a194-22543ab1b941;1;Acidity, unspecified;emissions to water/river;;Acidity, unspecified;Elementary flows/Emission to water/fresh water;;;;93a60a56-a3c8-11da-a746-0800200b9a66;Mass;;kg;20aadc24-a391-41cf-b340-3e4529f44bde;kg
da828163-ff32-3e4e-812a-1996da37aaf4;b37294bd-947d-4f35-b9e6-3eb259c05ff5;1;Acidity, unspecified;emissions to water/unspecified;;Acidity, unspecified;Elementary flows/Emission to water/unspecified;;;;93a60a56-a3c8-11da-a746-0800200b9a66;Mass;;kg;20aadc24-a391-41cf-b340-3e4529f44bde;kg
a9588b8e-7d03-3932-9260-f565f9d2d95e;dc64ecac-a65f-4d9a-9de6-557f1135659f;1;Aclonifen;emissions to soil/agricultural;;Aclonifen;Elementary flows/Emission to soil/agricultural;;;;93a60a56-a3c8-11da-a746-0800200b9a66;Mass;;kg;20aadc24-a391-41cf-b340-3e4529f44bde;kg
3fedd9ba-1d4e-39a6-b92e-ac1a1b6ecfa0;7ed6dc0d-9c2e-4046-a44b-e8a708c2081e;1;Acrolein;emissions to air/high. pop.;;Acrolein;Elementary flows/Emission to air/high population density;;;;93a60a56-a3c8-11da-a746-0800200b9a66;Mass;;kg;20aadc24-a391-41cf-b340-3e4529f44bde;kg
5d8565fa-8783-3273-bb4c-70df466e9268;12840cef-c3b8-4ef2-b7d4-3a73dbd6a280;1;Acrolein;emissions to air/low. pop.;;Acrolein;Elementary flows/Emission to air/low population density;;;;93a60a56-a3c8-11da-a746-0800200b9a66;Mass;;kg;20aadc24-a391-41cf-b340-3e4529f44bde;kg
c846249f-a6f1-3522-b235-630178ac514b;d896ced7-a107-4017-b284-d95a8ef3e735;1;Acrolein;emissions to air/unspecified;;Acrolein;Elementary flows/Emission to air/unspecified;;;;93a60a56-a3c8-11da-a746-0800200b9a66;Mass;;kg;20aadc24-a391-41cf-b340-3e4529f44bde;kg
2466d447-3a8a-31d9-91ed-bbbe188069f3;6eaf5a3d-d214-3d95-ace4-4762cdf2ec12;1;Acrylate;emissions to water/river;;Acrylate;Elementary flows/Emission to water/river;;;;93a60a56-a3c8-11da-a746-0800200b9a66;Mass;;kg;20aadc24-a391-41cf-b340-3e4529f44bde;kg
2dbbc3b2-bf4c-344a-9aac-83a06a860234;42f51ad5-6190-4641-b961-f411310554e9;1;Acrylic acid;emissions to air/high. pop.;;Acrylic acid;Elementary flows/Emission to air/high population density;;;;93a60a56-a3c8-11da-a746-0800200b9a66;Mass;;kg;20aadc24-a391-41cf-b340-3e4529f44bde;kg
ed9cdf92-b37f-361e-aee4-888fee86e38c;faca26d7-b953-4dd6-94a9-7b8975452e1c;1;Acrylic acid;emissions to air/unspecified;;Acrylic acid;Elementary flows/Emission to air/unspecified;;;;93a60a56-a3c8-11da-a746-0800200b9a66;Mass;;kg;20aadc24-a391-41cf-b340-3e4529f44bde;kg
4ecbafe7-e5bb-3dc7-a6a6-839925fa5826;981ea86a-b527-4e29-b092-f16d2cd57e45;1;Acrylonitrile;emissions to air/unspecified;;Acrylonitrile;Elementary flows/Emission to air/unspecified;;;;93a60a56-a3c8-11da-a746-0800200b9a66;Mass;;kg;20aadc24-a391-41cf-b340-3e4529f44bde;kg
d9eb74f6-3d8a-33df-83b1-82102ae38ced;c25abc19-d0c4-4246-b6d6-a4418f673bb0;1;Acrylonitrile;emissions to water/river;;Acrylonitrile;Elementary flows/Emission to water/fresh water;;;;93a60a56-a3c8-11da-a746-0800200b9a66;Mass;;kg;20aadc24-a391-41cf-b340-3e4529f44bde;kg
97836947-f7ea-3b1c-923d-5e488e3b90c5;02703daf-fde4-489a-b7e5-523e46151312;1;Actinides, radioactive, unspecified;emissions to air/low. pop.;;Actinides, radioactive, unspecified;Elementary flows/Emission to air/low population density;;;;93a60a56-a3c8-17da-a746-0800200c9a66;Radioactivity;;kBq;e9773595-284e-46dd-9671-5fc9ff406833;kBq
b8a87d1a-913d-3cb8-adf0-5dd0dda71452;34550110-0552-46d2-b07d-6b9599892278;1;Actinides, radioactive, unspecified;emissions to water/ocean;;Actinides, radioactive, unspecified;Elementary flows/Emission to water/ocean;;;;93a60a56-a3c8-17da-a746-0800200c9a66;Radioactivity;;kBq;e9773595-284e-46dd-9671-5fc9ff406833;kBq
f00d4d43-d02d-364d-bcda-49c2a81fffc6;72958cbe-6609-46c2-bbfa-ee4ab826ca12;1;Aerosols, radioactive, unspecified;emissions to air/low. pop.;;Aerosols, radioactive, unspecified;Elementary flows/Emission to air/low population density;;;;93a60a56-a3c8-17da-a746-0800200c9a66;Radioactivity;;kBq;e9773595-284e-46dd-9671-5fc9ff406833;kBq
054a5ada-9459-3290-9a22-5af3730d8cbe;fe0acd60-3ddc-11dd-aaa4-0050c2490048;1;Air;resources/in air;;Air;Elementary flows/Resource/in air;;;;93a60a56-a3c8-11da-a746-0800200b9a66;Mass;;kg;20aadc24-a391-41cf-b340-3e4529f44bde;kg
40577ee9-5cc4-3b0a-b4cd-f8eda5f9fb7f;f809b5e9-ed1b-4117-8bc7-9acf883ec7f5;1;Alachlor;emissions to soil/agricultural;;Alachlor;Elementary flows/Emission to soil/agricultural;;;;93a60a56-a3c8-11da-a746-0800200b9a66;Mass;;kg;20aadc24-a391-41cf-b340-3e4529f44bde;kg
18b601c4-24f0-399e-af2d-c04875cac949;7906d330-8adb-4fc9-9266-24139fdda106;1;Alachlor;emissions to water/river;;Alachlor;Elementary flows/Emission to water/fresh water;;;;93a60a56-a3c8-11da-a746-0800200b9a66;Mass;;kg;20aadc24-a391-41cf-b340-3e4529f44bde;kg
22d1de3f-3d52-3dea-86e5-6740fce12754;d961f86b-e36b-4ac6-8cd4-b253e496de79;1;Aldehydes, unspecified;emissions to air/high. pop.;;Aldehydes, unspecified;Elementary flows/Emission to air/high population density;;;;93a60a56-a3c8-11da-a746-0800200b9a66;Mass;;kg;20aadc24-a391-41cf-b340-3e4529f44bde;kg
e5e2bf15-a402-34a2-826e-80136708e2fe;ba1a3dcb-d53a-42fd-80f0-d09f3a12ffe2;1;Aldehydes, unspecified;emissions to air/low. pop.;;Aldehydes, unspecified;Elementary flows/Emission to air/low population density;;;;93a60a56-a3c8-11da-a746-0800200b9a66;Mass;;kg;20aadc24-a391-41cf-b340-3e4529f44bde;kg
5b7c61bc-5c2e-3aff-9c45-3cfaf9aa4a7d;06f0a67c-ec68-435d-8c32-0decd79a4a1a;1;Aldehydes, unspecified;emissions to air/unspecified;;Aldehydes, unspecified;Elementary flows/Emission to air/unspecified;;;;93a60a56-a3c8-11da-a746-0800200b9a66;Mass;;kg;20aadc24-a391-41cf-b340-3e4529f44bde;kg
cc5d232f-b91c-3b0e-9a4b-6be8aa686fdc;fbe48c6a-321d-44ae-8883-b6fa4e0f4e77;1;Aldicarb;emissions to soil/agricultural;;Aldicarb;Elementary flows/Emission to soil/agricultural;;;;93a60a56-a3c8-11da-a746-0800200b9a66;Mass;;kg;20aadc24-a391-41cf-b340-3e4529f44bde;kg
c7d2d477-d6c8-333b-893c-6d7ff73304d1;594fdc19-25cd-4c22-b3f3-58b1f2f42965;1;Aldrin;emissions to soil/agricultural;;Aldrin;Elementary flows/Emission to soil/agricultural;;;;93a60a56-a3c8-11da-a746-0800200b9a66;Mass;;kg;20aadc24-a391-41cf-b340-3e4529f44bde;kg
517a4837-4303-3e7b-993c-b0e1a21ff129;6f0b8b7c-3888-4174-b7e3-916d42d678ee;1;Aluminium;emissions to air/high. pop.;;Aluminium III;Elementary flows/Emission to air/high population density;;;;93a60a56-a3c8-11da-a746-0800200b9a66;Mass;;kg;20aadc24-a391-41cf-b340-3e4529f44bde;kg
765de1a6-4caf-3cbb-8c04-7930b26828aa;9c3bd678-1b2f-4b95-a245-d5c8a3fe326b;1;Aluminium;emissions to air/low. pop.;;Aluminium III;Elementary flows/Emission to air/low population density;;;;93a60a56-a3c8-11da-a746-0800200b9a66;Mass;;kg;20aadc24-a391-41cf-b340-3e4529f44bde;kg
aa0599d5-73e9-31e4-9011-69c0414322f3;46e63323-cffd-4c46-829b-5f006b50fa9b;1;Aluminium;emissions to air/low. pop., long-term;;Aluminium III;Elementary flows/Emission to air/low population density, long-term;;;;93a60a56-a3c8-11da-a746-0800200b9a66;Mass;;kg;20aadc24-a391-41cf-b340-3e4529f44bde;kg
f86953bc-d94f-3900-a819-a13c337b5fff;ff65658c-2d39-44a2-b23e-7ec3c644f064;1;Aluminium;emissions to air/unspecified;;Aluminium III;Elementary flows/Emission to air/unspecified;;;;93a60a56-a3c8-11da-a746-0800200b9a66;Mass;;kg;20aadc24-a391-41cf-b340-3e4529f44bde;kg
635eff68-d6bd-36ce-9b11-7d3a397d1afc;2baa4381-b781-4f5e-90de-508b0fa3fd1f;1;Aluminium;emissions to soil/agricultural;;Aluminium III;Elementary flows/Emission to soil/agricultural;;;;93a60a56-a3c8-11da-a746-0800200b9a66;Mass;;kg;20aadc24-a391-41cf-b340-3e4529f44bde;kg
0c619147-4b54-32ae-a2b5-f65d532c2f64;765546a9-b056-4d27-ad14-2f016511bdcb;1;Aluminium;emissions to soil/industrial;;Aluminium III;Elementary flows/Emission to soil/industrial;;;;93a60a56-a3c8-11da-a746-0800200b9a66;Mass;;kg;20aadc24-a391-41cf-b340-3e4529f44bde;kg
ce8b508f-6732-3e37-a2b1-307ec090cb66;e0401210-0377-4670-84af-12247ca20bed;1;Aluminium;emissions to soil/unspecified;;Aluminium III;Elementary flows/Emission to soil/unspecified;;;;93a60a56-a3c8-11da-a746-0800200b9a66;Mass;;kg;20aadc24-a391-41cf-b340-3e4529f44bde;kg
aeb37f90-e8b4-30a6-b61a-6468c5c0f564;2e0c9efa-d55c-49db-8be3-0376d5921ff4;1;Aluminium;emissions to water/groundwater;;Aluminium III;Elementary flows/Emission to water/ground water;;;;93a60a56-a3c8-11da-a746-0800200b9a66;Mass;;kg;20aadc24-a391-41cf-b340-3e4529f44bde;kg
ad888d13-78ce-3586-ad34-608932469bdf;01056d4b-f9b0-4dfc-b8d9-8407c8376efb;1;Aluminium;emissions to water/groundwater, long-term;;Aluminium III;Elementary flows/Emission to water/ground water, long-term;;;;93a60a56-a3c8-11da-a746-0800200b9a66;Mass;;kg;20aadc24-a391-41cf-b340-3e4529f44bde;kg
c282b973-e6e3-3157-ba2a-bb2c9a5a01e8;c3847064-fe28-4a8a-9ff1-d959b58c836c;1;Aluminium;emissions to water/lake;;Aluminium III;Elementary flows/Emission to water/lake;;;;93a60a56-a3c8-11da-a746-0800200b9a66;Mass;;kg;20aadc24-a391-41cf-b340-3e4529f44bde;kg
f120c4d5-6f75-3b3a-b2ae-110462f37796;0ace7678-a181-48e8-8728-d912a8b56c57;1;Aluminium;emissions to water/ocean;;Aluminium III;Elementary flows/Emission to water/ocean;;;;93a60a56-a3c8-11da-a746-0800200b9a66;Mass;;kg;20aadc24-a391-41cf-b340-3e4529f44bde;kg
ce418aac-07ed-339c-8399-f43a61c755ae;5fb7fbc0-e7d1-4be5-a194-ec5ef5fb4f64;1;Aluminium;emissions to water/river;;Aluminium III;Elementary flows/Emission to water/fresh water;;;;93a60a56-a3c8-11da-a746-0800200b9a66;Mass;;kg;20aadc24-a391-41cf-b340-3e4529f44bde;kg
f81a306b-2046-3602-a221-e69e9943c81c;7880e65c-0321-4295-ba55-3186ad36e489;1;Aluminium;emissions to water/unspecified;;Aluminium III;Elementary flows/Emission to water/unspecified;;;;93a60a56-a3c8-11da-a746-0800200b9a66;Mass;;kg;20aadc24-a391-41cf-b340-3e4529f44bde;kg
07f17b03-e5ac-3ea4-a921-61e1f0302076;a4b01216-5a08-4078-b5fd-16e437929eb9;1;Aluminium;resources/in ground;;Aluminium III;Elementary flows/Resource/in ground;;;;93a60a56-a3c8-11da-a746-0800200b9a66;Mass;;kg;20aadc24-a391-41cf-b340-3e4529f44bde;kg
c84201b4-3c4a-300f-bbe8-404d9ae094f6;e828b304-7a64-3e6f-aea4-fb3c9b2ae256;1;Aluminium, resource correction;resources/in ground;;Aluminium, resource correction;Elementary flows/Resource/unspecified;;;;93a60a56-a3c8-11da-a746-0800200b9a66;Mass;;kg;20aadc24-a391-41cf-b340-3e4529f44bde;kg
fc97ae0d-1d10-38fc-b4a6-e4267abd8547;e828b304-7a64-3e6f-aea4-fb3c9b2ae256;1;Aluminium, resource correction;resources/unspecified;;Aluminium, resource correction;Elementary flows/Resource/unspecified;;;;93a60a56-a3c8-11da-a746-0800200b9a66;Mass;;kg;20aadc24-a391-41cf-b340-3e4529f44bde;kg
2058f3c6-d09c-3d2b-b76b-3c58c4483d2a;d601cd0a-c599-42b7-8ea3-1fe741760e3d;1;Americium-241;emissions to water/river;;Americium-241;Elementary flows/Emission to water/fresh water;;;;93a60a56-a3c8-17da-a746-0800200c9a66;Radioactivity;;kBq;e9773595-284e-46dd-9671-5fc9ff406833;kBq
4a109f3e-b777-3b67-8be4-2794cfc13a50;bd601c88-f05e-436a-b4ab-5b3d4fb29882;1;Americium-241;emissions to water/unspecified;;Americium-241;Elementary flows/Emission to water/unspecified;;;;93a60a56-a3c8-17da-a746-0800200c9a66;Radioactivity;;kBq;e9773595-284e-46dd-9671-5fc9ff406833;kBq
18dd6cfc-4386-3b3f-8f2a-5bf6f9a301e3;feb606a8-c259-4169-9652-6b38467739f7;1;Amidosulfuron;emissions to soil/agricultural;;Amidosulfuron;Elementary flows/Emission to soil/agricultural;;;;93a60a56-a3c8-11da-a746-0800200b9a66;Mass;;kg;20aadc24-a391-41cf-b340-3e4529f44bde;kg
2c84ee0d-9de1-38a1-99d7-464b680b1f16;9990b51b-7023-4700-bca0-1a32ef921f74;1;Ammonia;emissions to air/high. pop.;;Ammonia;Elementary flows/Emission to air/high population density;;;;93a60a56-a3c8-11da-a746-0800200b9a66;Mass;;kg;20aadc24-a391-41cf-b340-3e4529f44bde;kg
4012de07-2bcf-39e0-9357-6af8a3790e31;0f440cc0-0f74-446d-99d6-8ff0e97a2444;1;Ammonia;emissions to air/low. pop.;;Ammonia;Elementary flows/Emission to air/low population density;;;;93a60a56-a3c8-11da-a746-0800200b9a66;Mass;;kg;20aadc24-a391-41cf-b340-3e4529f44bde;kg
93da977c-b22a-3796-b9fe-b3fae92f5fea;87883a4e-1e3e-4c9d-90c0-f1bea36f8014;1;Ammonia;emissions to air/unspecified;;Ammonia;Elementary flows/Emission to air/unspecified;;;;93a60a56-a3c8-11da-a746-0800200b9a66;Mass;;kg;20aadc24-a391-41cf-b340-3e4529f44bde;kg
3c88eb02-2ad4-3100-9d57-bbe5fa78ebc9;b9660786-7a4e-408f-9474-f58877b329a6;1;Ammonia;emissions to soil/industrial;;Ammonia;Elementary flows/Emission to soil/industrial;;;;93a60a56-a3c8-11da-a746-0800200b9a66;Mass;;kg;20aadc24-a391-41cf-b340-3e4529f44bde;kg
800ccc59-7d44-313d-9820-cf6e0b9e7daa;fb005c47-7b90-41f3-a5ca-f0eb11db354a;1;Ammonium;emissions to water/unspecified;;Ammonium;Elementary flows/Emission to water/unspecified;;;;93a60a56-a3c8-11da-a746-0800200b9a66;Mass;;kg;20aadc24-a391-41cf-b340-3e4529f44bde;kg
e8d9f688-762a-3a9c-8ee1-d8b3a2707ac4;11f41c41-7733-49bc-b1b1-1f00fbade521;1;Ammonium carbonate;emissions to air/high. pop.;;Ammonium carbonate;Elementary flows/Emission to air/high population density;;;;93a60a56-a3c8-11da-a746-0800200b9a66;Mass;;kg;20aadc24-a391-41cf-b340-3e4529f44bde;kg
e2c9b4ea-fbfa-3521-868a-d43be56946bc;736f52e8-9703-4076-8909-7ae80a7f8005;1;Ammonium, ion;emissions to water/groundwater;;Ammonium;Elementary flows/Emission to water/ground water;;;;93a60a56-a3c8-11da-a746-0800200b9a66;Mass;;kg;20aadc24-a391-41cf-b340-3e4529f44bde;kg
33437748-572c-344b-bc2d-2db7bce0efac;130cedc6-f6ed-4f1b-bd1e-881177f79e74;1;Ammonium, ion;emissions to water/groundwater, long-term;;Ammonium;Elementary flows/Emission to water/ground water, long-term;;;;93a60a56-a3c8-11da-a746-0800200b9a66;Mass;;kg;20aadc24-a391-41cf-b340-3e4529f44bde;kg
fdffb37f-8cdb-3e5e-8a2b-1339a1184e82;59e8b3a7-3862-4388-905a-73b35b93c6d4;1;Ammonium, ion;emissions to water/lake;;Ammonium;Elementary flows/Emission to water/lake;;;;93a60a56-a3c8-11da-a746-0800200b9a66;Mass;;kg;20aadc24-a391-41cf-b340-3e4529f44bde;kg
b28b80eb-6135-380c-9b71-addca6647c11;bc069d24-fbbd-4c05-8b6e-4089dc8249ae;1;Ammonium, ion;emissions to water/ocean;;Ammonium;Elementary flows/Emission to water/ocean;;;;93a60a56-a3c8-11da-a746-0800200b9a66;Mass;;kg;20aadc24-a391-41cf-b340-3e4529f44bde;kg
13b41085-5c19-3e8d-9fb7-e01f6742a620;26fd0df4-74ca-4144-b632-6e6f5f6d07b1;1;Ammonium, ion;emissions to water/river;;Ammonium;Elementary flows/Emission to water/fresh water;;;;93a60a56-a3c8-11da-a746-0800200b9a66;Mass;;kg;20aadc24-a391-41cf-b340-3e4529f44bde;kg
e015ec87-4ffc-3065-a276-293fe61291b3;fb005c47-7b90-41f3-a5ca-f0eb11db354a;1;Ammonium, ion;emissions to water/unspecified;;Ammonium;Elementary flows/Emission to water/unspecified;;;;93a60a56-a3c8-11da-a746-0800200b9a66;Mass;;kg;20aadc24-a391-41cf-b340-3e4529f44bde;kg
5f03aea7-2933-32b5-91d1-5024e1cb8534;6df9ea09-115a-4678-9f30-d92c877a46ec;1;Anhydrite;resources/in ground;;Anhydrite;Elementary flows/Resource/in ground;;;;93a60a56-a3c8-11da-a746-0800200b9a66;Mass;;kg;20aadc24-a391-41cf-b340-3e4529f44bde;kg
c047956b-7662-3255-9333-937eb55e10a2;79def65c-bd77-4fb2-a1df-f4dba98ada8f;1;Aniline;emissions to air/high. pop.;;Aniline;Elementary flows/Emission to air/high population density;;;;93a60a56-a3c8-11da-a746-0800200b9a66;Mass;;kg;20aadc24-a391-41cf-b340-3e4529f44bde;kg
579765b9-5275-3b95-b8ed-86045df87679;b07f7b3c-74ae-4de8-89dd-12d028cbcbdf;1;Aniline;emissions to water/river;;Aniline;Elementary flows/Emission to water/fresh water;;;;93a60a56-a3c8-11da-a746-0800200b9a66;Mass;;kg;20aadc24-a391-41cf-b340-3e4529f44bde;kg
ada4718a-3a92-3cd2-84a4-41ee7cd9b2a8;2daf7c02-8920-455a-8cab-b45116a69675;1;Anthracene;emissions to air/high. pop.;;Anthracene;Elementary flows/Emission to air/high population density;;;;93a60a56-a3c8-11da-a746-0800200b9a66;Mass;;kg;20aadc24-a391-41cf-b340-3e4529f44bde;kg
e8c0bf1d-b7fe-3aac-977b-ce25191f3fcc;fc840c3f-dbcd-4175-9bc2-7fba64501e39;1;Anthracene;emissions to air/unspecified;;Anthracene;Elementary flows/Emission to air/unspecified;;;;93a60a56-a3c8-11da-a746-0800200b9a66;Mass;;kg;20aadc24-a391-41cf-b340-3e4529f44bde;kg
1f36c810-f58e-3dca-aa10-5be6ca3add99;b4c2f1fd-079a-4afc-8acb-67d1c4465c00;1;Anthracene;emissions to water/ocean;;Anthracene;Elementary flows/Emission to water/ocean;;;;93a60a56-a3c8-11da-a746-0800200b9a66;Mass;;kg;20aadc24-a391-41cf-b340-3e4529f44bde;kg
8d3143e0-fbf7-35e0-a513-85e8a460d3b3;1ec50b9b-a7c3-4c2a-ac48-91600c498507;1;Anthracene;emissions to water/river;;Anthracene;Elementary flows/Emission to water/fresh water;;;;93a60a56-a3c8-11da-a746-0800200b9a66;Mass;;kg;20aadc24-a391-41cf-b340-3e4529f44bde;kg
fcdb7863-d88e-3547-9e73-b61d08d65b97;48adac6a-94d3-4a65-901b-e60824c01a65;1;Anthranilic acid;emissions to air/high. pop.;;Anthranilic acid;Elementary flows/Emission to air/high population density;;;;93a60a56-a3c8-11da-a746-0800200b9a66;Mass;;kg;20aadc24-a391-41cf-b340-3e4529f44bde;kg
f7700a38-329e-3f8c-82bf-6f00e10ee1db;3fe03409-76e1-4228-8fd7-77c4c6a0d9f3;1;Anthraquinone;emissions to soil/agricultural;;Anthraquinone;Elementary flows/Emission to soil/agricultural;;;;93a60a56-a3c8-11da-a746-0800200b9a66;Mass;;kg;20aadc24-a391-41cf-b340-3e4529f44bde;kg
64f48bf9-ecd2-3396-a89e-5fb3ffebedeb;3ea5684a-6d64-4f96-8c09-1d90f997c9d4;1;Antimony;emissions to air/high. pop.;;Antimony ion;Elementary flows/Emission to air/high population density;;;;93a60a56-a3c8-11da-a746-0800200b9a66;Mass;;kg;20aadc24-a391-41cf-b340-3e4529f44bde;kg
ced3b1b2-2892-340e-a79d-d9ee1372dd2f;43b29ad9-26dd-4838-b931-6216e55a0120;1;Antimony;emissions to air/low. pop.;;Antimony ion;Elementary flows/Emission to air/low population density;;;;93a60a56-a3c8-11da-a746-0800200b9a66;Mass;;kg;20aadc24-a391-41cf-b340-3e4529f44bde;kg
6109dae4-cf57-3cba-b177-41bfa063ebb1;fa39136e-1ef6-43c1-af68-104da104568d;1;Antimony;emissions to air/low. pop., long-term;;Antimony ion;Elementary flows/Emission to air/low population density, long-term;;;;93a60a56-a3c8-11da-a746-0800200b9a66;Mass;;kg;20aadc24-a391-41cf-b340-3e4529f44bde;kg
7d75bfb9-01b6-365a-82fb-6797bdf90555;77927dac-dea3-429d-a434-d5a71d92c4f7;1;Antimony;emissions to air/unspecified;;Antimony ion;Elementary flows/Emission to air/unspecified;;;;93a60a56-a3c8-11da-a746-0800200b9a66;Mass;;kg;20aadc24-a391-41cf-b340-3e4529f44bde;kg
c64b4e0d-7d6a-32c3-b779-ef75dce488b2;f4cf8d5c-f030-4b55-a3af-e3c20b855ee8;1;Antimony;emissions to soil/agricultural;;Antimony ion;Elementary flows/Emission to soil/agricultural;;;;93a60a56-a3c8-11da-a746-0800200b9a66;Mass;;kg;20aadc24-a391-41cf-b340-3e4529f44bde;kg
8f4a5141-fbaa-3a6f-94d1-81734d3a1ea1;2b2369a4-26bb-4b18-8479-752fdf7a5e7f;1;Antimony;emissions to soil/industrial;;Antimony ion;Elementary flows/Emission to soil/industrial;;;;93a60a56-a3c8-11da-a746-0800200b9a66;Mass;;kg;20aadc24-a391-41cf-b340-3e4529f44bde;kg
9029947d-ae0b-3b95-bfba-801b586784ef;c49fb4cd-eed0-4438-9052-9612473cdbae;1;Antimony;emissions to soil/unspecified;;Antimony ion;Elementary flows/Emission to soil/unspecified;;;;93a60a56-a3c8-11da-a746-0800200b9a66;Mass;;kg;20aadc24-a391-41cf-b340-3e4529f44bde;kg
350784f8-adc7-31c5-9f6e-0c31066c887f;5df5cb9f-812c-4ce8-ab1c-df6ab4d31900;1;Antimony;emissions to water/groundwater;;Antimony ion;Elementary flows/Emission to water/ground water;;;;93a60a56-a3c8-11da-a746-0800200b9a66;Mass;;kg;20aadc24-a391-41cf-b340-3e4529f44bde;kg
d510e327-4c00-3305-8de4-2b1db583ae2a;83cf77ca-867b-4eef-b0f0-78d71b3d91d5;1;Antimony;emissions to water/groundwater, long-term;;Antimony ion;Elementary flows/Emission to water/ground water, long-term;;;;93a60a56-a3c8-11da-a746-0800200b9a66;Mass;;kg;20aadc24-a391-41cf-b340-3e4529f44bde;kg
a6ffa57a-6321-3390-baae-6c4153692635;f5aa8364-8feb-4e1b-a9d0-2ceffa388306;1;Antimony;emissions to water/river;;Antimony ion;Elementary flows/Emission to water/fresh water;;;;93a60a56-a3c8-11da-a746-0800200b9a66;Mass;;kg;20aadc24-a391-41cf-b340-3e4529f44bde;kg
8f111405-c831-3e62-945b-f9bbe555a2cf;b2dc8668-86de-4207-b20e-dc81dea63c98;1;Antimony;emissions to water/unspecified;;Antimony ion;Elementary flows/Emission to water/unspecified;;;;93a60a56-a3c8-11da-a746-0800200b9a66;Mass;;kg;20aadc24-a391-41cf-b340-3e4529f44bde;kg
0b07c1f2-ea0e-3748-8651-fb0db1287cf9;47262180-8308-5d4c-9332-c77617e032ef;1;Antimony;resources/in ground;;Antimony;Elementary flows/Resource/in ground;;;;93a60a56-a3c8-11da-a746-0800200b9a66;Mass;;kg;20aadc24-a391-41cf-b340-3e4529f44bde;kg
c57f7f63-ebc3-3e31-969c-a04069ed12ed;5c118626-2a29-4696-bb91-91f0349fc0b4;1;Antimony-122;emissions to water/river;;Antimony-122;Elementary flows/Emission to water/fresh water;;;;93a60a56-a3c8-17da-a746-0800200c9a66;Radioactivity;;kBq;e9773595-284e-46dd-9671-5fc9ff406833;kBq
b695efac-c965-32aa-a5ac-6e855666744c;7567e592-ecfa-467b-9f11-19f11786505b;1;Antimony-124;emissions to air/low. pop.;;Antimony-124;Elementary flows/Emission to air/low population density;;;;93a60a56-a3c8-17da-a746-0800200c9a66;Radioactivity;;kBq;e9773595-284e-46dd-9671-5fc9ff406833;kBq
39f12d10-5bc5-317a-8120-32fe60343cb0;8cd82962-d90f-409a-b3c1-961d5365d338;1;Antimony-124;emissions to air/unspecified;;Antimony-124;Elementary flows/Emission to air/unspecified;;;;93a60a56-a3c8-17da-a746-0800200c9a66;Radioactivity;;kBq;e9773595-284e-46dd-9671-5fc9ff406833;kBq
28ac43ce-fd15-306a-9ad4-77548459e155;f68f00b8-2057-476e-88c8-1d92b5af0889;1;Antimony-124;emissions to water/river;;Antimony-124;Elementary flows/Emission to water/fresh water;;;;93a60a56-a3c8-17da-a746-0800200c9a66;Radioactivity;;kBq;e9773595-284e-46dd-9671-5fc9ff406833;kBq
3889945b-00c9-3add-8ef6-6a582c6ca4b5;64f81516-52e1-4ce6-a22c-84d3f7cc9a53;1;Antimony-124;emissions to water/unspecified;;Antimony-124;Elementary flows/Emission to water/unspecified;;;;93a60a56-a3c8-17da-a746-0800200c9a66;Radioactivity;;kBq;e9773595-284e-46dd-9671-5fc9ff406833;kBq
75c030b1-ea06-3ead-91f4-349fbdcbb552;51f80fcc-8eb0-4912-afbd-e9b9861e45a4;1;Antimony-125;emissions to air/low. pop.;;Antimony-125;Elementary flows/Emission to air/low population density;;;;93a60a56-a3c8-17da-a746-0800200c9a66;Radioactivity;;kBq;e9773595-284e-46dd-9671-5fc9ff406833;kBq
c1e17296-b14e-3181-b939-73db622751bd;10ec2732-3828-4232-914e-941c38bdd08b;1;Antimony-125;emissions to water/river;;Antimony-125;Elementary flows/Emission to water/fresh water;;;;93a60a56-a3c8-17da-a746-0800200c9a66;Radioactivity;;kBq;e9773595-284e-46dd-9671-5fc9ff406833;kBq
145e1522-9e80-3f55-911d-0825ead5a4b5;fa194dc5-ad5d-4c1e-a8f4-9fedba38fe8d;1;Antimony-125;emissions to water/unspecified;;Antimony-125;Elementary flows/Emission to water/unspecified;;;;93a60a56-a3c8-17da-a746-0800200c9a66;Radioactivity;;kBq;e9773595-284e-46dd-9671-5fc9ff406833;kBq
68cc5534-d210-3421-9785-d46c86e315e1;46e6f5f7-6541-494f-a9bb-66918fb5d592;1;AOX, Adsorbable Organic Halogen as Cl;emissions to water/ocean;;AOX, Adsorbable Organic Halides;Elementary flows/Emission to water/ocean;;;;93a60a56-a3c8-11da-a746-0800200b9a66;Mass;;kg;20aadc24-a391-41cf-b340-3e4529f44bde;kg
12da233b-663f-3b69-af05-772ff0c15a92;e395a1a3-6915-4b72-a533-ff1a82fc3da1;1;AOX, Adsorbable Organic Halogen as Cl;emissions to water/river;;AOX, Adsorbable Organic Halides;Elementary flows/Emission to water/surface water;;;;93a60a56-a3c8-11da-a746-0800200b9a66;Mass;;kg;20aadc24-a391-41cf-b340-3e4529f44bde;kg
001c1f7f-6be4-3af9-b6f4-39601d475690;a4f6341b-1762-4222-9024-bfd91f63588f;1;AOX, Adsorbable Organic Halogen as Cl;emissions to water/unspecified;;AOX, Adsorbable Organic Halides;Elementary flows/Emission to water/unspecified;;;;93a60a56-a3c8-11da-a746-0800200b9a66;Mass;;kg;20aadc24-a391-41cf-b340-3e4529f44bde;kg
6e10bbe4-a085-39f2-ae83-31095bc4299d;fe0acd60-3ddc-11dd-a350-0050c2490048;1;Argon;emissions to air/unspecified;;Argon;Elementary flows/Emission to air/unspecified;;;;93a60a56-a3c8-11da-a746-0800200b9a66;Mass;;kg;20aadc24-a391-41cf-b340-3e4529f44bde;kg
b1e7fabe-bc47-3efb-96b9-e744646152b2;091d8157-f865-4858-8ceb-0a49ac84614b;1;Argon-41;emissions to air/low. pop.;;Argon-41;Elementary flows/Emission to air/low population density;;;;93a60a56-a3c8-17da-a746-0800200c9a66;Radioactivity;;kBq;e9773595-284e-46dd-9671-5fc9ff406833;kBq
765c30b1-7782-3059-a5e6-fb0830945ce8;e7edd471-6c72-42b0-8c2b-8dc9f1959c63;1;Argon-41;emissions to air/unspecified;;Argon-41;Elementary flows/Emission to air/unspecified;;;;93a60a56-a3c8-17da-a746-0800200c9a66;Radioactivity;;kBq;e9773595-284e-46dd-9671-5fc9ff406833;kBq
9bf1629e-b8c8-3fe9-b262-11691f1cfd5b;f4d0a2c8-efef-4188-85da-5801097389a2;1;Arsenic;emissions to air/high. pop.;;Arsenic ion;Elementary flows/Emission to air/high population density;;;;93a60a56-a3c8-11da-a746-0800200b9a66;Mass;;kg;20aadc24-a391-41cf-b340-3e4529f44bde;kg
702a9a8a-9a58-3751-9de4-f375d5bb7d4e;7348af7c-e102-4a03-a0df-efce16469eed;1;Arsenic;emissions to air/low. pop.;;Arsenic ion;Elementary flows/Emission to air/low population density;;;;93a60a56-a3c8-11da-a746-0800200b9a66;Mass;;kg;20aadc24-a391-41cf-b340-3e4529f44bde;kg
ef6b0930-ca1d-3440-a127-2dea0d6d81a7;ed751c30-a896-44f3-9a83-2a5328dde94d;1;Arsenic;emissions to air/low. pop., long-term;;Arsenic ion;Elementary flows/Emission to air/low population density, long-term;;;;93a60a56-a3c8-11da-a746-0800200b9a66;Mass;;kg;20aadc24-a391-41cf-b340-3e4529f44bde;kg
7580ab48-5505-34c4-8d0f-b4185ce39532;dc6dbdaa-9f13-43a8-8af5-6603688c6ad0;1;Arsenic;emissions to air/unspecified;;Arsenic ion;Elementary flows/Emission to air/unspecified;;;;93a60a56-a3c8-11da-a746-0800200b9a66;Mass;;kg;20aadc24-a391-41cf-b340-3e4529f44bde;kg
fa2b7f59-c2f8-3586-9f1b-9c1673cdc808;dc6dbdaa-9f13-43a8-8af5-6603688c6ad0;1;Arsenic, ion;emissions to air/unspecified;;Arsenic ion;Elementary flows/Emission to air/unspecified;;;;93a60a56-a3c8-11da-a746-0800200b9a66;Mass;;kg;20aadc24-a391-41cf-b340-3e4529f44bde;kg
53cc9bc5-c674-3988-acff-59298a5bc8d3;cef77e08-b1c6-4893-a8eb-be2ada072c7a;1;Arsenic;emissions to soil/agricultural;;Arsenic ion;Elementary flows/Emission to soil/agricultural;;;;93a60a56-a3c8-11da-a746-0800200b9a66;Mass;;kg;20aadc24-a391-41cf-b340-3e4529f44bde;kg
e8d7a841-a0b6-31a3-95e8-745ed9874e7b;0e907e32-c2f3-4cd6-a7e6-64363f82d635;1;Arsenic;emissions to soil/industrial;;Arsenic ion;Elementary flows/Emission to soil/industrial;;;;93a60a56-a3c8-11da-a746-0800200b9a66;Mass;;kg;20aadc24-a391-41cf-b340-3e4529f44bde;kg
5f710aaf-20eb-3000-8a70-4ed0e81b3908;fc84887d-158e-4067-80dc-9743165bd70d;1;Arsenic;emissions to soil/unspecified;;Arsenic ion;Elementary flows/Emission to soil/unspecified;;;;93a60a56-a3c8-11da-a746-0800200b9a66;Mass;;kg;20aadc24-a391-41cf-b340-3e4529f44bde;kg
f937fe54-4a05-3ab7-bd2d-861c788fed19;78443a3c-a25a-47bc-a1a1-48d2a57e04df;1;Arsenic;emissions to water/river;;Arsenic ion;Elementary flows/Emission to water/fresh water;;;;93a60a56-a3c8-11da-a746-0800200b9a66;Mass;;kg;20aadc24-a391-41cf-b340-3e4529f44bde;kg
3a42d33e-6e60-3cc8-a78e-17ff2352a916;1f607ae2-b42d-4411-90b8-e9bbac66a554;1;Arsenic;emissions to water/groundwater;;Arsenic ion;Elementary flows/Emission to water/ground water;;;;93a60a56-a3c8-11da-a746-0800200b9a66;Mass;;kg;20aadc24-a391-41cf-b340-3e4529f44bde;kg
3e0385d0-57b0-3d6e-bb33-16d655233067;e60edb16-3c74-415b-9aff-a22a6f49fecb;1;Arsenic;emissions to water/groundwater, long-term;;Arsenic ion;Elementary flows/Emission to water/ground water, long-term;;;;93a60a56-a3c8-11da-a746-0800200b9a66;Mass;;kg;20aadc24-a391-41cf-b340-3e4529f44bde;kg
3b083f27-6cf5-3c81-b869-74b2ca842a2f;c0f8b131-19e5-4787-9c2d-142378b08c2a;1;Arsenic;emissions to water/lake;;Arsenic ion;Elementary flows/Emission to water/lake;;;;93a60a56-a3c8-11da-a746-0800200b9a66;Mass;;kg;20aadc24-a391-41cf-b340-3e4529f44bde;kg
602f2234-c811-3b21-9176-92423200f60b;d70b4182-d633-4178-84c0-8854f5f6594b;1;Arsenic;emissions to water/ocean;;Arsenic ion;Elementary flows/Emission to water/ocean;;;;93a60a56-a3c8-11da-a746-0800200b9a66;Mass;;kg;20aadc24-a391-41cf-b340-3e4529f44bde;kg
4b00bc57-a4ed-39bf-b4e9-6070ee45311f;08a91e70-3ddc-11dd-97d8-0050c2490048;1;Arsenic trioxide;emissions to air/unspecified;;Arsenic trioxide;Elementary flows/Emission to air/unspecified;;;;93a60a56-a3c8-11da-a746-0800200b9a66;Mass;;kg;20aadc24-a391-41cf-b340-3e4529f44bde;kg
03d4e6a5-a0a3-3af3-8623-2c32a7fd04f9;75deed5b-c78a-33e5-b4c3-f5850f833ac1;1;Arsenic V;emissions to soil/industrial;;Arsenic V;Elementary flows/Emission to soil/industrial;;;;93a60a56-a3c8-11da-a746-0800200b9a66;Mass;;kg;20aadc24-a391-41cf-b340-3e4529f44bde;kg
cc6b7a67-b1c2-3f5e-ba83-97ea651b3d76;8a377f10-d147-41ff-b9ef-53fad50245ce;1;Arsenic;emissions to water/unspecified;;Arsenic ion;Elementary flows/Emission to water/unspecified;;;;93a60a56-a3c8-11da-a746-0800200b9a66;Mass;;kg;20aadc24-a391-41cf-b340-3e4529f44bde;kg
504ff1b1-ce76-3013-bda0-f1a528f3e220;fd9a5a38-992d-4c53-9b0f-16a69d37fb54;1;Arsine;emissions to air/high. pop.;;Arsine;Elementary flows/Emission to air/high population density;;;;93a60a56-a3c8-11da-a746-0800200b9a66;Mass;;kg;20aadc24-a391-41cf-b340-3e4529f44bde;kg
97a05059-b21a-30f7-a73a-27a71b8e6279;aeae7594-af69-46d2-9965-8c235b5c3fe3;1;Arsine;emissions to air/unspecified;;Arsine;Elementary flows/Emission to air/unspecified;;;;93a60a56-a3c8-11da-a746-0800200b9a66;Mass;;kg;20aadc24-a391-41cf-b340-3e4529f44bde;kg
a55b2df1-5a08-301c-8c57-9d83245e5a61;042de84f-261d-4e29-bb7d-f43601cc2c7d;1;Asulam;emissions to soil/agricultural;;Asulam;Elementary flows/Emission to soil/agricultural;;;;93a60a56-a3c8-11da-a746-0800200b9a66;Mass;;kg;20aadc24-a391-41cf-b340-3e4529f44bde;kg
4d00861b-20b9-3865-85c2-b77f8e1ab527;e794472e-5ee2-4f30-8522-deadba411a79;1;Atrazine;emissions to air/unspecified;;Atrazine;Elementary flows/Emission to air/unspecified;;;;93a60a56-a3c8-11da-a746-0800200b9a66;Mass;;kg;20aadc24-a391-41cf-b340-3e4529f44bde;kg
fe0a646f-09ed-3425-935d-f4645745413c;efd3798a-ff6b-46ef-b408-0e74d80548cc;1;Atrazine;emissions to soil/agricultural;;Atrazine;Elementary flows/Emission to soil/agricultural;;;;93a60a56-a3c8-11da-a746-0800200b9a66;Mass;;kg;20aadc24-a391-41cf-b340-3e4529f44bde;kg
87b2a8ae-d5a1-3e20-b70a-e0773749df51;6d495a70-a591-4878-bb30-33290b66191b;1;Atrazine;emissions to water/river;;Atrazine;Elementary flows/Emission to water/fresh water;;;;93a60a56-a3c8-11da-a746-0800200b9a66;Mass;;kg;20aadc24-a391-41cf-b340-3e4529f44bde;kg
67468650-6b96-3574-9048-228aaae88b88;92463ad3-a892-3de2-be70-af64b8dd2047;1;Azadirachtin A+B;emissions to soil/agricultural;;Azadirachtin A+B;Elementary flows/Emission to soil/agricultural;;;;93a60a56-a3c8-11da-a746-0800200b9a66;Mass;;kg;20aadc24-a391-41cf-b340-3e4529f44bde;kg
fbbb816f-4d6e-3026-bcd8-a8a1e36856b8;c10f1360-e1dc-44fa-8c2d-00bdd8524724;1;Azinphos-methyl;emissions to soil/agricultural;;Azinphos-methyl;Elementary flows/Emission to soil/agricultural;;;;93a60a56-a3c8-11da-a746-0800200b9a66;Mass;;kg;20aadc24-a391-41cf-b340-3e4529f44bde;kg
61c2d1fe-faf7-35aa-ac89-e6a0694feffc;e69b028e-e549-4869-ae4a-b85ef8bcb7a9;1;Azoxystrobin;emissions to soil/agricultural;;Azoxystrobin;Elementary flows/Emission to soil/agricultural;;;;93a60a56-a3c8-11da-a746-0800200b9a66;Mass;;kg;20aadc24-a391-41cf-b340-3e4529f44bde;kg
e54e0731-da57-3cfa-b43c-49a23e17d990;60ea7a31-8f27-46af-bfe5-66417f00088b;1;Barite;emissions to water/ocean;;Barite;Elementary flows/Emission to water/ocean;;;;93a60a56-a3c8-11da-a746-0800200b9a66;Mass;;kg;20aadc24-a391-41cf-b340-3e4529f44bde;kg
aa3b850e-fbc7-3eae-999b-9ccf59faa93a;08a91e70-3ddc-11dd-97f9-0050c2490048;1;Barite;resources/in ground;;Barite;Elementary flows/Resource/in ground;;;;93a60a56-a3c8-11da-a746-0800200b9a66;Mass;;kg;20aadc24-a391-41cf-b340-3e4529f44bde;kg
dcfd8b5f-d344-3c45-ae14-9d5d4b716931;5ffb3576-740f-41ba-814f-8538d83a4b3b;1;Barium;emissions to air/high. pop.;;Barium II;Elementary flows/Emission to air/high population density;;;;93a60a56-a3c8-11da-a746-0800200b9a66;Mass;;kg;20aadc24-a391-41cf-b340-3e4529f44bde;kg
e484157e-5a10-30bc-a239-fdc2ef69d547;24cf82f8-c517-4fef-8f93-17519adb855e;1;Barium;emissions to air/low. pop.;;Barium II;Elementary flows/Emission to air/low population density;;;;93a60a56-a3c8-11da-a746-0800200b9a66;Mass;;kg;20aadc24-a391-41cf-b340-3e4529f44bde;kg
bc897afe-9b6f-3081-b45b-3bea9712f0b7;cd5898ca-96ad-4038-b7ac-edf544d2800a;1;Barium;emissions to air/low. pop., long-term;;Barium II;Elementary flows/Emission to air/low population density, long-term;;;;93a60a56-a3c8-11da-a746-0800200b9a66;Mass;;kg;20aadc24-a391-41cf-b340-3e4529f44bde;kg
a0978b5f-3644-3266-8de7-d5e92c0c9f6d;7e246e3a-5cff-43fc-a8e6-02d191424559;1;Barium;emissions to air/unspecified;;Barium II;Elementary flows/Emission to air/unspecified;;;;93a60a56-a3c8-11da-a746-0800200b9a66;Mass;;kg;20aadc24-a391-41cf-b340-3e4529f44bde;kg
adc30258-573d-3fef-9910-db9c20c9caea;f8199e39-7354-44ad-92d8-6a2cc3bac24e;1;Barium;emissions to soil/agricultural;;Barium II;Elementary flows/Emission to soil/agricultural;;;;93a60a56-a3c8-11da-a746-0800200b9a66;Mass;;kg;20aadc24-a391-41cf-b340-3e4529f44bde;kg
338fcd40-a093-3fa4-b75f-c39ee8f55288;5719929a-8c5b-48cc-a039-b11a9f380467;1;Barium;emissions to soil/industrial;;Barium II;Elementary flows/Emission to soil/industrial;;;;93a60a56-a3c8-11da-a746-0800200b9a66;Mass;;kg;20aadc24-a391-41cf-b340-3e4529f44bde;kg
4e639635-8e15-3532-9fa5-b0798796f289;99cd88f6-16b7-4b28-895c-2f42101f634b;1;Barium;emissions to soil/unspecified;;Barium II;Elementary flows/Emission to soil/unspecified;;;;93a60a56-a3c8-11da-a746-0800200b9a66;Mass;;kg;20aadc24-a391-41cf-b340-3e4529f44bde;kg
97529d92-8734-3c46-88c4-aa355575387f;d68f41b3-6887-49a8-8efa-96812f8ec9f6;1;Barium;emissions to water/groundwater;;Barium II;Elementary flows/Emission to water/ground water;;;;93a60a56-a3c8-11da-a746-0800200b9a66;Mass;;kg;20aadc24-a391-41cf-b340-3e4529f44bde;kg
e58990fa-66e2-326a-b13a-a9fd273fb17a;3184c902-c587-4fd7-bd89-769d3cf30072;1;Barium;emissions to water/groundwater, long-term;;Barium II;Elementary flows/Emission to water/ground water, long-term;;;;93a60a56-a3c8-11da-a746-0800200b9a66;Mass;;kg;20aadc24-a391-41cf-b340-3e4529f44bde;kg
12572892-0a42-36e9-a9db-c436796d4709;521a04ff-177c-457a-9285-bbb6005b3135;1;Barium;emissions to water/lake;;Barium II;Elementary flows/Emission to water/lake;;;;93a60a56-a3c8-11da-a746-0800200b9a66;Mass;;kg;20aadc24-a391-41cf-b340-3e4529f44bde;kg
ffe21bda-7c40-3c97-a261-041b60b47d28;95ad40ec-c34b-49fc-a7dc-0e13172ac105;1;Barium;emissions to water/ocean;;Barium II;Elementary flows/Emission to water/ocean;;;;93a60a56-a3c8-11da-a746-0800200b9a66;Mass;;kg;20aadc24-a391-41cf-b340-3e4529f44bde;kg
3274f0a9-7409-3541-adf2-e9ce97679570;0ee08c3a-1553-4637-8f17-c486c115ef2b;1;Barium;emissions to water/river;;Barium II;Elementary flows/Emission to water/fresh water;;;;93a60a56-a3c8-11da-a746-0800200b9a66;Mass;;kg;20aadc24-a391-41cf-b340-3e4529f44bde;kg
8c7a5ecd-9a20-324b-a48b-3da5ecb29a0e;0e1c17ae-8144-4714-a7cd-786a5480f423;1;Barium;emissions to water/unspecified;;Barium II;Elementary flows/Emission to water/unspecified;;;;93a60a56-a3c8-11da-a746-0800200b9a66;Mass;;kg;20aadc24-a391-41cf-b340-3e4529f44bde;kg
2a524fe0-7d20-3dc9-839c-a18b9b4281c6;3f206533-f017-4d74-8a2d-e563af85d417;1;Barium-140;emissions to air/low. pop.;;Barium-140;Elementary flows/Emission to air/low population density;;;;93a60a56-a3c8-17da-a746-0800200c9a66;Radioactivity;;kBq;e9773595-284e-46dd-9671-5fc9ff406833;kBq
0599e658-7773-391a-9862-15f21fa8e85a;5dc90a86-a720-4177-a52a-75f43254936f;1;Barium-140;emissions to water/river;;Barium-140;Elementary flows/Emission to water/fresh water;;;;93a60a56-a3c8-17da-a746-0800200c9a66;Radioactivity;;kBq;e9773595-284e-46dd-9671-5fc9ff406833;kBq
91608898-d34d-36d5-a3ff-1cd3c1b0846c;4c8b42bd-8911-49ab-b937-f3679759cca6;1;Basalt;resources/biotic;;Basalt;Elementary flows/Resource/biotic;;;;93a60a56-a3c8-11da-a746-0800200b9a66;Mass;;kg;20aadc24-a391-41cf-b340-3e4529f44bde;kg
1fa64e0b-b6e9-3a2e-b497-508b3cf469a6;a6f520ba-97fe-411f-9a62-3338195595ee;1;Basalt;resources/in air;;Basalt;Elementary flows/Resource/in air;;;;93a60a56-a3c8-11da-a746-0800200b9a66;Mass;;kg;20aadc24-a391-41cf-b340-3e4529f44bde;kg
8688f94e-89ef-3d9d-8ca8-0be74f1f2c79;ac3a8914-35f0-4c34-a956-f26b3a053e4a;1;Basalt;resources/in ground;;Basalt;Elementary flows/Resource/in ground;;;;93a60a56-a3c8-11da-a746-0800200b9a66;Mass;;kg;20aadc24-a391-41cf-b340-3e4529f44bde;kg
e631608b-65f0-3ab7-967d-3d5e86339423;733b2c7c-60ef-4c1b-b9cb-c010e3fd2275;1;Bauxite;resources/in ground;;Bauxite;Elementary flows/Resource/in ground;;;;93a60a56-a3c8-11da-a746-0800200b9a66;Mass;;kg;20aadc24-a391-41cf-b340-3e4529f44bde;kg
2527c3b9-728c-357d-bb50-702e8b64619b;d2d7723b-a37f-4491-9406-c32a87d50f56;1;Benomyl;emissions to air/unspecified;;Benomyl;Elementary flows/Emission to air/unspecified;;;;93a60a56-a3c8-11da-a746-0800200b9a66;Mass;;kg;20aadc24-a391-41cf-b340-3e4529f44bde;kg
5b3fa11b-5547-34a6-94cf-cec2a2ab97d7;a25e7873-b0fd-46eb-81da-e49d84c2ac25;1;Benomyl;emissions to soil/agricultural;;Benomyl;Elementary flows/Emission to soil/agricultural;;;;93a60a56-a3c8-11da-a746-0800200b9a66;Mass;;kg;20aadc24-a391-41cf-b340-3e4529f44bde;kg
1379dce4-6a12-3912-8e51-0e1503965de5;41075347-53b4-40dc-a00e-5edf9f19cf09;1;Benomyl;emissions to water/river;;Benomyl;Elementary flows/Emission to water/fresh water;;;;93a60a56-a3c8-11da-a746-0800200b9a66;Mass;;kg;20aadc24-a391-41cf-b340-3e4529f44bde;kg
af588f7a-632c-363d-945d-9abbe285cd70;31b12a79-5555-4eb6-8cae-4b13b53ef8af;1;Bensulfuron methyl ester;emissions to soil/agricultural;;Bensulfuron methyl ester;Elementary flows/Emission to soil/agricultural;;;;93a60a56-a3c8-11da-a746-0800200b9a66;Mass;;kg;20aadc24-a391-41cf-b340-3e4529f44bde;kg
a566cd71-ade3-3ec8-b18e-7b4e413b6523;237ea455-6c82-4254-af86-9409df922094;1;Bentazone;emissions to soil/agricultural;;Bentazone;Elementary flows/Emission to soil/agricultural;;;;93a60a56-a3c8-11da-a746-0800200b9a66;Mass;;kg;20aadc24-a391-41cf-b340-3e4529f44bde;kg
90abef3a-5053-3d4d-b278-e6946b4cf51e;36b918a7-5b52-4853-812a-1f49c2366d89;1;Benzal chloride;emissions to air/high. pop.;;Benzal chloride;Elementary flows/Emission to air/high population density;;;;93a60a56-a3c8-11da-a746-0800200b9a66;Mass;;kg;20aadc24-a391-41cf-b340-3e4529f44bde;kg
fc207e18-f606-3529-bc59-dd4d28ff9801;a65f4744-f555-44cb-8534-aa5adc72d7a7;1;Benzal chloride;emissions to air/unspecified;;Benzal chloride;Elementary flows/Emission to air/unspecified;;;;93a60a56-a3c8-11da-a746-0800200b9a66;Mass;;kg;20aadc24-a391-41cf-b340-3e4529f44bde;kg
40183cc7-fb8b-3626-9868-30f339da32c8;844b46bc-6385-44c1-9026-ef87f1c28795;1;Benzal chloride;emissions to water/river;;Benzal chloride;Elementary flows/Emission to water/river;;;;93a60a56-a3c8-11da-a746-0800200b9a66;Mass;;kg;20aadc24-a391-41cf-b340-3e4529f44bde;kg
af77e7b5-f4cf-3bc5-8763-eda2e2944146;fe65f7e4-ee5b-4a6f-9d60-6c2f829dca3f;1;Benzaldehyde;emissions to air/high. pop.;;Benzaldehyde;Elementary flows/Emission to air/high population density;;;;93a60a56-a3c8-11da-a746-0800200b9a66;Mass;;kg;20aadc24-a391-41cf-b340-3e4529f44bde;kg
dc4aa8c6-dd18-311a-b702-2f79d47da47a;2813518d-c4a8-4a8d-9542-f1882ec27c1c;1;Benzaldehyde;emissions to air/low. pop.;;Benzaldehyde;Elementary flows/Emission to air/low population density;;;;93a60a56-a3c8-11da-a746-0800200b9a66;Mass;;kg;20aadc24-a391-41cf-b340-3e4529f44bde;kg
fb72750a-08ab-3e2f-a29f-1e04fe4d6323;10d26189-a688-4859-8aa9-525e058a07f0;1;Benzaldehyde;emissions to air/unspecified;;Benzaldehyde;Elementary flows/Emission to air/unspecified;;;;93a60a56-a3c8-11da-a746-0800200b9a66;Mass;;kg;20aadc24-a391-41cf-b340-3e4529f44bde;kg
bc1b5b30-7a4b-32cf-85a5-13d7306974b5;1bb6a502-3ff9-4a79-835c-5588b855f1f5;1;Benzene;emissions to air/high. pop.;;Benzene;Elementary flows/Emission to air/high population density;;;;93a60a56-a3c8-11da-a746-0800200b9a66;Mass;;kg;20aadc24-a391-41cf-b340-3e4529f44bde;kg
8216a550-d5f0-3606-9a19-7db8078f7963;5e883a00-04e6-4d96-8dce-12d7117c6635;1;Benzene;emissions to air/low. pop.;;Benzene;Elementary flows/Emission to air/low population density;;;;93a60a56-a3c8-11da-a746-0800200b9a66;Mass;;kg;20aadc24-a391-41cf-b340-3e4529f44bde;kg
1b95c573-2a15-36a0-9f90-8010e1dfad05;eb15dd66-43ee-4161-ac90-2cd6d19ca72d;1;Benzene;emissions to air/stratosphere + troposphere;;Benzene;Elementary flows/Emission to air/lower stratosphere + upper troposphere;;;;93a60a56-a3c8-11da-a746-0800200b9a66;Mass;;kg;20aadc24-a391-41cf-b340-3e4529f44bde;kg
f0cf783c-2b56-3614-be37-7db9902a1199;28999907-a8a7-45b3-857e-836495ca2aa0;1;Benzene;emissions to air/unspecified;;Benzene;Elementary flows/Emission to air/unspecified;;;;93a60a56-a3c8-11da-a746-0800200b9a66;Mass;;kg;20aadc24-a391-41cf-b340-3e4529f44bde;kg
1d8d012d-673e-31b2-aa77-cd94ee13d09a;19108dfd-9b70-4fca-bac5-d523f8b5d3c0;1;Benzene;emissions to water/ocean;;Benzene;Elementary flows/Emission to water/ocean;;;;93a60a56-a3c8-11da-a746-0800200b9a66;Mass;;kg;20aadc24-a391-41cf-b340-3e4529f44bde;kg
3f714dc0-dc1d-3b38-b43d-c147df4da7d7;5a3a2d9f-c3cc-4b3a-9f41-7f28cf398bf7;1;Benzene;emissions to water/river;;Benzene;Elementary flows/Emission to water/fresh water;;;;93a60a56-a3c8-11da-a746-0800200b9a66;Mass;;kg;20aadc24-a391-41cf-b340-3e4529f44bde;kg
0a376dfd-75f9-37df-a117-1ae14ab8bf4e;31ba993d-f8aa-44c0-bae1-b6c2081144f6;1;Benzene;emissions to water/unspecified;;Benzene;Elementary flows/Emission to water/unspecified;;;;93a60a56-a3c8-11da-a746-0800200b9a66;Mass;;kg;20aadc24-a391-41cf-b340-3e4529f44bde;kg
3d6db595-6d28-3be1-bd33-06873fcd4f50;31ba993d-f8aa-44c0-bae1-b6c2081144f6;1;Benzene (as BTEX);emissions to water/unspecified;;Benzene;Elementary flows/Emission to water/unspecified;;;;93a60a56-a3c8-11da-a746-0800200b9a66;Mass;;kg;20aadc24-a391-41cf-b340-3e4529f44bde;kg
62668692-b484-378a-b223-0079159f95ef;0d25326e-2335-4a06-8ecb-d161f02adccf;1;Benzene, 1,2,4-trimethyl-;emissions to air/unspecified;;Benzene, 1,2,4-trimethyl-;Elementary flows/Emission to air/unspecified;;;;93a60a56-a3c8-11da-a746-0800200b9a66;Mass;;kg;20aadc24-a391-41cf-b340-3e4529f44bde;kg
1c6a8baa-6117-3f62-a4f0-9a98ec358fa6;9645e02f-855a-4b9f-8baf-f34a08fa80c4;1;Benzene, 1,2-dichloro-;emissions to air/high. pop.;;o-Dichlorobenzene;Elementary flows/Emission to air/high population density;;;;93a60a56-a3c8-11da-a746-0800200b9a66;Mass;;kg;20aadc24-a391-41cf-b340-3e4529f44bde;kg
bdf6a563-1996-3585-b480-89aafad2a9ac;79b3f708-dd3f-4ccb-9121-a4cdd46e0dc4;1;Benzene, 1,2-dichloro-;emissions to water/river;;o-Dichlorobenzene;Elementary flows/Emission to water/surface water;;;;93a60a56-a3c8-11da-a746-0800200b9a66;Mass;;kg;20aadc24-a391-41cf-b340-3e4529f44bde;kg
26d943bb-6bc2-3e3e-a088-d332e5dcf11d;67070d27-426e-43e9-98e8-309952f78140;1;Benzene, 1,2-dichloro-;emissions to water/unspecified;;o-Dichlorobenzene;Elementary flows/Emission to water/unspecified;;;;93a60a56-a3c8-11da-a746-0800200b9a66;Mass;;kg;20aadc24-a391-41cf-b340-3e4529f44bde;kg
4cb17fb1-b966-3105-86f8-0412fc8974dd;a4420691-4666-4855-9124-3030ed233407;1;Benzene, 1-methyl-2-nitro-;emissions to air/high. pop.;;o-Nitrotoluene;Elementary flows/Emission to air/high population density;;;;93a60a56-a3c8-11da-a746-0800200b9a66;Mass;;kg;20aadc24-a391-41cf-b340-3e4529f44bde;kg
e2f4c3c0-d5b5-3689-b061-d3899d701206;63e7892d-8549-11e0-9d78-0800200c9a66;1;Benzene, chloro-;emissions to air/unspecified;;Benzene, chloro-;Elementary flows/Emission to air/unspecified;;;;93a60a56-a3c8-11da-a746-0800200b9a66;Mass;;kg;20aadc24-a391-41cf-b340-3e4529f44bde;kg
371da2c6-50ff-328f-804e-36764a84a346;eaaf9b66-c5b1-4c49-9399-fc0f84bc9587;1;Benzene, chloro-;emissions to water/river;;Benzene, chloro-;Elementary flows/Emission to water/fresh water;;;;93a60a56-a3c8-11da-a746-0800200b9a66;Mass;;kg;20aadc24-a391-41cf-b340-3e4529f44bde;kg
e8ce53fd-6bd3-388c-bb8c-8930437edb14;8b84f97c-7b3a-4d63-b160-cf2ee381821f;1;Benzene, chloro-;emissions to water/river, long-term;;Benzene, chloro-;Elementary flows/Emission to water/river, long-term;;;;93a60a56-a3c8-11da-a746-0800200b9a66;Mass;;kg;20aadc24-a391-41cf-b340-3e4529f44bde;kg
c2a5ea83-42ab-3b81-8e1f-006be480c851;eaaf9b66-c5b1-4c49-9399-fc0f84bc9587;1;Benzene, chloro-;emissions to water/unspecified;;Benzene, chloro-;Elementary flows/Emission to water/fresh water;;;;93a60a56-a3c8-11da-a746-0800200b9a66;Mass;;kg;20aadc24-a391-41cf-b340-3e4529f44bde;kg
a1bf027d-a2da-3141-908c-20f6bdeb8d4b;57d178ab-a602-46c2-9dfa-cb0869a26c24;1;Benzene, dichloro-;emissions to air/high. pop.;;Benzene, dichloro-;Elementary flows/Emission to air/high population density;;;;93a60a56-a3c8-11da-a746-0800200b9a66;Mass;;kg;20aadc24-a391-41cf-b340-3e4529f44bde;kg
5244ce9d-e8b5-397f-8c49-401498933e93;7c09916a-b6b5-47f5-bdf6-30d2511beb82;1;Benzene, ethyl-;emissions to air/high. pop.;;Ethyl benzene;Elementary flows/Emission to air/high population density;;;;93a60a56-a3c8-11da-a746-0800200b9a66;Mass;;kg;20aadc24-a391-41cf-b340-3e4529f44bde;kg
af56ddb2-24a6-385e-ab7f-441d4527117b;e0e605c8-370b-4b5a-b6d4-2e7a5a1a6709;1;Benzene, ethyl-;emissions to air/low. pop.;;Ethyl benzene;Elementary flows/Emission to air/low population density;;;;93a60a56-a3c8-11da-a746-0800200b9a66;Mass;;kg;20aadc24-a391-41cf-b340-3e4529f44bde;kg
f0c98438-945a-3a07-9f16-1525f4370870;88ef28f1-cfd5-44a0-ac34-01acf2db84a0;1;Benzene, ethyl-;emissions to air/unspecified;;Ethyl benzene;Elementary flows/Emission to air/unspecified;;;;93a60a56-a3c8-11da-a746-0800200b9a66;Mass;;kg;20aadc24-a391-41cf-b340-3e4529f44bde;kg
232a80f9-a349-3b9e-bf41-6484338f54a3;a5634f8a-d2f3-4e9a-8ee5-6f11234b9b1e;1;Benzene, ethyl-;emissions to water/ocean;;Ethyl benzene;Elementary flows/Emission to water/ocean;;;;93a60a56-a3c8-11da-a746-0800200b9a66;Mass;;kg;20aadc24-a391-41cf-b340-3e4529f44bde;kg
0d19c522-11fc-3825-90ce-51a9b4ad3553;8edfdecf-21b3-4950-863e-e82130220919;1;Benzene, ethyl-;emissions to water/river;;Benzene, ethyl-;Elementary flows/Emission to water/fresh water;;;;93a60a56-a3c8-11da-a746-0800200b9a66;Mass;;kg;20aadc24-a391-41cf-b340-3e4529f44bde;kg
aa84a67f-8873-398b-8e49-f147a73e378a;3dd549fd-825c-4ceb-a5f9-2988d322dc5d;1;Benzene, ethyl-;emissions to water/unspecified;;Ethyl benzene;Elementary flows/Emission to water/unspecified;;;;93a60a56-a3c8-11da-a746-0800200b9a66;Mass;;kg;20aadc24-a391-41cf-b340-3e4529f44bde;kg
9ffab6a1-dc8d-3888-87e4-8d4770949a9c;1af44724-172c-462b-b277-bb4b2fd32c33;1;Benzene, hexachloro-;emissions to air/high. pop.;;Hexachlorobenzene;Elementary flows/Emission to air/high population density;;;;93a60a56-a3c8-11da-a746-0800200b9a66;Mass;;kg;20aadc24-a391-41cf-b340-3e4529f44bde;kg
f977adc0-9e63-3386-8552-15057ef5fd3d;a028cff8-e405-4d44-8322-f46e9e51bcdc;1;Benzene, hexachloro-;emissions to air/low. pop.;;Hexachlorobenzene;Elementary flows/Emission to air/low population density;;;;93a60a56-a3c8-11da-a746-0800200b9a66;Mass;;kg;20aadc24-a391-41cf-b340-3e4529f44bde;kg
210edc06-231b-35bf-877f-a91dc47b6378;04f42988-6207-4d09-a91f-155be8d27eb0;1;Benzene, hexachloro-;emissions to air/unspecified;;Hexachlorobenzene;Elementary flows/Emission to air/unspecified;;;;93a60a56-a3c8-11da-a746-0800200b9a66;Mass;;kg;20aadc24-a391-41cf-b340-3e4529f44bde;kg
ede8fc8d-28d1-3b26-b1db-85a1c72564cb;373c3829-2b94-5cf4-8104-1cf516c20361;1;Benzene, hexachloro-;emissions to water/river;;Hexachlorobenzene;Elementary flows/Emission to water/unspecified;;;;93a60a56-a3c8-11da-a746-0800200b9a66;Mass;;kg;20aadc24-a391-41cf-b340-3e4529f44bde;kg
6d6fc64d-3f84-3402-9505-4480fd9be090;373c3829-2b94-5cf4-8104-1cf516c20361;1;Benzene, hexachloro-;emissions to water/unspecified;;Hexachlorobenzene;Elementary flows/Emission to water/unspecified;;;;93a60a56-a3c8-11da-a746-0800200b9a66;Mass;;kg;20aadc24-a391-41cf-b340-3e4529f44bde;kg
18b9edb9-2582-3f70-acb2-e6e62c9ee22d;c75dd699-08a5-4215-acf5-e618995e768f;1;Benzene, pentachloro-;emissions to air/high. pop.;;Pentachlorobenzene;Elementary flows/Emission to air/high population density;;;;93a60a56-a3c8-11da-a746-0800200b9a66;Mass;;kg;20aadc24-a391-41cf-b340-3e4529f44bde;kg
2d21d783-1ce6-3a90-87de-c8c6ba92cada;6a9ef0ac-2a82-492b-90f7-7f8d09995bbc;1;Benzene, pentachloro-;emissions to air/unspecified;;Pentachlorobenzene;Elementary flows/Emission to air/unspecified;;;;93a60a56-a3c8-11da-a746-0800200b9a66;Mass;;kg;20aadc24-a391-41cf-b340-3e4529f44bde;kg
5148d1b2-db80-3477-ac2f-ac8ee11dc0eb;b61b560b-4fbb-51f8-a9f9-8c05de27115f;1;Benzene, pentachloro-;emissions to water/river;;Pentachlorobenzene;Elementary flows/Emission to water/unspecified;;;;93a60a56-a3c8-11da-a746-0800200b9a66;Mass;;kg;20aadc24-a391-41cf-b340-3e4529f44bde;kg
86f453e8-87ea-3e1f-915c-edd18f633569;b61b560b-4fbb-51f8-a9f9-8c05de27115f;1;Benzene, pentachloro-;emissions to water/unspecified;;Pentachlorobenzene;Elementary flows/Emission to water/unspecified;;;;93a60a56-a3c8-11da-a746-0800200b9a66;Mass;;kg;20aadc24-a391-41cf-b340-3e4529f44bde;kg
1fbe8661-0613-3cbb-a180-31afc1fd39a4;99f78a2c-48e3-492c-aa5a-ed0c2f24a1a0;1;Benzene, pentachloronitro-;emissions to soil/agricultural;;Quintozene;Elementary flows/Emission to soil/agricultural;;;;93a60a56-a3c8-11da-a746-0800200b9a66;Mass;;kg;20aadc24-a391-41cf-b340-3e4529f44bde;kg
8e53a9a6-8307-3ab0-80c8-42e80143021f;4d54a087-6fd2-4cb9-b1bc-3cc4659b3422;1;Benzo(a)anthracene;emissions to air/unspecified;;Benzo(a)anthracene;Elementary flows/Emission to air/unspecified;;;;93a60a56-a3c8-11da-a746-0800200b9a66;Mass;;kg;20aadc24-a391-41cf-b340-3e4529f44bde;kg
520e8f59-2a65-3ec0-a340-fbdaab5a1645;fe0acd60-3ddc-11dd-a2b8-0050c2490048;1;Benzo(a)anthracene;emissions to water/ocean;;Benzo(a)anthracene;Elementary flows/Emission to water/ocean;;;;93a60a56-a3c8-11da-a746-0800200b9a66;Mass;;kg;20aadc24-a391-41cf-b340-3e4529f44bde;kg
6a0c876b-1ae0-3818-aa60-6b33ed744147;6d68481c-c667-4cda-b7c0-36b31872a93e;1;Benzo(a)anthracene;emissions to water/river;;Benzo(a)anthracene;Elementary flows/Emission to water/fresh water;;;;93a60a56-a3c8-11da-a746-0800200b9a66;Mass;;kg;20aadc24-a391-41cf-b340-3e4529f44bde;kg
8d5727a2-0741-3f81-9beb-c982599b05c7;2cbb504a-ce2f-40e9-9d38-e130e95a1242;1;Benzo(a)pyrene;emissions to air/high. pop.;;Benzo(a)pyrene;Elementary flows/Emission to air/high population density;;;;93a60a56-a3c8-11da-a746-0800200b9a66;Mass;;kg;20aadc24-a391-41cf-b340-3e4529f44bde;kg
f6e952d0-3c77-3221-810f-dc8fa992ce3d;81c4ba39-8a3f-4a43-97b4-401605bbebf5;1;Benzo(a)pyrene;emissions to air/low. pop.;;Benzo(a)pyrene;Elementary flows/Emission to air/low population density;;;;93a60a56-a3c8-11da-a746-0800200b9a66;Mass;;kg;20aadc24-a391-41cf-b340-3e4529f44bde;kg
a866c811-4b96-3e85-8886-2c94252c1cea;5e13c2ab-5466-4ff5-816d-702dfdf25f76;1;Benzo(a)pyrene;emissions to air/unspecified;;Benzo(a)pyrene;Elementary flows/Emission to air/unspecified;;;;93a60a56-a3c8-11da-a746-0800200b9a66;Mass;;kg;20aadc24-a391-41cf-b340-3e4529f44bde;kg
18d1322f-606e-32f4-b244-905e73fb80ea;18d7c24e-19d0-4dc3-b042-7ed7be199b52;1;Benzo(a)pyrene;emissions to water/river;;Benzo(a)pyrene;Elementary flows/Emission to water/fresh water;;;;93a60a56-a3c8-11da-a746-0800200b9a66;Mass;;kg;20aadc24-a391-41cf-b340-3e4529f44bde;kg
bc1ad375-07cb-3a3e-ad3a-7b514ed9b86c;d02904aa-dc1a-43f2-86ce-b41aa9cab47c;1;Benzo(a)pyrene;emissions to water/unspecified;;Benzo(a)pyrene;Elementary flows/Emission to water/unspecified;;;;93a60a56-a3c8-11da-a746-0800200b9a66;Mass;;kg;20aadc24-a391-41cf-b340-3e4529f44bde;kg
c1efc93d-51be-3ebe-bb87-edf5356e0f15;49e82a9e-331a-45e1-8a86-ff1526045fc8;1;Benzo(g,h,i)perylene;emissions to air/unspecified;;Benzo(g,h,i)perylene;Elementary flows/Emission to air/unspecified;;;;93a60a56-a3c8-11da-a746-0800200b9a66;Mass;;kg;20aadc24-a391-41cf-b340-3e4529f44bde;kg
24fc9e5f-f5e9-3a88-9cb9-b5bed6419bbd;cc5f1637-8aa5-442f-a8c6-43c8739944a0;1;Benzo(k)fluoranthene;emissions to air/unspecified;;Benzo(k)fluoranthene;Elementary flows/Emission to air/unspecified;;;;93a60a56-a3c8-11da-a746-0800200b9a66;Mass;;kg;20aadc24-a391-41cf-b340-3e4529f44bde;kg
f64e5c03-d174-392e-9643-ca8ce6781d9e;4d9a8790-3ddd-11dd-94a9-0050c2490048;1;Benzo(k)fluoranthene;emissions to water/ocean;;Benzo(k)fluoranthene;Elementary flows/Emission to water/ocean;;;;93a60a56-a3c8-11da-a746-0800200b9a66;Mass;;kg;20aadc24-a391-41cf-b340-3e4529f44bde;kg
948c1939-a341-3846-9e18-181af398eeb4;90bda18e-57be-4070-a385-50b4c1c95ce6;1;Benzo(k)fluoranthene;emissions to water/river;;Benzo(k)fluoranthene;Elementary flows/Emission to water/fresh water;;;;93a60a56-a3c8-11da-a746-0800200b9a66;Mass;;kg;20aadc24-a391-41cf-b340-3e4529f44bde;kg
3326463d-0400-36cd-ab83-cb89dfacbe27;7695bc27-99e9-4d5f-866f-588369628300;1;Benzyl alcohol;emissions to water/river;;Benzyl alcohol;Elementary flows/Emission to water/fresh water;;;;93a60a56-a3c8-11da-a746-0800200b9a66;Mass;;kg;20aadc24-a391-41cf-b340-3e4529f44bde;kg
1c5b45e7-2601-3175-be5d-f8cec22c13d9;19e97bd6-d0ae-4208-bd77-d58e5d46d827;1;Beryllium;emissions to air/high. pop.;;Beryllium II;Elementary flows/Emission to air/high population density;;;;93a60a56-a3c8-11da-a746-0800200b9a66;Mass;;kg;20aadc24-a391-41cf-b340-3e4529f44bde;kg
ac0435b2-4340-32a8-8215-86724a4e0987;5d4b497b-d265-42d1-a41a-113785a6d694;1;Beryllium;emissions to air/low. pop.;;Beryllium II;Elementary flows/Emission to air/low population density;;;;93a60a56-a3c8-11da-a746-0800200b9a66;Mass;;kg;20aadc24-a391-41cf-b340-3e4529f44bde;kg
42cfb1d8-0ebf-3025-a241-eb863d575353;5457df7d-0461-407c-9f09-0338dbff77ef;1;Beryllium;emissions to air/low. pop., long-term;;Beryllium II;Elementary flows/Emission to air/low population density, long-term;;;;93a60a56-a3c8-11da-a746-0800200b9a66;Mass;;kg;20aadc24-a391-41cf-b340-3e4529f44bde;kg
6369d5aa-a67b-3b15-b4e3-3e949aba0019;20557d93-2b1c-49b5-b6c0-3528a8bbc307;1;Beryllium;emissions to air/unspecified;;Beryllium II;Elementary flows/Emission to air/unspecified;;;;93a60a56-a3c8-11da-a746-0800200b9a66;Mass;;kg;20aadc24-a391-41cf-b340-3e4529f44bde;kg
e1819639-9597-3d70-a863-a9e804773a85;b0758e8e-691c-4c96-8a90-4784c47cd962;1;Beryllium;emissions to soil/industrial;;Beryllium II;Elementary flows/Emission to soil/industrial;;;;93a60a56-a3c8-11da-a746-0800200b9a66;Mass;;kg;20aadc24-a391-41cf-b340-3e4529f44bde;kg
10f70889-6064-3a4e-bdab-ccb83828510a;fa89c354-2263-4ed2-ac56-99946be5c665;1;Beryllium;emissions to water/groundwater;;Beryllium II;Elementary flows/Emission to water/ground water;;;;93a60a56-a3c8-11da-a746-0800200b9a66;Mass;;kg;20aadc24-a391-41cf-b340-3e4529f44bde;kg
b11e3151-f6ac-33dc-8d1a-f3ccbbed1d06;24e0a9cb-a789-46e2-a25c-0278a90d67e5;1;Beryllium;emissions to water/groundwater, long-term;;Beryllium II;Elementary flows/Emission to water/ground water, long-term;;;;93a60a56-a3c8-11da-a746-0800200b9a66;Mass;;kg;20aadc24-a391-41cf-b340-3e4529f44bde;kg
7266d10d-040b-3fc6-a316-04e2a815eeae;1499beff-e008-4efa-9e47-0f6095b0ffc4;1;Beryllium;emissions to water/lake;;Beryllium II;Elementary flows/Emission to water/lake;;;;93a60a56-a3c8-11da-a746-0800200b9a66;Mass;;kg;20aadc24-a391-41cf-b340-3e4529f44bde;kg
b3b07851-0a3b-3821-b72d-160107c9370d;7672267f-4541-4c9a-9ca0-ec2f41b95cbc;1;Beryllium;emissions to water/ocean;;Beryllium II;Elementary flows/Emission to water/ocean;;;;93a60a56-a3c8-11da-a746-0800200b9a66;Mass;;kg;20aadc24-a391-41cf-b340-3e4529f44bde;kg
1cdfc1b7-2a58-3d67-983d-e1ec089c152b;04512c78-0228-4291-8c4d-7e64b6ad670c;1;Beryllium;emissions to water/river;;Beryllium II;Elementary flows/Emission to water/fresh water;;;;93a60a56-a3c8-11da-a746-0800200b9a66;Mass;;kg;20aadc24-a391-41cf-b340-3e4529f44bde;kg
98798862-83f5-3c36-b3d9-7c93ff720218;8d0ca1a5-6a40-4eda-861a-a0fccdc81b19;1;Beryllium;emissions to water/unspecified;;Beryllium II;Elementary flows/Emission to water/unspecified;;;;93a60a56-a3c8-11da-a746-0800200b9a66;Mass;;kg;20aadc24-a391-41cf-b340-3e4529f44bde;kg
ebcc6ea5-0eb9-3b59-b429-49b7ef25b18e;db0bac33-49e5-4888-89bd-15f4bfe11e51;1;Bifenox;emissions to soil/agricultural;;Bifenox;Elementary flows/Emission to soil/agricultural;;;;93a60a56-a3c8-11da-a746-0800200b9a66;Mass;;kg;20aadc24-a391-41cf-b340-3e4529f44bde;kg
6e4d0244-488c-3185-9344-ace48709394b;f2efe6b2-21ae-4ed0-aacf-2a6d41d8e801;1;Bifenthrin;emissions to soil/agricultural;;Bifenthrin;Elementary flows/Emission to soil/agricultural;;;;93a60a56-a3c8-11da-a746-0800200b9a66;Mass;;kg;20aadc24-a391-41cf-b340-3e4529f44bde;kg
2424895e-66d1-37d6-8247-36bdd48eafdb;7ae371a7-8532-11e0-9d78-0800200c9a66;1;Biphenyl;emissions to air/unspecified;;Biphenyl;Elementary flows/Emission to air/unspecified;;;;93a60a56-a3c8-11da-a746-0800200b9a66;Mass;;kg;20aadc24-a391-41cf-b340-3e4529f44bde;kg
ae5222c3-b923-349f-afff-7e4de7444107;a74f6771-955e-4343-b796-4775067d51f5;1;Bitertanol;emissions to soil/agricultural;;Bitertanol;Elementary flows/Emission to soil/agricultural;;;;93a60a56-a3c8-11da-a746-0800200b9a66;Mass;;kg;20aadc24-a391-41cf-b340-3e4529f44bde;kg
9e451361-cdc8-3d81-a0ed-31e79089efb6;0c3118be-5c17-4d3f-93d5-9d608fc31e77;1;Black carbon;emissions to air/unspecified;;Black carbon;Elementary flows/Emission to air/unspecified;;;;93a60a56-a3c8-11da-a746-0800200b9a66;Mass;;kg;20aadc24-a391-41cf-b340-3e4529f44bde;kg
ad8a6887-ff0c-307b-82e1-6b98a0a0cdba;57c27ba7-a61a-4932-8cd5-095c88ff0245;1;BOD5, Biological Oxygen Demand;emissions to water/groundwater;;BOD5, Biological Oxygen Demand;Elementary flows/Emission to water/ground water;;;;93a60a56-a3c8-11da-a746-0800200b9a66;Mass;;kg;20aadc24-a391-41cf-b340-3e4529f44bde;kg
c84e1eae-7da2-3a2d-b71f-caea505ef22e;aedea697-930a-4a0e-9e4f-b9c369aa9a33;1;BOD5, Biological Oxygen Demand;emissions to water/groundwater, long-term;;BOD5, Biological Oxygen Demand;Elementary flows/Emission to water/ground water, long-term;;;;93a60a56-a3c8-11da-a746-0800200b9a66;Mass;;kg;20aadc24-a391-41cf-b340-3e4529f44bde;kg
c8dc93a8-134b-3180-99af-a52f19d3fd60;f012d2d5-ebb4-4531-8285-0b98af3dcbd4;1;BOD5, Biological Oxygen Demand;emissions to water/ocean;;BOD5, Biological Oxygen Demand;Elementary flows/Emission to water/ocean;;;;93a60a56-a3c8-11da-a746-0800200b9a66;Mass;;kg;20aadc24-a391-41cf-b340-3e4529f44bde;kg
cd5f3225-a5a8-3839-91ce-12e7699ea225;4574cd53-77cc-4540-827b-5736dda9c4d7;1;BOD5, Biological Oxygen Demand;emissions to water/river;;BOD5, Biological Oxygen Demand;Elementary flows/Emission to water/fresh water;;;;93a60a56-a3c8-11da-a746-0800200b9a66;Mass;;kg;20aadc24-a391-41cf-b340-3e4529f44bde;kg
ada72266-6421-3a9d-818d-37caf46872ec;91955aba-6ebc-4413-9342-f0298860b4aa;1;BOD5, Biological Oxygen Demand;emissions to water/unspecified;;BOD5, Biological Oxygen Demand;Elementary flows/Emission to water/unspecified;;;;93a60a56-a3c8-11da-a746-0800200b9a66;Mass;;kg;20aadc24-a391-41cf-b340-3e4529f44bde;kg
6beb65f9-bf1a-33b6-bace-cddaa73e9a90;553554e0-1442-444f-9f1d-9ed6b750bcfc;1;Borate;emissions to water/river;;Borate;Elementary flows/Emission to water/fresh water;;;;93a60a56-a3c8-11da-a746-0800200b9a66;Mass;;kg;20aadc24-a391-41cf-b340-3e4529f44bde;kg
8ca79b9a-0036-31fe-bba4-f3f0d7f1d421;eead2933-c2be-4a53-a0bd-bd33b67e4145;1;Borax;resources/in ground;;Borax;Elementary flows/Resource/in ground;;;;93a60a56-a3c8-11da-a746-0800200b9a66;Mass;;kg;20aadc24-a391-41cf-b340-3e4529f44bde;kg
a58a8894-7c0a-3f9c-bec0-c7b707f749b7;d03809fd-dae9-4771-aec0-934a40bbb7e5;1;Boric acid;emissions to air/high. pop.;;Boric acid;Elementary flows/Emission to air/high population density;;;;93a60a56-a3c8-11da-a746-0800200b9a66;Mass;;kg;20aadc24-a391-41cf-b340-3e4529f44bde;kg
229b3309-79d8-3ddd-8b05-95e6b0554cc5;3e419ebc-c0f1-4f85-a544-cf3460a680b6;1;Boron;emissions to air/high. pop.;;Boron;Elementary flows/Emission to air/high population density;;;;93a60a56-a3c8-11da-a746-0800200b9a66;Mass;;kg;20aadc24-a391-41cf-b340-3e4529f44bde;kg
98203d98-8074-3b8d-839e-153c5db6ced1;512364ac-5bba-4b77-8712-981247617519;1;Boron;emissions to air/low. pop.;;Boron;Elementary flows/Emission to air/low population density;;;;93a60a56-a3c8-11da-a746-0800200b9a66;Mass;;kg;20aadc24-a391-41cf-b340-3e4529f44bde;kg
9da2a00f-dbf1-3bd2-9f61-970031c6fe77;0fbca534-f355-4477-b29f-7b5fc2fbce64;1;Boron;emissions to air/low. pop., long-term;;Boron;Elementary flows/Emission to air/low population density, long-term;;;;93a60a56-a3c8-11da-a746-0800200b9a66;Mass;;kg;20aadc24-a391-41cf-b340-3e4529f44bde;kg
98f8204f-4394-32b6-80c0-18eceaca932c;b8fc2875-a1ce-4a7c-a73d-6ba5b26319d3;1;Boron;emissions to air/unspecified;;Boron;Elementary flows/Emission to air/unspecified;;;;93a60a56-a3c8-11da-a746-0800200b9a66;Mass;;kg;20aadc24-a391-41cf-b340-3e4529f44bde;kg
34690391-bc5a-3366-84ae-96d3c716a037;62399986-3e4f-4522-b389-75eed416d838;1;Boron;emissions to soil/agricultural;;Boron;Elementary flows/Emission to soil/agricultural;;;;93a60a56-a3c8-11da-a746-0800200b9a66;Mass;;kg;20aadc24-a391-41cf-b340-3e4529f44bde;kg
2151207b-4869-3827-a8ef-8e3e432188a2;58a3086e-3ded-4751-a313-05608f725081;1;Boron;emissions to soil/industrial;;Boron;Elementary flows/Emission to soil/industrial;;;;93a60a56-a3c8-11da-a746-0800200b9a66;Mass;;kg;20aadc24-a391-41cf-b340-3e4529f44bde;kg
97dfa06a-060a-336f-b7ed-b0b003e07895;e3b7b5aa-514e-430e-9544-07d8f5b8d494;1;Boron;emissions to soil/unspecified;;Boron;Elementary flows/Emission to soil/unspecified;;;;93a60a56-a3c8-11da-a746-0800200b9a66;Mass;;kg;20aadc24-a391-41cf-b340-3e4529f44bde;kg
f8d11fd4-705f-3606-af78-f5aee89fcf62;242b4a08-f6ff-496d-ae0f-bf8f8bc77692;1;Boron;emissions to water/groundwater;;Boron;Elementary flows/Emission to water/ground water;;;;93a60a56-a3c8-11da-a746-0800200b9a66;Mass;;kg;20aadc24-a391-41cf-b340-3e4529f44bde;kg
809f241c-ca9b-3350-a1ca-bbd813fab07b;061d04a0-af1d-4884-bdd3-997b6cd5550f;1;Boron;emissions to water/groundwater, long-term;;Boron;Elementary flows/Emission to water/ground water, long-term;;;;93a60a56-a3c8-11da-a746-0800200b9a66;Mass;;kg;20aadc24-a391-41cf-b340-3e4529f44bde;kg
430756b1-00b9-3a50-b587-4cc56fb2fe0b;5baed830-f676-4031-a036-8a9599bd7237;1;Boron;emissions to water/ocean;;Boron;Elementary flows/Emission to water/ocean;;;;93a60a56-a3c8-11da-a746-0800200b9a66;Mass;;kg;20aadc24-a391-41cf-b340-3e4529f44bde;kg
01d357de-2d58-373b-8695-593bf0a4b1cf;eeaa554c-edc0-4b69-8737-170ac48f6de1;1;Boron;emissions to water/river;;Boron;Elementary flows/Emission to water/fresh water;;;;93a60a56-a3c8-11da-a746-0800200b9a66;Mass;;kg;20aadc24-a391-41cf-b340-3e4529f44bde;kg
7f29d4b1-966d-3e0e-a40c-1f2f09b69622;4a15cd40-96e6-4912-8298-c0fa8f9e2aee;1;Boron;emissions to water/unspecified;;Boron;Elementary flows/Emission to water/unspecified;;;;93a60a56-a3c8-11da-a746-0800200b9a66;Mass;;kg;20aadc24-a391-41cf-b340-3e4529f44bde;kg
59485318-87bd-3b59-9f27-6759a99689ea;094ded20-e873-4338-8d81-b570a1d65acc;1;Boron;resources/in ground;;Boron;Elementary flows/Resource/in ground;;;;93a60a56-a3c8-11da-a746-0800200b9a66;Mass;;kg;20aadc24-a391-41cf-b340-3e4529f44bde;kg
bfebd66a-beb6-3927-98e7-a9ce05af6509;0367c22a-f1f5-48bc-8dea-95e784d19df2;1;Boron trifluoride;emissions to air/high. pop.;;Boron trifluoride;Elementary flows/Emission to air/high population density;;;;93a60a56-a3c8-11da-a746-0800200b9a66;Mass;;kg;20aadc24-a391-41cf-b340-3e4529f44bde;kg
4fc51fcc-045e-396a-9dbb-6416fa0e14de;ff32cb2a-4d63-435e-8787-58436bd36a83;1;Boscalid;emissions to soil/agricultural;;Boscalid;Elementary flows/Emission to soil/agricultural;;;;93a60a56-a3c8-11da-a746-0800200b9a66;Mass;;kg;20aadc24-a391-41cf-b340-3e4529f44bde;kg
741f698e-1830-3318-9582-2aec11d17cd8;ac25fbf1-2fa6-41dd-80b9-a9bc1cdb2c19;1;Bromate;emissions to water/river;;Bromate;Elementary flows/Emission to water/fresh water;;;;93a60a56-a3c8-11da-a746-0800200b9a66;Mass;;kg;20aadc24-a391-41cf-b340-3e4529f44bde;kg
5191ad53-ea2f-33bd-af00-1dc8f11e94c6;506fe866-1081-4152-a19d-b50825f99d83;1;Bromate;emissions to water/unspecified;;Bromate;Elementary flows/Emission to water/unspecified;;;;93a60a56-a3c8-11da-a746-0800200b9a66;Mass;;kg;20aadc24-a391-41cf-b340-3e4529f44bde;kg
f71c81e9-a52c-32a2-a91a-bd06504b45d5;0ad5e195-d1c2-3917-8426-52b4d235efd0;1;Bromide;emissions to soil/industrial;;Bromide;Elementary flows/Emission to soil/industrial;;;;93a60a56-a3c8-11da-a746-0800200b9a66;Mass;;kg;20aadc24-a391-41cf-b340-3e4529f44bde;kg
52aaa06c-d760-3047-aa28-d2c55d1cefc3;93b2bac7-4b0b-45d8-a178-94a79d2e249a;1;Bromide;emissions to water/river;;Bromide;Elementary flows/Emission to water/fresh water;;;;93a60a56-a3c8-11da-a746-0800200b9a66;Mass;;kg;20aadc24-a391-41cf-b340-3e4529f44bde;kg
f09319fa-3500-383d-a9f5-56afa79afd55;77c46f0e-c8c0-4bc3-992c-2a9725d49f70;1;Bromine;emissions to air/high. pop.;;Bromine;Elementary flows/Emission to air/high population density;;;;93a60a56-a3c8-11da-a746-0800200b9a66;Mass;;kg;20aadc24-a391-41cf-b340-3e4529f44bde;kg
36d363ab-3ff8-3845-976a-8de911fdd31e;d32f9dd8-9514-4c22-8c99-2e108609731f;1;Bromine;emissions to air/low. pop.;;Bromine;Elementary flows/Emission to air/low population density;;;;93a60a56-a3c8-11da-a746-0800200b9a66;Mass;;kg;20aadc24-a391-41cf-b340-3e4529f44bde;kg
2328fdbd-a1d9-3c39-9041-d0ecd9386e83;c24f5894-f95e-4661-ba76-130397348894;1;Bromine;emissions to air/unspecified;;Bromine;Elementary flows/Emission to air/unspecified;;;;93a60a56-a3c8-11da-a746-0800200b9a66;Mass;;kg;20aadc24-a391-41cf-b340-3e4529f44bde;kg
42513788-f51b-3fa2-adb3-70fec2160103;b5f8f24f-3f51-4bc6-a7b3-b5e0885e50b8;1;Bromine;emissions to soil/agricultural;;Bromine;Elementary flows/Emission to soil/agricultural;;;;93a60a56-a3c8-11da-a746-0800200b9a66;Mass;;kg;20aadc24-a391-41cf-b340-3e4529f44bde;kg
28e2a3a1-1b7f-339e-8a56-34379698c870;45afb543-bc53-471e-8fc9-6ed3a5775071;1;Bromine;emissions to soil/unspecified;;Bromine;Elementary flows/Emission to soil/unspecified;;;;93a60a56-a3c8-11da-a746-0800200b9a66;Mass;;kg;20aadc24-a391-41cf-b340-3e4529f44bde;kg
fc7e09ca-4844-36c4-99f6-2ba1121160d0;b311427f-0de3-4190-84a5-05c8460c62d1;1;Bromine;emissions to water/groundwater;;Bromine;Elementary flows/Emission to water/ground water;;;;93a60a56-a3c8-11da-a746-0800200b9a66;Mass;;kg;20aadc24-a391-41cf-b340-3e4529f44bde;kg
98cc5aa3-0230-3064-a5bf-0760fd931b8d;20bc9500-2e2f-4cba-9332-8ea17d362aba;1;Bromine;emissions to water/groundwater, long-term;;Bromine;Elementary flows/Emission to water/ground water, long-term;;;;93a60a56-a3c8-11da-a746-0800200b9a66;Mass;;kg;20aadc24-a391-41cf-b340-3e4529f44bde;kg
fdda97bf-2cb0-36a5-8b1e-2f3cba958b29;b2208d0f-61a7-4813-9861-af03bf496a05;1;Bromine;emissions to water/ocean;;Bromine;Elementary flows/Emission to water/ocean;;;;93a60a56-a3c8-11da-a746-0800200b9a66;Mass;;kg;20aadc24-a391-41cf-b340-3e4529f44bde;kg
172b281d-6044-3068-98e5-83dba815884c;c626d246-a314-4dab-b4be-cfb79c230f55;1;Bromine;emissions to water/river;;Bromine;Elementary flows/Emission to water/fresh water;;;;93a60a56-a3c8-11da-a746-0800200b9a66;Mass;;kg;20aadc24-a391-41cf-b340-3e4529f44bde;kg
7e7e4f6d-5b39-3a2e-83c3-6f7883eab5ce;b935e766-fece-4a4f-8f60-b735ea7b214d;1;Bromine;emissions to water/unspecified;;Bromine;Elementary flows/Emission to water/unspecified;;;;93a60a56-a3c8-11da-a746-0800200b9a66;Mass;;kg;20aadc24-a391-41cf-b340-3e4529f44bde;kg
9b599496-4583-37ad-baae-c05cc75a0c3a;45d6f26b-596b-5182-8c08-d6d975ff4efe;1;Bromine;resources/in water;;Bromine;Elementary flows/Resource/in water;;;;93a60a56-a3c8-11da-a746-0800200b9a66;Mass;;kg;20aadc24-a391-41cf-b340-3e4529f44bde;kg
07d50cce-f424-3e29-b3a5-7bd77e8d4589;e24da787-41ae-4aa3-b13b-36862b5fd10e;1;Bromoxynil;emissions to soil/agricultural;;Bromoxynil;Elementary flows/Emission to soil/agricultural;;;;93a60a56-a3c8-11da-a746-0800200b9a66;Mass;;kg;20aadc24-a391-41cf-b340-3e4529f44bde;kg
50d0cf79-c9fd-31b5-9b43-c3012826c995;5c049e3f-9246-47d0-ad60-7caaad814b2e;1;Bromuconazole;emissions to soil/agricultural;;Bromuconazole;Elementary flows/Emission to soil/agricultural;;;;93a60a56-a3c8-11da-a746-0800200b9a66;Mass;;kg;20aadc24-a391-41cf-b340-3e4529f44bde;kg
7f4d8655-fc2e-3a48-b1a4-b454aa81333a;b1e47fb9-ec5a-58df-918a-83909d93e6e8;1;Bupirimate;emissions to soil/agricultural;;Bupirimate;Elementary flows/Emission to soil/agricultural;;;;93a60a56-a3c8-11da-a746-0800200b9a66;Mass;;kg;20aadc24-a391-41cf-b340-3e4529f44bde;kg
e7bf96ad-a989-31f0-8abf-68e5a437d858;63e44a83-eb3d-44b6-9e2f-41b1b088d93d;1;Buprofezin;emissions to soil/agricultural;;Buprofezin;Elementary flows/Emission to soil/agricultural;;;;93a60a56-a3c8-11da-a746-0800200b9a66;Mass;;kg;20aadc24-a391-41cf-b340-3e4529f44bde;kg
95f416eb-1c4f-342e-99d7-42343f6e2203;e7140812-ce3d-49f5-97b0-2fef538217a5;1;Butadiene;emissions to air/high. pop.;;Butadiene;Elementary flows/Emission to air/high population density;;;;93a60a56-a3c8-11da-a746-0800200b9a66;Mass;;kg;20aadc24-a391-41cf-b340-3e4529f44bde;kg
58fa9dfe-8808-394b-b7e9-0accdc2d1fd6;8a970585-5ce2-4226-b60d-df1c34649a56;1;Butadiene;emissions to air/low. pop.;;Butadiene;Elementary flows/Emission to air/low population density;;;;93a60a56-a3c8-11da-a746-0800200b9a66;Mass;;kg;20aadc24-a391-41cf-b340-3e4529f44bde;kg
a7e4ff20-9bef-32e6-ac75-f6768f0fc312;91c76c8e-d725-475d-9be6-a90b99747075;1;Butadiene;emissions to air/stratosphere + troposphere;;Butadiene;Elementary flows/Emission to air/lower stratosphere + upper troposphere;;;;93a60a56-a3c8-11da-a746-0800200b9a66;Mass;;kg;20aadc24-a391-41cf-b340-3e4529f44bde;kg
d960952e-321a-3985-a98d-abd0093036a7;5064da53-d4ec-44ee-ba23-b20a4f8c4964;1;Butadiene;emissions to air/unspecified;;Butadiene;Elementary flows/Emission to air/unspecified;;;;93a60a56-a3c8-11da-a746-0800200b9a66;Mass;;kg;20aadc24-a391-41cf-b340-3e4529f44bde;kg
9da06cc7-f30c-325f-8a79-0eb5b7a3624d;edc1501b-649b-4e60-9c00-c02e3aeb9d3a;1;Butadiene, hexachloro-;emissions to water/river;;hexachloro-1,3-butadiene;Elementary flows/Emission to water/river;;;;93a60a56-a3c8-11da-a746-0800200b9a66;Mass;;kg;20aadc24-a391-41cf-b340-3e4529f44bde;kg
7c0654eb-37ac-3548-a075-cce7400bcc67;86bd068b-06b4-4a9e-8b9f-86f6691a094d;1;Butadiene, hexachloro-;emissions to water/unspecified;;hexachloro-1,3-butadiene;Elementary flows/Emission to water/unspecified;;;;93a60a56-a3c8-11da-a746-0800200b9a66;Mass;;kg;20aadc24-a391-41cf-b340-3e4529f44bde;kg
46821fe4-092c-315b-a05e-c3f79520055f;892f10da-7bf2-42b3-b171-221989661a05;1;Butane;emissions to air/high. pop.;;Butane;Elementary flows/Emission to air/high population density;;;;93a60a56-a3c8-11da-a746-0800200b9a66;Mass;;kg;20aadc24-a391-41cf-b340-3e4529f44bde;kg
2c2b337f-a288-3720-8e4a-50f792249048;fa5512cf-04a2-4014-8e96-d3e2d137f0df;1;Butane;emissions to air/low. pop.;;Butane;Elementary flows/Emission to air/low population density;;;;93a60a56-a3c8-11da-a746-0800200b9a66;Mass;;kg;20aadc24-a391-41cf-b340-3e4529f44bde;kg
6cc4d2b4-9905-3f19-8664-64f28ab3d848;982b0510-96ac-4bcb-a758-e98006b95f4d;1;Butane;emissions to air/unspecified;;Butane;Elementary flows/Emission to air/unspecified;;;;93a60a56-a3c8-11da-a746-0800200b9a66;Mass;;kg;20aadc24-a391-41cf-b340-3e4529f44bde;kg
6792b692-bf50-3658-b993-ed84c27b41c0;fa9cdb03-4565-3b75-9e0a-f333fe4a5f63;1;Butane, perfluorocyclo-, PFC-318;emissions to air/high. pop.;;Butane, perfluorocyclo-, PFC-318;Elementary flows/Emission to air/high population density;;;;93a60a56-a3c8-11da-a746-0800200b9a66;Mass;;kg;20aadc24-a391-41cf-b340-3e4529f44bde;kg
9061c685-e100-3bdb-9474-9e8d0c964b2a;53fc7ec9-1b3f-4d89-ade6-8ca2934c1695;1;Butene;emissions to air/high. pop.;;Butene;Elementary flows/Emission to air/high population density;;;;93a60a56-a3c8-11da-a746-0800200b9a66;Mass;;kg;20aadc24-a391-41cf-b340-3e4529f44bde;kg
d333875c-80d5-3348-a745-d885abeee141;91f6386a-af2e-4bbb-a05c-62e4483b1bcf;1;Butene;emissions to air/unspecified;;Butene;Elementary flows/Emission to air/unspecified;;;;93a60a56-a3c8-11da-a746-0800200b9a66;Mass;;kg;20aadc24-a391-41cf-b340-3e4529f44bde;kg
8c0b7427-66cb-3f42-b727-1eefa16e2412;c94d47dd-4ce2-4686-9de0-ef8b64ba5a09;1;Butene;emissions to water/river;;Butene;Elementary flows/Emission to water/fresh water;;;;93a60a56-a3c8-11da-a746-0800200b9a66;Mass;;kg;20aadc24-a391-41cf-b340-3e4529f44bde;kg
0e63265b-eec6-3369-89f1-255b2e364f03;da3d541f-0063-4ddf-9b0d-7ba7b8cb6ec7;1;Butyl acetate;emissions to air/unspecified;;Butyl acetate;Elementary flows/Emission to air/unspecified;;;;93a60a56-a3c8-11da-a746-0800200b9a66;Mass;;kg;20aadc24-a391-41cf-b340-3e4529f44bde;kg
ed7f227b-c652-3bf7-bcff-e2675f1f7abf;605f4376-2e06-4fdb-8ecb-505ccebeb2d7;1;Butyl acetate;emissions to water/river;;Butyl acetate;Elementary flows/Emission to water/fresh water;;;;93a60a56-a3c8-11da-a746-0800200b9a66;Mass;;kg;20aadc24-a391-41cf-b340-3e4529f44bde;kg
7919346f-ef4e-3451-a5d3-b642a9fdbfde;9036f1b8-4be6-4d97-96d8-c504acdfa2f0;1;Butyrolactone;emissions to air/high. pop.;;Butyrolactone;Elementary flows/Emission to air/high population density;;;;93a60a56-a3c8-11da-a746-0800200b9a66;Mass;;kg;20aadc24-a391-41cf-b340-3e4529f44bde;kg
99200a8b-1a46-3cd5-8fdd-9b569b134db2;17ae628d-e769-4aa3-a20e-9f9bad222bf2;1;Butyrolactone;emissions to air/unspecified;;Butyrolactone;Elementary flows/Emission to air/unspecified;;;;93a60a56-a3c8-11da-a746-0800200b9a66;Mass;;kg;20aadc24-a391-41cf-b340-3e4529f44bde;kg
e711a4ce-863e-3e0b-8947-77c76b07d3a9;cf8f17ae-5625-44b0-aa47-addedf0ba68a;1;Butyrolactone;emissions to water/river;;Butyrolactone;Elementary flows/Emission to water/fresh water;;;;93a60a56-a3c8-11da-a746-0800200b9a66;Mass;;kg;20aadc24-a391-41cf-b340-3e4529f44bde;kg
89940e5a-5e5d-3556-bd4d-8558a79b1ce7;36e53653-1338-42c7-816c-f6667809e0b1;1;Cadmium;emissions to air/high. pop.;;Cadmium II;Elementary flows/Emission to air/high population density;;;;93a60a56-a3c8-11da-a746-0800200b9a66;Mass;;kg;20aadc24-a391-41cf-b340-3e4529f44bde;kg
e1d903b9-770a-3a15-9b06-60100390b521;e2d58f90-9aac-4ac4-87f7-bbd6cfc358e3;1;Cadmium;emissions to air/low. pop.;;Cadmium II;Elementary flows/Emission to air/low population density;;;;93a60a56-a3c8-11da-a746-0800200b9a66;Mass;;kg;20aadc24-a391-41cf-b340-3e4529f44bde;kg
60d163b3-74d4-3178-84e4-24b69a070a2d;23eaa36d-add4-4219-961e-ca7104dc0de9;1;Cadmium;emissions to air/low. pop., long-term;;Cadmium II;Elementary flows/Emission to air/low population density, long-term;;;;93a60a56-a3c8-11da-a746-0800200b9a66;Mass;;kg;20aadc24-a391-41cf-b340-3e4529f44bde;kg
0e7716b1-4d10-37eb-b243-ac30ba858200;dd1bbaa1-d1f1-4584-aeb2-6f02bfb04e87;1;Cadmium;emissions to air/stratosphere + troposphere;;Cadmium II;Elementary flows/Emission to air/lower stratosphere + upper troposphere;;;;93a60a56-a3c8-11da-a746-0800200b9a66;Mass;;kg;20aadc24-a391-41cf-b340-3e4529f44bde;kg
c9d7446d-89c7-3501-9705-41d2b8f6eff6;1c5a7322-9261-4d59-a692-adde6c12de92;1;Cadmium;emissions to air/unspecified;;Cadmium II;Elementary flows/Emission to air/unspecified;;;;93a60a56-a3c8-11da-a746-0800200b9a66;Mass;;kg;20aadc24-a391-41cf-b340-3e4529f44bde;kg
6916a7af-f75d-3218-9af4-c31dcf8266e8;e429b852-e421-4fcb-8a9b-b0241863bfb2;1;Cadmium;emissions to soil/agricultural;;Cadmium II;Elementary flows/Emission to soil/agricultural;;;;93a60a56-a3c8-11da-a746-0800200b9a66;Mass;;kg;20aadc24-a391-41cf-b340-3e4529f44bde;kg
447c8250-77ed-3376-850b-68d110a55bf4;89721e33-60fa-4447-bfc6-2f27d44a7893;1;Cadmium;emissions to soil/industrial;;Cadmium II;Elementary flows/Emission to soil/industrial;;;;93a60a56-a3c8-11da-a746-0800200b9a66;Mass;;kg;20aadc24-a391-41cf-b340-3e4529f44bde;kg
e70aca2b-0977-3ec0-b2f9-15839b2c1d5e;12d6029e-3801-42ee-a1bc-1ebf936884fc;1;Cadmium;emissions to soil/unspecified;;Cadmium II;Elementary flows/Emission to soil/unspecified;;;;93a60a56-a3c8-11da-a746-0800200b9a66;Mass;;kg;20aadc24-a391-41cf-b340-3e4529f44bde;kg
195477d4-9c87-320d-a903-c3f55e377fd4;cd26472d-d670-49fd-9df2-f689a14e9892;1;Cadmium;emissions to water/river;;Cadmium II;Elementary flows/Emission to water/fresh water;;;;93a60a56-a3c8-11da-a746-0800200b9a66;Mass;;kg;20aadc24-a391-41cf-b340-3e4529f44bde;kg
495cd825-533f-3779-93e5-6a284933e2da;3937f5a5-b4a4-434d-9fc3-1d29064fc3f8;1;Cadmium;emissions to water/groundwater;;Cadmium II;Elementary flows/Emission to water/ground water;;;;93a60a56-a3c8-11da-a746-0800200b9a66;Mass;;kg;20aadc24-a391-41cf-b340-3e4529f44bde;kg
1100ad24-78ac-3dc9-9f9e-ab8ce44fa227;4ce23896-a82f-49f1-a8e3-8848734805a3;1;Cadmium;emissions to water/groundwater, long-term;;Cadmium II;Elementary flows/Emission to water/ground water, long-term;;;;93a60a56-a3c8-11da-a746-0800200b9a66;Mass;;kg;20aadc24-a391-41cf-b340-3e4529f44bde;kg
6c59f0f5-4fd2-3d46-a278-96d1c135fb56;68701316-d3f5-4e08-8814-6b3b28712d85;1;Cadmium;emissions to water/lake;;Cadmium II;Elementary flows/Emission to water/lake;;;;93a60a56-a3c8-11da-a746-0800200b9a66;Mass;;kg;20aadc24-a391-41cf-b340-3e4529f44bde;kg
72e200e5-b3fd-39ee-9c1d-f83ca72bc1e3;fe0acd60-3ddc-11dd-a294-0050c2490048;1;Cadmium;emissions to water/ocean;;Cadmium II;Elementary flows/Emission to water/ocean;;;;93a60a56-a3c8-11da-a746-0800200b9a66;Mass;;kg;20aadc24-a391-41cf-b340-3e4529f44bde;kg
b0d4f8f4-74b4-3adf-8f2d-cf6353c96531;c087ef23-4b5b-40f6-932a-7939b72386c4;1;Cadmium;emissions to water/unspecified;;Cadmium II;Elementary flows/Emission to water/unspecified;;;;93a60a56-a3c8-11da-a746-0800200b9a66;Mass;;kg;20aadc24-a391-41cf-b340-3e4529f44bde;kg
1461d1d0-9789-3d73-b329-e93a480e6d34;bf377e4f-3a95-4ce2-a9ba-66ee31f00f60;1;Cadmium;resources/in ground;;Cadmium;Elementary flows/Resource/in ground;;;;93a60a56-a3c8-11da-a746-0800200b9a66;Mass;;kg;20aadc24-a391-41cf-b340-3e4529f44bde;kg
b7afcd98-7368-373c-af08-d83d68589267;36e53653-1338-42c7-816c-f6667809e0b1;1;Cadmium II;emissions to air/high. pop.;;Cadmium II;Elementary flows/Emission to air/high population density;;;;93a60a56-a3c8-11da-a746-0800200b9a66;Mass;;kg;20aadc24-a391-41cf-b340-3e4529f44bde;kg
d0987ae3-e564-3a90-8e8e-1651ae5e2046;39b3200d-f95a-413a-9c96-6d90345d9dca;1;Cesium-134;emissions to air/low. pop.;;Caesium-134;Elementary flows/Emission to air/low population density;;;;93a60a56-a3c8-17da-a746-0800200c9a66;Radioactivity;;kBq;e9773595-284e-46dd-9671-5fc9ff406833;kBq
23a94e69-b73e-39da-95b2-c3a017e1820e;a912f450-5233-489b-a2e9-8c029fab480f;1;Calcium;emissions to air/high. pop.;;Calcium II;Elementary flows/Emission to air/high population density;;;;93a60a56-a3c8-11da-a746-0800200b9a66;Mass;;kg;20aadc24-a391-41cf-b340-3e4529f44bde;kg
4fb61798-16bc-39fc-9ed8-81f72aae75a1;15fd8f0f-c3c2-4f63-b8d0-86793a22aacd;1;Calcium;emissions to air/low. pop.;;Calcium II;Elementary flows/Emission to air/low population density;;;;93a60a56-a3c8-11da-a746-0800200b9a66;Mass;;kg;20aadc24-a391-41cf-b340-3e4529f44bde;kg
0d82b2bc-f565-3699-bd0d-6970d5bab8ac;cac53ea3-b11c-47a6-adfd-678672a088e6;1;Calcium;emissions to air/low. pop., long-term;;Calcium II;Elementary flows/Emission to air/low population density, long-term;;;;93a60a56-a3c8-11da-a746-0800200b9a66;Mass;;kg;20aadc24-a391-41cf-b340-3e4529f44bde;kg
538ab9df-6e02-33c3-82d6-131dbe5fe1ff;b87016c6-ac91-4414-98ce-fb665e0a6d2e;1;Calcium;emissions to air/unspecified;;Calcium II;Elementary flows/Emission to air/unspecified;;;;93a60a56-a3c8-11da-a746-0800200b9a66;Mass;;kg;20aadc24-a391-41cf-b340-3e4529f44bde;kg
07f9eb90-b42f-376d-be8a-a452a452b8ee;f16fa1da-e426-4820-bf9d-71595c22283b;1;Calcium;emissions to soil/agricultural;;Calcium II;Elementary flows/Emission to soil/agricultural;;;;93a60a56-a3c8-11da-a746-0800200b9a66;Mass;;kg;20aadc24-a391-41cf-b340-3e4529f44bde;kg
ee4c66f6-2bf4-38c7-9196-d8c37129e3c2;57117e3c-15aa-4b4d-b953-6d33986aa5aa;1;Calcium;emissions to soil/industrial;;Calcium II;Elementary flows/Emission to soil/industrial;;;;93a60a56-a3c8-11da-a746-0800200b9a66;Mass;;kg;20aadc24-a391-41cf-b340-3e4529f44bde;kg
ed365a05-87db-34aa-b3d7-39cf4a59f68b;e681e6ba-2d66-4f17-8812-e8c74bdcf7e8;1;Calcium;emissions to soil/unspecified;;Calcium II;Elementary flows/Emission to soil/unspecified;;;;93a60a56-a3c8-11da-a746-0800200b9a66;Mass;;kg;20aadc24-a391-41cf-b340-3e4529f44bde;kg
3db8dcf3-c096-31ef-b39c-b023fd3afdb7;313b9346-b5b7-385a-b5d6-a59e11fd57cf;1;Calcium;emissions to water/groundwater;;Calcium;Elementary flows/Emission to water/ground water;;;;93a60a56-a3c8-11da-a746-0800200b9a66;Mass;;kg;20aadc24-a391-41cf-b340-3e4529f44bde;kg
6d447d64-d778-3af5-a8b7-395f39f67a85;a2017716-a6ee-3c76-adf4-eab05dcfeb14;1;Calcium;emissions to water/groundwater, long-term;;Calcium;Elementary flows/Emission to water/ground water, long-term;;;;93a60a56-a3c8-11da-a746-0800200b9a66;Mass;;kg;20aadc24-a391-41cf-b340-3e4529f44bde;kg
b9a78cae-c884-3617-badf-cda89e75529d;0b618540-b445-3ae0-85b9-210d3fe3d514;1;Calcium;emissions to water/lake;;Calcium;Elementary flows/Emission to water/lake;;;;93a60a56-a3c8-11da-a746-0800200b9a66;Mass;;kg;20aadc24-a391-41cf-b340-3e4529f44bde;kg
8464a9e5-d6a7-34ac-b996-9c4244514797;08a91e70-3ddc-11dd-9234-0050c2490048;1;Calcium;emissions to water/ocean;;Calcium;Elementary flows/Emission to water/ocean;;;;93a60a56-a3c8-11da-a746-0800200b9a66;Mass;;kg;20aadc24-a391-41cf-b340-3e4529f44bde;kg
c5905084-1e2a-3448-88b2-b2ada0b45c67;9e82f459-ca38-43dd-9c30-3913ed433ed8;1;Calcium;emissions to water/river;;Calcium;Elementary flows/Emission to water/fresh water;;;;93a60a56-a3c8-11da-a746-0800200b9a66;Mass;;kg;20aadc24-a391-41cf-b340-3e4529f44bde;kg
b1e5f50c-6619-3d83-ba95-d69ad072e32c;2feed42c-5c1a-4770-a233-6d4e0cf8f02e;1;Calcium;emissions to water/unspecified;;Calcium;Elementary flows/Emission to water/unspecified;;;;93a60a56-a3c8-11da-a746-0800200b9a66;Mass;;kg;20aadc24-a391-41cf-b340-3e4529f44bde;kg
bc6b3e01-d5a3-3d63-9eaa-f3337bbcef3a;08a91e70-3ddc-11dd-97ec-0050c2490048;1;Calcium chloride;resources/in ground;;Calcium chloride;Elementary flows/Resource/in ground;;;;93a60a56-a3c8-11da-a746-0800200b9a66;Mass;;kg;20aadc24-a391-41cf-b340-3e4529f44bde;kg
a75fa25f-2113-3974-a815-593793bc0ff2;55bf893f-0d89-429c-be59-2f99b33ddb11;1;Calcium II;emissions to water/ocean;;Calcium II;Elementary flows/Emission to water/ocean;;;;93a60a56-a3c8-11da-a746-0800200b9a66;Mass;;kg;20aadc24-a391-41cf-b340-3e4529f44bde;kg
739aa50c-d1de-3287-9154-ebda5dc71e84;ac066c02-b403-407b-a1f0-b29ad0f8188f;1;Calcium II;emissions to water/river;;Calcium II;Elementary flows/Emission to water/surface water;;;;93a60a56-a3c8-11da-a746-0800200b9a66;Mass;;kg;20aadc24-a391-41cf-b340-3e4529f44bde;kg
8a249d87-2a31-3cad-9ec3-6b88563cdea7;08151735-9d1b-4b1c-a8b1-f341ade54f2f;1;Calcium II;emissions to water/unspecified;;Calcium II;Elementary flows/Emission to water/unspecified;;;;93a60a56-a3c8-11da-a746-0800200b9a66;Mass;;kg;20aadc24-a391-41cf-b340-3e4529f44bde;kg
1060066d-d8f9-3891-a222-e55f4c51600a;fe0acd60-3ddc-11dd-9fcf-0050c2490048;1;Caprolactam;emissions to air/unspecified;;Caprolactam;Elementary flows/Emission to air/unspecified;;;;93a60a56-a3c8-11da-a746-0800200b9a66;Mass;;kg;20aadc24-a391-41cf-b340-3e4529f44bde;kg
6b11cd27-f8c5-372b-99f0-cf52d6c3728c;cd08eddd-d946-40cf-b0b5-87f6dbd7eb21;1;Carbaryl;emissions to soil/agricultural;;Carbaryl;Elementary flows/Emission to soil/agricultural;;;;93a60a56-a3c8-11da-a746-0800200b9a66;Mass;;kg;20aadc24-a391-41cf-b340-3e4529f44bde;kg
7a01a5e5-5512-395f-903b-414b5ff6b4de;bc0a4d1f-3ada-4dd8-8ab4-97dc45db3295;1;Carbendazim;emissions to soil/agricultural;;Carbendazim;Elementary flows/Emission to soil/agricultural;;;;93a60a56-a3c8-11da-a746-0800200b9a66;Mass;;kg;20aadc24-a391-41cf-b340-3e4529f44bde;kg
24e06485-d2eb-350d-91fa-d4d3be65f42f;21f84442-7dc8-492a-8253-867dd1caf8d6;1;Carbetamide;emissions to soil/agricultural;;Carbetamide;Elementary flows/Emission to soil/agricultural;;;;93a60a56-a3c8-11da-a746-0800200b9a66;Mass;;kg;20aadc24-a391-41cf-b340-3e4529f44bde;kg
1206ca4e-e427-38e1-b9e4-8ed96d055913;3c054a6e-2f9c-4e5e-9231-c61bc85a250a;1;Carbofuran;emissions to soil/agricultural;;Carbofuran;Elementary flows/Emission to soil/agricultural;;;;93a60a56-a3c8-11da-a746-0800200b9a66;Mass;;kg;20aadc24-a391-41cf-b340-3e4529f44bde;kg
acee2e3d-1dc3-352b-a804-2859535975e0;086bf8b7-9cea-48d4-9624-c07a9ba609e8;1;Carbon;emissions to air/high. pop.;;Elemental carbon;Elementary flows/Emission to air/high population density;;;;93a60a56-a3c8-11da-a746-0800200b9a66;Mass;;kg;20aadc24-a391-41cf-b340-3e4529f44bde;kg
8c51b512-50aa-3ffc-957f-e128ce75ab43;62859da4-f3c5-417b-a575-8b00d8d658b1;1;Carbon;emissions to soil/agricultural;;Carbon;Elementary flows/Emission to soil/agricultural;;;;93a60a56-a3c8-11da-a746-0800200b9a66;Mass;;kg;20aadc24-a391-41cf-b340-3e4529f44bde;kg
44bb5727-9d13-3b68-b5f9-4907a8e4d663;7f8fd1ca-0412-4b2e-90fd-a9d294d947a3;1;Carbon;emissions to soil/industrial;;Carbon;Elementary flows/Emission to soil/industrial;;;;93a60a56-a3c8-11da-a746-0800200b9a66;Mass;;kg;20aadc24-a391-41cf-b340-3e4529f44bde;kg
4e3fef71-325c-37b6-aa36-148cb2f480da;ea701d93-42af-4647-9798-591962caeb76;1;Carbon;emissions to soil/unspecified;;Elemental carbon;Elementary flows/Emission to soil/unspecified;;;;93a60a56-a3c8-11da-a746-0800200b9a66;Mass;;kg;20aadc24-a391-41cf-b340-3e4529f44bde;kg
f6987d56-3516-3969-8e6c-be926a393e4b;2f00b048-45e9-402b-9450-40367d0283d0;1;Carbon;emissions to water/groundwater;;Elemental carbon;Elementary flows/Emission to water/ground water;;;;93a60a56-a3c8-11da-a746-0800200b9a66;Mass;;kg;20aadc24-a391-41cf-b340-3e4529f44bde;kg
97697af2-b763-3072-9772-51f4ed68ce97;b978d369-ac8b-4c1e-b010-d0e0406733d9;1;Carbon black;emissions to air/unspecified;;Carbon black;Elementary flows/Emission to air/unspecified;;;;93a60a56-a3c8-11da-a746-0800200b9a66;Mass;;kg;20aadc24-a391-41cf-b340-3e4529f44bde;kg
c6f44c72-64d6-322a-af0c-57c05c5f112e;a9e65945-a4dd-42c2-89cf-81ad2eb6b0fd;1;Cesium-137;emissions to air/low. pop.;;Caesium-137;Elementary flows/Emission to air/low population density;;;;93a60a56-a3c8-17da-a746-0800200c9a66;Radioactivity;;kBq;e9773595-284e-46dd-9671-5fc9ff406833;kBq
ced74c9a-e9e1-3b43-a825-d85fd4c3f737;0097bf60-3729-40b6-94d0-06bd6146cfc2;1;Cesium-137;emissions to water/ocean;;Caesium-137;Elementary flows/Emission to water/ocean;;;;93a60a56-a3c8-17da-a746-0800200c9a66;Radioactivity;;kBq;e9773595-284e-46dd-9671-5fc9ff406833;kBq
b2d7fbec-dd22-3898-895d-306a31545d56;73ed05cc-9727-4abf-9516-4b5c0fe54a16;1;Carbon dioxide, biogenic;emissions to air/high. pop.;;Carbon dioxide, non-fossil;Elementary flows/Emission to air/high population density;;;;93a60a56-a3c8-11da-a746-0800200b9a66;Mass;;kg;20aadc24-a391-41cf-b340-3e4529f44bde;kg
3696ac6a-a728-3618-9c6b-6aded988f536;d6235194-e4e6-4548-bfa3-ac095131aef4;1;Carbon dioxide, biogenic;emissions to air/low. pop.;;Carbon dioxide, non-fossil;Elementary flows/Emission to air/low population density;;;;93a60a56-a3c8-11da-a746-0800200b9a66;Mass;;kg;20aadc24-a391-41cf-b340-3e4529f44bde;kg
f994f3da-1b5f-3bb7-8e01-49df6e1b4c97;eba59fd6-f37e-41dc-9ca3-c7ea22d602c7;1;Carbon dioxide, biogenic;emissions to air/unspecified;;Carbon dioxide, non-fossil;Elementary flows/Emission to air/unspecified;;;;93a60a56-a3c8-11da-a746-0800200b9a66;Mass;;kg;20aadc24-a391-41cf-b340-3e4529f44bde;kg
1850b486-3ce6-3729-b871-26c9e0f07f34;f9749677-9c9f-4678-ab55-c607dfdc2cb9;1;Carbon dioxide, fossil;emissions to air/high. pop.;;Carbon dioxide, fossil;Elementary flows/Emission to air/high population density;;;;93a60a56-a3c8-11da-a746-0800200b9a66;Mass;;kg;20aadc24-a391-41cf-b340-3e4529f44bde;kg
2e6c348e-e0da-3319-8c69-5b60c59d61c0;aa7cac3a-3625-41d4-bc54-33e2cf11ec46;1;Carbon dioxide, fossil;emissions to air/low. pop.;;Carbon dioxide, fossil;Elementary flows/Emission to air/low population density;;;;93a60a56-a3c8-11da-a746-0800200b9a66;Mass;;kg;20aadc24-a391-41cf-b340-3e4529f44bde;kg
6e6f316c-3d37-369d-9664-006472d4eac0;16eeda8a-1ea2-408e-ab37-2648495058dd;1;Carbon dioxide, fossil;emissions to air/stratosphere + troposphere;;Carbon dioxide, fossil;Elementary flows/Emission to air/lower stratosphere + upper troposphere;;;;93a60a56-a3c8-11da-a746-0800200b9a66;Mass;;kg;20aadc24-a391-41cf-b340-3e4529f44bde;kg
8c30433f-aa8b-39eb-a009-02389943545c;349b29d1-3e58-4c66-98b9-9d1a076efd2e;1;Carbon dioxide, fossil;emissions to air/unspecified;;Carbon dioxide, fossil;Elementary flows/Emission to air/unspecified;;;;93a60a56-a3c8-11da-a746-0800200b9a66;Mass;;kg;20aadc24-a391-41cf-b340-3e4529f44bde;kg
96c78112-7b55-34bd-9cc5-8d15b34df335;cc6a1abb-b123-4ca6-8f16-38209df609be;1;Carbon dioxide, in air;resources/biotic;;Carbon dioxide, in air;Elementary flows/Resource/in air;;;;93a60a56-a3c8-11da-a746-0800200b9a66;Mass;;kg;20aadc24-a391-41cf-b340-3e4529f44bde;kg
ce693323-1469-30ac-910b-6732041370d3;cc6a1abb-b123-4ca6-8f16-38209df609be;1;Carbon dioxide, in air;resources/in air;;Carbon dioxide, in air;Elementary flows/Resource/in air;;;;93a60a56-a3c8-11da-a746-0800200b9a66;Mass;;kg;20aadc24-a391-41cf-b340-3e4529f44bde;kg
9e688032-2e44-3db2-a3d6-b378f66fc6e4;8ffbf5bb-f236-49ec-bb37-55b3561798ea;1;Carbon dioxide, in air;resources/unspecified;;Carbon dioxide;Elementary flows/Resource/unspecified;;;;93a60a56-a3c8-11da-a746-0800200b9a66;Mass;;kg;20aadc24-a391-41cf-b340-3e4529f44bde;kg
40f7e70b-32b6-30db-a96e-c6629fb99ced;6d89125e-e9b7-4d7e-a1fc-ada45dbd8815;1;Carbon dioxide, land transformation;emissions to air/low. pop.;;Carbon dioxide, land transformation;Elementary flows/Emission to air/lower stratosphere + upper troposphere;;;;93a60a56-a3c8-11da-a746-0800200b9a66;Mass;;kg;20aadc24-a391-41cf-b340-3e4529f44bde;kg
8a204604-9566-3c17-ab0d-787e311fcfa6;6d89125e-e9b7-4d7e-a1fc-ada45dbd8815;1;Carbon dioxide, land transformation;emissions to air/unspecified;;Carbon dioxide, land transformation;Elementary flows/Emission to air/lower stratosphere + upper troposphere;;;;93a60a56-a3c8-11da-a746-0800200b9a66;Mass;;kg;20aadc24-a391-41cf-b340-3e4529f44bde;kg
cf7bd2f2-d6d3-3c63-a60b-0aa8118506b3;14b6726a-44bf-4ad4-b933-02470d84c22a;1;Carbon disulfide;emissions to air/high. pop.;;Carbon disulfide;Elementary flows/Emission to air/high population density;;;;93a60a56-a3c8-11da-a746-0800200b9a66;Mass;;kg;20aadc24-a391-41cf-b340-3e4529f44bde;kg
60d31e1d-3fe8-35c9-94a3-326f3ace4858;15f9ebbb-b1b5-4bf7-88c6-d99424f5eced;1;Carbon disulfide;emissions to air/low. pop.;;Carbon disulfide;Elementary flows/Emission to air/low population density;;;;93a60a56-a3c8-11da-a746-0800200b9a66;Mass;;kg;20aadc24-a391-41cf-b340-3e4529f44bde;kg
f134648a-0c9c-3d75-9cbd-2822eaa4210c;d94a5a1a-bc06-48fd-b6d9-7477ea65cacd;1;Carbon disulfide;emissions to air/unspecified;;Carbon disulfide;Elementary flows/Emission to air/unspecified;;;;93a60a56-a3c8-11da-a746-0800200b9a66;Mass;;kg;20aadc24-a391-41cf-b340-3e4529f44bde;kg
daec237a-25b0-31a1-be41-ee7f50c2ce1b;99654797-afd2-4340-8d36-08d3cd92dac4;1;Carbon disulfide;emissions to water/river;;Carbon disulfide;Elementary flows/Emission to water/fresh water;;;;93a60a56-a3c8-11da-a746-0800200b9a66;Mass;;kg;20aadc24-a391-41cf-b340-3e4529f44bde;kg
2514b132-8b63-39b7-bd25-067ec9d93d91;7ae371ac-8532-11e0-9d78-0800200c9a66;1;Carbon monoxide;emissions to air/unspecified;;Carbon monoxide;Elementary flows/Emission to air/unspecified;;;;93a60a56-a3c8-11da-a746-0800200b9a66;Mass;;kg;20aadc24-a391-41cf-b340-3e4529f44bde;kg
3796d87f-700b-3eca-b663-cb55406f9ff7;99ee393d-4bd1-4cc8-b0a0-d956865fb7bf;1;Calcite;resources/in ground;;Calcite;Elementary flows/Resource/in ground;;;;93a60a56-a3c8-11da-a746-0800200b9a66;Mass;;kg;20aadc24-a391-41cf-b340-3e4529f44bde;kg
92797937-d238-3e5a-91cb-021e5e4148d0;7ae371a9-8532-11e0-9d78-0800200c9a66;1;Carbon dioxide;emissions to air/low. pop.;;Carbon dioxide;Elementary flows/Emission to air/low population density;;;;93a60a56-a3c8-11da-a746-0800200b9a66;Mass;;kg;20aadc24-a391-41cf-b340-3e4529f44bde;kg
c6aaa5af-4910-361c-b0f6-2a9d05cf9c8a;2cb2333c-1599-46cf-8435-3dffce627524;1;Carbon monoxide, biogenic;emissions to air/unspecified;;Carbon monoxide, non-fossil;Elementary flows/Emission to air/unspecified;;;;93a60a56-a3c8-11da-a746-0800200b9a66;Mass;;kg;20aadc24-a391-41cf-b340-3e4529f44bde;kg
fdc6b175-ba63-3b8f-8376-5e4376c621f4;6edcc2df-88a3-48e1-83d8-ffc38d31c35b;1;Carbon monoxide, fossil;emissions to air/high. pop.;;Carbon monoxide, fossil;Elementary flows/Emission to air/high population density;;;;93a60a56-a3c8-11da-a746-0800200b9a66;Mass;;kg;20aadc24-a391-41cf-b340-3e4529f44bde;kg
15a355e8-1642-3acb-824d-7d62e6a54781;099b36ab-4c03-4587-87f4-2f81e337afb8;1;Carbon monoxide, fossil;emissions to air/low. pop.;;Carbon monoxide, fossil;Elementary flows/Emission to air/low population density;;;;93a60a56-a3c8-11da-a746-0800200b9a66;Mass;;kg;20aadc24-a391-41cf-b340-3e4529f44bde;kg
25d35b2c-d8f6-37fc-80e4-f3209b623467;a3beb5ac-5149-47f6-a035-53fc5030f10a;1;Carbon monoxide, fossil;emissions to air/stratosphere + troposphere;;Carbon monoxide, fossil;Elementary flows/Emission to air/lower stratosphere + upper troposphere;;;;93a60a56-a3c8-11da-a746-0800200b9a66;Mass;;kg;20aadc24-a391-41cf-b340-3e4529f44bde;kg
ead886b1-4d09-3510-9dac-1da03535a154;ba2f3f82-c93a-47a5-822a-37ec97495275;1;Carbon monoxide, fossil;emissions to air/unspecified;;Carbon monoxide, fossil;Elementary flows/Emission to air/unspecified;;;;93a60a56-a3c8-11da-a746-0800200b9a66;Mass;;kg;20aadc24-a391-41cf-b340-3e4529f44bde;kg
d36b14c4-a395-3bf5-8ef4-1bbeb21a062b;8c2fe757-6866-4ed2-9f89-81012ad774a0;1;Carbon, organic, in soil or biomass stock;resources/in ground;;Carbon, organic, decrease in soil or biomass stock;Elementary flows/Resource/in ground;;;;93a60a56-a3c8-11da-a746-0800200b9a66;Mass;;kg;20aadc24-a391-41cf-b340-3e4529f44bde;kg
c76ff14d-ab97-30b1-abd8-b9c7fc47702c;19256c0f-bea8-4e61-9499-8cc2f84953f8;1;Carbon-14;emissions to air/low. pop.;;Carbon-14;Elementary flows/Emission to air/low population density;;;;93a60a56-a3c8-17da-a746-0800200c9a66;Radioactivity;;kBq;e9773595-284e-46dd-9671-5fc9ff406833;kBq
bf3ed7cd-1c68-3885-a211-303b53326056;bfc66f26-0b11-4e6e-9e8c-2bfde24dc23c;1;Carbon-14;emissions to air/unspecified;;Carbon-14;Elementary flows/Emission to air/unspecified;;;;93a60a56-a3c8-17da-a746-0800200c9a66;Radioactivity;;kBq;e9773595-284e-46dd-9671-5fc9ff406833;kBq
faafd00f-aa24-326a-9a73-acc8a452d2db;df5f3f08-b71d-4816-b861-59604c1e6f11;1;Carbon-14;emissions to water/ocean;;Carbon-14;Elementary flows/Emission to water/ocean;;;;93a60a56-a3c8-17da-a746-0800200c9a66;Radioactivity;;kBq;e9773595-284e-46dd-9671-5fc9ff406833;kBq
98458c54-b0fe-399b-bcb9-c29d19da445f;90975fe0-331c-4125-8881-2a454ad79542;1;Carbon-14;emissions to water/river;;Carbon-14;Elementary flows/Emission to water/fresh water;;;;93a60a56-a3c8-17da-a746-0800200c9a66;Radioactivity;;kBq;e9773595-284e-46dd-9671-5fc9ff406833;kBq
c0b09140-ad40-3389-b530-2df25014f7f0;c18f9e43-e4ad-4b3a-8ed8-638fe8015425;1;Carbon-14;emissions to water/unspecified;;Carbon-14;Elementary flows/Emission to water/unspecified;;;;93a60a56-a3c8-17da-a746-0800200c9a66;Radioactivity;;kBq;e9773595-284e-46dd-9671-5fc9ff406833;kBq
f853db63-6c48-3784-995d-d1dec0bda7c0;d69a88ae-927d-328f-b750-857b2c44131f;1;Carbonate;emissions to water/lake;;Carbonate;Elementary flows/Emission to water/lake;;;;93a60a56-a3c8-11da-a746-0800200b9a66;Mass;;kg;20aadc24-a391-41cf-b340-3e4529f44bde;kg
a1fcebab-5c42-3d99-af44-d476e1177052;0d213eaa-6dec-4669-b75e-4afeb06ac31d;1;Carbonate;emissions to water/ocean;;Carbonate;Elementary flows/Emission to water/ocean;;;;93a60a56-a3c8-11da-a746-0800200b9a66;Mass;;kg;20aadc24-a391-41cf-b340-3e4529f44bde;kg
17f57f31-17c1-35be-8b1e-cf977c021162;b713c6cf-2a23-40f6-8e8d-ef5175d16bd0;1;Carbonate;emissions to water/river;;Carbonate;Elementary flows/Emission to water/fresh water;;;;93a60a56-a3c8-11da-a746-0800200b9a66;Mass;;kg;20aadc24-a391-41cf-b340-3e4529f44bde;kg
ed10f006-9ccf-3a09-926c-178ebb3d5f71;1e7ae105-f032-4d62-b169-788cd6b9b384;1;Carboxin;emissions to soil/agricultural;;Carboxin;Elementary flows/Emission to soil/agricultural;;;;93a60a56-a3c8-11da-a746-0800200b9a66;Mass;;kg;20aadc24-a391-41cf-b340-3e4529f44bde;kg
217c6a3d-733d-3b18-b267-b3c0ca5a73dd;5bf42116-d991-4688-bf12-e3a6d9330b68;1;Carboxylic acids, unspecified;emissions to water/ocean;;Carboxylic acids, unspecified;Elementary flows/Emission to water/ocean;;;;93a60a56-a3c8-11da-a746-0800200b9a66;Mass;;kg;20aadc24-a391-41cf-b340-3e4529f44bde;kg
1b912aa2-f3be-3e44-962c-c09eaeebca53;e491b85d-bd74-4044-b2a9-c4d8902fca4d;1;Carboxylic acids, unspecified;emissions to water/river;;Carboxylic acids, unspecified;Elementary flows/Emission to water/river;;;;93a60a56-a3c8-11da-a746-0800200b9a66;Mass;;kg;20aadc24-a391-41cf-b340-3e4529f44bde;kg
fe2fd34e-549d-37f5-b1aa-89c740d1b1bc;7ae371aa-8532-11e0-9d78-0800200c9a66;1;Carbon dioxide;emissions to air/unspecified;;Carbon dioxide;Elementary flows/Emission to air/unspecified;;;;93a60a56-a3c8-11da-a746-0800200b9a66;Mass;;kg;20aadc24-a391-41cf-b340-3e4529f44bde;kg
02e4a98e-545a-3e1d-abea-9766f16571a3;2a63690a-ff84-314b-b7b8-d34b6ff130bf;1;Cerium;emissions to water/river;;Cerium;Elementary flows/Emission to water/unspecified;;;;93a60a56-a3c8-11da-a746-0800200b9a66;Mass;;kg;20aadc24-a391-41cf-b340-3e4529f44bde;kg
d6dca84f-6ff8-3d35-a50a-b6198bb216ff;550eaab3-16d8-3b28-a1a1-5aa018fd394c;1;Carbon monoxide, biogenic;emissions to air/high. pop.;;Carbon monoxide, non-fossil;Elementary flows/Emission to air/high population density;;;;93a60a56-a3c8-11da-a746-0800200b9a66;Mass;;kg;20aadc24-a391-41cf-b340-3e4529f44bde;kg
43ddae6d-9850-3d27-87a5-7ef8f4d9105c;7d65e225-0ca3-4467-82f8-a8c09d66eac0;1;Cerium-141;emissions to air/low. pop.;;Cerium-141;Elementary flows/Emission to air/low population density;;;;93a60a56-a3c8-17da-a746-0800200c9a66;Radioactivity;;kBq;e9773595-284e-46dd-9671-5fc9ff406833;kBq
de9e3854-72a2-3ccc-9332-a43aaa4dbb14;d43d6bbf-7fdc-48c8-b2be-5e4040f85ddd;1;Cerium-141;emissions to water/river;;Cerium-141;Elementary flows/Emission to water/fresh water;;;;93a60a56-a3c8-17da-a746-0800200c9a66;Radioactivity;;kBq;e9773595-284e-46dd-9671-5fc9ff406833;kBq
597b1f93-faff-3e2a-857d-06e6c8c37947;401e79d4-43a3-4000-ae78-39ba6cb80948;1;Cerium-144;emissions to water/river;;Cerium-144;Elementary flows/Emission to water/fresh water;;;;93a60a56-a3c8-17da-a746-0800200c9a66;Radioactivity;;kBq;e9773595-284e-46dd-9671-5fc9ff406833;kBq
d3ef1bd6-cd87-3077-b022-de2676bb9a14;e189eb4e-0f6a-4054-aaf8-47df28c87ec4;1;Cesium;emissions to water/ocean;;Caesium I;Elementary flows/Emission to water/ocean;;;;93a60a56-a3c8-11da-a746-0800200b9a66;Mass;;kg;20aadc24-a391-41cf-b340-3e4529f44bde;kg
f17d6f11-a797-3b67-9a30-0230ac41f194;96f0a692-ddb9-4a4c-8236-7c943929653d;1;Cesium;emissions to water/river;;Caesium I;Elementary flows/Emission to water/surface water;;;;93a60a56-a3c8-11da-a746-0800200b9a66;Mass;;kg;20aadc24-a391-41cf-b340-3e4529f44bde;kg
c04f74be-cc38-3638-938f-36e1c74e8cc8;b58c0d57-fecb-3079-aaf3-49e239bca4cb;1;Carbon monoxide, biogenic;emissions to air/low. pop.;;Carbon monoxide, non-fossil;Elementary flows/Emission to air/low population density;;;;93a60a56-a3c8-11da-a746-0800200b9a66;Mass;;kg;20aadc24-a391-41cf-b340-3e4529f44bde;kg
0b5b07ee-b63b-3af2-a1b5-f23e14c7a0cf;4f2051b8-22e6-4592-8803-1e984f8fa61b;1;Cesium-134;emissions to air/unspecified;;Caesium-134;Elementary flows/Emission to air/unspecified;;;;93a60a56-a3c8-17da-a746-0800200c9a66;Radioactivity;;kBq;e9773595-284e-46dd-9671-5fc9ff406833;kBq
e6264e68-2882-3c38-9bb1-2d3adaf4efd2;5e09ac47-20a5-46d5-a360-60586cf30478;1;Cesium-134;emissions to water/ocean;;Caesium-134;Elementary flows/Emission to water/ocean;;;;93a60a56-a3c8-17da-a746-0800200c9a66;Radioactivity;;kBq;e9773595-284e-46dd-9671-5fc9ff406833;kBq
2af64a0d-9b72-3490-b55b-ca933d01cb2a;8c66a07d-1b6f-488f-b301-afc79b46aa76;1;Cesium-134;emissions to water/river;;Caesium-134;Elementary flows/Emission to water/fresh water;;;;93a60a56-a3c8-17da-a746-0800200c9a66;Radioactivity;;kBq;e9773595-284e-46dd-9671-5fc9ff406833;kBq
a74df856-bc7d-3093-8223-e4ac11c4a847;9d9246d4-0ce3-4b47-8491-cf62e562ad38;1;Cesium-134;emissions to water/unspecified;;Caesium-134;Elementary flows/Emission to water/unspecified;;;;93a60a56-a3c8-17da-a746-0800200c9a66;Radioactivity;;kBq;e9773595-284e-46dd-9671-5fc9ff406833;kBq
405765bc-e73a-398f-94af-57fd7781c59e;d3816f54-d6be-4806-8c7b-cb4e183e73a6;1;Cesium-136;emissions to water/river;;Caesium-136;Elementary flows/Emission to water/fresh water;;;;93a60a56-a3c8-17da-a746-0800200c9a66;Radioactivity;;kBq;e9773595-284e-46dd-9671-5fc9ff406833;kBq
38bae9b4-f3fc-33bd-a2c5-ce661f1037f7;91d68678-7ed7-417a-86a7-a486c7b8a973;1;Carfentrazone-ethyl;emissions to soil/agricultural;;Carfentrazone-ethyl;Elementary flows/Emission to soil/agricultural;;;;93a60a56-a3c8-11da-a746-0800200b9a66;Mass;;kg;20aadc24-a391-41cf-b340-3e4529f44bde;kg
45b675ba-6797-3ee1-8072-2dfb15267fdb;7b87ce50-ede0-40fa-a3ee-5f72553af0e7;1;Cesium-137;emissions to air/unspecified;;Caesium-137;Elementary flows/Emission to air/unspecified;;;;93a60a56-a3c8-17da-a746-0800200c9a66;Radioactivity;;kBq;e9773595-284e-46dd-9671-5fc9ff406833;kBq
7d4a91c1-a356-36e1-84af-487ca17f4806;4057f8b4-f20a-59c9-9bb7-fdeaf5ad106d;1;Cerium;resources/in ground;;Cerium;Elementary flows/Resource/in ground;;;;93a60a56-a3c8-11da-a746-0800200b9a66;Mass;;kg;20aadc24-a391-41cf-b340-3e4529f44bde;kg
4da4fc48-0fd7-313a-9cf2-1c3ca6dab13c;0ac31b4a-b16d-40c8-928f-cdb8053d988f;1;Cesium-137;emissions to water/river;;Caesium-137;Elementary flows/Emission to water/fresh water;;;;93a60a56-a3c8-17da-a746-0800200c9a66;Radioactivity;;kBq;e9773595-284e-46dd-9671-5fc9ff406833;kBq
754170a0-6702-363c-a64d-c5b728a5ae6b;8bbe0b4c-5c9c-4959-a878-572f680e428d;1;Cesium-137;emissions to water/unspecified;;Caesium-137;Elementary flows/Emission to water/unspecified;;;;93a60a56-a3c8-17da-a746-0800200c9a66;Radioactivity;;kBq;e9773595-284e-46dd-9671-5fc9ff406833;kBq
b118b214-0e2c-38e8-8daa-321b66e77acb;85cc4ef6-5fa2-3a1e-809d-3502836bf657;1;Chemically polluted water;emissions to water/river;;Chemically polluted water;Elementary flows/Emission to water/unspecified;;;;93a60a56-a3c8-11da-a746-0800200b9a66;Mass;;kg;20aadc24-a391-41cf-b340-3e4529f44bde;kg
cafb9de9-0083-366b-a55c-729e8a2761fb;b34d0551-cb9a-4d3f-95ad-2cdb380d5cd1;1;Chloramine;emissions to air/high. pop.;;Chloramine;Elementary flows/Emission to air/high population density;;;;93a60a56-a3c8-11da-a746-0800200b9a66;Mass;;kg;20aadc24-a391-41cf-b340-3e4529f44bde;kg
61a59ce7-bc9e-3f0e-ab28-f56a58123ed6;2b84be2e-7b2a-48d1-b641-c68a5d717809;1;Chloramine;emissions to water/river;;Chloramine;Elementary flows/Emission to water/fresh water;;;;93a60a56-a3c8-11da-a746-0800200b9a66;Mass;;kg;20aadc24-a391-41cf-b340-3e4529f44bde;kg
228627c4-3e0f-3192-92b7-a32d77414321;b3ab5f13-cc7b-40be-882c-936cc8697707;1;Chlorate;emissions to water/river;;Chlorate;Elementary flows/Emission to water/fresh water;;;;93a60a56-a3c8-11da-a746-0800200b9a66;Mass;;kg;20aadc24-a391-41cf-b340-3e4529f44bde;kg
23086362-150f-38a2-a82d-1151e3198cba;024e919d-91ee-47c7-9f0b-ebe851cc61fb;1;Chlorate;emissions to water/unspecified;;Chlorate;Elementary flows/Emission to water/unspecified;;;;93a60a56-a3c8-11da-a746-0800200b9a66;Mass;;kg;20aadc24-a391-41cf-b340-3e4529f44bde;kg
fd664d19-e5ba-343c-986d-9cd5f82192df;2e3da68d-e404-4377-bce9-b35244980811;1;Chloridazon;emissions to soil/agricultural;;Chloridazon;Elementary flows/Emission to soil/agricultural;;;;93a60a56-a3c8-11da-a746-0800200b9a66;Mass;;kg;20aadc24-a391-41cf-b340-3e4529f44bde;kg
81c31b5f-2f35-3ff0-bab1-1b2f8cdfb2d3;63e7b031-8549-11e0-9d78-0800200c9a66;1;Chloride;emissions to air/unspecified;;Chloride;Elementary flows/Emission to air/unspecified;;;;93a60a56-a3c8-11da-a746-0800200b9a66;Mass;;kg;20aadc24-a391-41cf-b340-3e4529f44bde;kg
632b921c-9264-35ec-96d2-28c2e8508dea;6ab08314-53e1-4c4b-963f-3c6e6970273d;1;Chloride;emissions to soil/agricultural;;Chloride;Elementary flows/Emission to soil/agricultural;;;;93a60a56-a3c8-11da-a746-0800200b9a66;Mass;;kg;20aadc24-a391-41cf-b340-3e4529f44bde;kg
3d6be0d9-c4d2-364b-b0f4-664dc8b97f1a;b1991748-2151-4b51-8cdb-a8b4203677dc;1;Chloride;emissions to soil/industrial;;Chloride;Elementary flows/Emission to soil/industrial;;;;93a60a56-a3c8-11da-a746-0800200b9a66;Mass;;kg;20aadc24-a391-41cf-b340-3e4529f44bde;kg
adeb72bc-f194-3196-a136-384f145a152a;6c97741f-8760-4a39-9e90-b534ca137a36;1;Chloride;emissions to soil/unspecified;;Chloride;Elementary flows/Emission to soil/unspecified;;;;93a60a56-a3c8-11da-a746-0800200b9a66;Mass;;kg;20aadc24-a391-41cf-b340-3e4529f44bde;kg
39c52958-fadd-3324-8778-eed8bc0e2a89;85bec19f-c785-4364-8ef6-472b8e9dd90e;1;Chloride;emissions to water/groundwater;;Chloride;Elementary flows/Emission to water/ground water;;;;93a60a56-a3c8-11da-a746-0800200b9a66;Mass;;kg;20aadc24-a391-41cf-b340-3e4529f44bde;kg
acc520b2-cac4-3755-ac11-355683df973a;ea70cc93-c68c-4228-8b8e-1b189b4c705c;1;Chloride;emissions to water/groundwater, long-term;;Chloride;Elementary flows/Emission to water/ground water, long-term;;;;93a60a56-a3c8-11da-a746-0800200b9a66;Mass;;kg;20aadc24-a391-41cf-b340-3e4529f44bde;kg
828a092e-abc6-34a1-b06e-ebe6795450b9;294ad94c-c306-3405-85fc-2c813981af70;1;Chloride;emissions to water/lake;;Chloride;Elementary flows/Emission to water/lake;;;;93a60a56-a3c8-11da-a746-0800200b9a66;Mass;;kg;20aadc24-a391-41cf-b340-3e4529f44bde;kg
c2c7a0e9-3e43-37ca-870c-fb3bfa307ae7;97818104-9cc2-4323-97d5-c896ce171f86;1;Chloride;emissions to water/ocean;;Chloride;Elementary flows/Emission to water/ocean;;;;93a60a56-a3c8-11da-a746-0800200b9a66;Mass;;kg;20aadc24-a391-41cf-b340-3e4529f44bde;kg
31291948-4c40-3608-94f3-d8b391ede76c;ca347524-6865-416f-95b5-76e086b46fd7;1;Chloride;emissions to water/river;;Chloride;Elementary flows/Emission to water/fresh water;;;;93a60a56-a3c8-11da-a746-0800200b9a66;Mass;;kg;20aadc24-a391-41cf-b340-3e4529f44bde;kg
c8b6048a-5a46-374d-b713-fb825bd57247;cd4d51de-472f-45d4-9a04-96f5468225f7;1;Chloride;emissions to water/river, long-term;;Chloride;Elementary flows/Emission to water/river, long-term;;;;93a60a56-a3c8-11da-a746-0800200b9a66;Mass;;kg;20aadc24-a391-41cf-b340-3e4529f44bde;kg
68db5ebd-71ed-30ca-b0c2-df037600d732;6d25e386-4ef9-4d40-85c6-e694f523a4da;1;Chloride;emissions to water/unspecified;;Chloride;Elementary flows/Emission to water/unspecified;;;;93a60a56-a3c8-11da-a746-0800200b9a66;Mass;;kg;20aadc24-a391-41cf-b340-3e4529f44bde;kg
72697f57-a94a-3ec8-b2bc-e049bc328b7c;af99a064-3ca7-43cd-9c72-cf20d245b0a8;1;Chlorimuron-ethyl;emissions to soil/agricultural;;Chlorimuron-ethyl;Elementary flows/Emission to soil/agricultural;;;;93a60a56-a3c8-11da-a746-0800200b9a66;Mass;;kg;20aadc24-a391-41cf-b340-3e4529f44bde;kg
94c14ebe-be56-31e9-acb6-e43b3a5a76c3;6b9753b0-7284-4dd1-891b-01ba9f3fe5f7;1;Chlorinated solvents, unspecified;emissions to water/ocean;;Chlorinated solvents, unspecified;Elementary flows/Emission to water/ocean;;;;93a60a56-a3c8-11da-a746-0800200b9a66;Mass;;kg;20aadc24-a391-41cf-b340-3e4529f44bde;kg
31bde5a9-e453-3633-8093-b439c2d610d9;436a22ce-a3de-4551-8d14-9a7eb081ed6d;1;Chlorinated solvents, unspecified;emissions to water/river;;Chlorinated solvents, unspecified;Elementary flows/Emission to water/river;;;;93a60a56-a3c8-11da-a746-0800200b9a66;Mass;;kg;20aadc24-a391-41cf-b340-3e4529f44bde;kg
9c5377b5-df9c-341b-9906-69f8fad39020;247ac273-60fa-4e21-9408-793f75fa1d37;1;Chlorine;emissions to air/high. pop.;;Chlorine;Elementary flows/Emission to air/high population density;;;;93a60a56-a3c8-11da-a746-0800200b9a66;Mass;;kg;20aadc24-a391-41cf-b340-3e4529f44bde;kg
068162bd-918a-3441-bdd8-1cfeec212025;c76ddd9e-fd9c-47c5-9b95-ad924146f0bb;1;Chlorine;emissions to air/low. pop.;;Chlorine;Elementary flows/Emission to air/low population density;;;;93a60a56-a3c8-11da-a746-0800200b9a66;Mass;;kg;20aadc24-a391-41cf-b340-3e4529f44bde;kg
aa577682-3d93-3213-b3af-0bb48327cf32;5370addb-668e-4223-9a58-8ae947807c27;1;Chlorine;emissions to air/low. pop., long-term;;Chlorine;Elementary flows/Emission to air/low population density, long-term;;;;93a60a56-a3c8-11da-a746-0800200b9a66;Mass;;kg;20aadc24-a391-41cf-b340-3e4529f44bde;kg
df979779-377f-3594-8a45-1032f3ad5a9f;39d1390a-ded6-41cb-a536-d47510bf2fbc;1;Chlorine;emissions to air/unspecified;;Chlorine;Elementary flows/Emission to air/unspecified;;;;93a60a56-a3c8-11da-a746-0800200b9a66;Mass;;kg;20aadc24-a391-41cf-b340-3e4529f44bde;kg
b55f6609-0930-37e6-8a80-7734d3e47c27;61959a56-e6c3-4f90-951d-a64be86964d6;1;Chlorine;emissions to soil/industrial;;Chlorine;Elementary flows/Emission to soil/industrial;;;;93a60a56-a3c8-11da-a746-0800200b9a66;Mass;;kg;20aadc24-a391-41cf-b340-3e4529f44bde;kg
86b175b5-9eae-3e99-b340-241a6e3e0c25;42ac7dee-8152-4874-a742-c1c432792a3a;1;Chlorine;emissions to soil/unspecified;;Chlorine;Elementary flows/Emission to soil/unspecified;;;;93a60a56-a3c8-11da-a746-0800200b9a66;Mass;;kg;20aadc24-a391-41cf-b340-3e4529f44bde;kg
6f4dcce9-1d98-3c94-b7f0-224c63b74820;d17f1c53-ff95-4005-9f1b-131ca9791cdb;1;Chlorine;emissions to water/groundwater;;Chlorine;Elementary flows/Emission to water/ground water;;;;93a60a56-a3c8-11da-a746-0800200b9a66;Mass;;kg;20aadc24-a391-41cf-b340-3e4529f44bde;kg
095d4dad-8cd4-3d45-abee-53f98fa79d2b;5c713f70-cf9f-4854-bd25-28c6f1082868;1;Chlorine;emissions to water/river;;Chlorine;Elementary flows/Emission to water/fresh water;;;;93a60a56-a3c8-11da-a746-0800200b9a66;Mass;;kg;20aadc24-a391-41cf-b340-3e4529f44bde;kg
e3180797-67b2-34a8-bffe-3d4f72b31fc9;e8641a14-fd07-4090-8daf-2cce2a557a81;1;Chlorine;emissions to water/unspecified;;Chlorine;Elementary flows/Emission to water/unspecified;;;;93a60a56-a3c8-11da-a746-0800200b9a66;Mass;;kg;20aadc24-a391-41cf-b340-3e4529f44bde;kg
d6b74e5a-3659-31ae-b880-c7fd60960f8e;79744e20-ead1-4efe-8854-78145fd72aaf;1;Chlorine dioxide;emissions to air/unspecified;;Chlorine dioxide;Elementary flows/Emission to air/unspecified;;;;93a60a56-a3c8-11da-a746-0800200b9a66;Mass;;kg;20aadc24-a391-41cf-b340-3e4529f44bde;kg
60adeee5-68bc-37b7-b6a2-533a24db6151;f0fb5b72-294e-4d86-b433-883e5f6e97fd;1;Chlormequat;emissions to soil/agricultural;;Chlormequat;Elementary flows/Emission to soil/agricultural;;;;93a60a56-a3c8-11da-a746-0800200b9a66;Mass;;kg;20aadc24-a391-41cf-b340-3e4529f44bde;kg
7a621103-a4c2-37a0-946b-0f5fa63916f1;ed38a7d2-ffa5-4c28-9aea-dd9df0d1898b;1;Chloroacetic acid;emissions to air/high. pop.;;Chloroacetic acid;Elementary flows/Emission to air/high population density;;;;93a60a56-a3c8-11da-a746-0800200b9a66;Mass;;kg;20aadc24-a391-41cf-b340-3e4529f44bde;kg
c385d4cb-bc76-3b26-bbeb-4c7f179b4cb1;cdcbbd53-293a-41ef-a3d4-c599a86d29e3;1;Chloroacetic acid;emissions to water/river;;Chloroacetic acid;Elementary flows/Emission to water/fresh water;;;;93a60a56-a3c8-11da-a746-0800200b9a66;Mass;;kg;20aadc24-a391-41cf-b340-3e4529f44bde;kg
f9e38b56-915b-30d6-82db-9de712ba119e;165fe087-fe45-444f-92d7-9f00ecf10a3e;1;Chloroacetyl chloride;emissions to water/river;;Chloroacetyl chloride;Elementary flows/Emission to water/fresh water;;;;93a60a56-a3c8-11da-a746-0800200b9a66;Mass;;kg;20aadc24-a391-41cf-b340-3e4529f44bde;kg
d686a51e-c056-33bf-8666-79354b82648d;4cadbc9f-0472-4bb9-a942-df5b90e37878;1;Chloroform;emissions to air/high. pop.;;Chloroform;Elementary flows/Emission to air/high population density;;;;93a60a56-a3c8-11da-a746-0800200b9a66;Mass;;kg;20aadc24-a391-41cf-b340-3e4529f44bde;kg
78e3f733-6f53-34b4-b074-dadc245cc764;fa9b9736-6de8-4bd6-ba22-1bd78c798373;1;Chloroform;emissions to air/low. pop.;;Chloroform;Elementary flows/Emission to air/low population density;;;;93a60a56-a3c8-11da-a746-0800200b9a66;Mass;;kg;20aadc24-a391-41cf-b340-3e4529f44bde;kg
6c4de5ab-4363-3369-989d-dad579517d3b;fbf6ab3a-74e3-4cbe-b61d-959728bdce46;1;Chloroform;emissions to air/unspecified;;Chloroform;Elementary flows/Emission to air/unspecified;;;;93a60a56-a3c8-11da-a746-0800200b9a66;Mass;;kg;20aadc24-a391-41cf-b340-3e4529f44bde;kg
8453c02b-2945-3d49-a616-acc30276e5f0;5ce5a503-6244-4272-b306-0e67b73fcac3;1;Chloroform;emissions to water/river;;Chloroform;Elementary flows/Emission to water/fresh water;;;;93a60a56-a3c8-11da-a746-0800200b9a66;Mass;;kg;20aadc24-a391-41cf-b340-3e4529f44bde;kg
f34180f4-acc6-39c3-99e5-bf681aed9ff0;3d5051b0-08d6-40ef-8d0c-de90edb39c39;1;Chloroform;emissions to water/unspecified;;Chloroform;Elementary flows/Emission to water/unspecified;;;;93a60a56-a3c8-11da-a746-0800200b9a66;Mass;;kg;20aadc24-a391-41cf-b340-3e4529f44bde;kg
145504cf-92c3-315f-a6f4-9ee375b26fae;0131a35d-1d37-46ee-aed2-5ca12ac07ad4;1;Chlorosilane, trimethyl-;emissions to air/high. pop.;;Trimethylchlorosilane;Elementary flows/Emission to air/high population density;;;;93a60a56-a3c8-11da-a746-0800200b9a66;Mass;;kg;20aadc24-a391-41cf-b340-3e4529f44bde;kg
ef42e0bc-b19b-335d-a8b3-1fde914bece4;b66104c3-8096-4c8d-abbc-cae04770d8d1;1;Chlorosilane, trimethyl-;emissions to air/low. pop., long-term;;Trimethylchlorosilane;Elementary flows/Emission to air/low population density, long-term;;;;93a60a56-a3c8-11da-a746-0800200b9a66;Mass;;kg;20aadc24-a391-41cf-b340-3e4529f44bde;kg
662105c8-d8c9-3086-8789-cb6fa62423a2;fa442f6a-4fc6-4c57-942b-c84c6c41c8b4;1;Chlorosilane, trimethyl-;emissions to air/unspecified;;Trimethylchlorosilane;Elementary flows/Emission to air/unspecified;;;;93a60a56-a3c8-11da-a746-0800200b9a66;Mass;;kg;20aadc24-a391-41cf-b340-3e4529f44bde;kg
700d84b9-2b46-33ec-8f8b-4ce3e92941a1;d46ae140-6502-4335-ab1c-9d6eab19ce78;1;Chlorosulfonic acid;emissions to air/high. pop.;;Chlorosulfonic acid;Elementary flows/Emission to air/high population density;;;;93a60a56-a3c8-11da-a746-0800200b9a66;Mass;;kg;20aadc24-a391-41cf-b340-3e4529f44bde;kg
b2c15c7e-4d3c-3d50-9d71-b773ff1b5d34;c7d6ba99-2de5-4a3d-9a9d-f3303c2d9a5b;1;Chlorosulfonic acid;emissions to water/river;;Chlorosulfonic acid;Elementary flows/Emission to water/fresh water;;;;93a60a56-a3c8-11da-a746-0800200b9a66;Mass;;kg;20aadc24-a391-41cf-b340-3e4529f44bde;kg
8745ff1b-d3dc-377b-9122-c04808933047;06b8a67f-5044-4060-be71-04e1dfc31e24;1;Chlorothalonil;emissions to soil/agricultural;;Chlorothalonil;Elementary flows/Emission to soil/agricultural;;;;93a60a56-a3c8-11da-a746-0800200b9a66;Mass;;kg;20aadc24-a391-41cf-b340-3e4529f44bde;kg
87bec94c-ed0c-38e0-8005-f6a1c5027a9a;736923cd-6eb7-4896-98f8-46951d56da97;1;Chlorpyrifos;emissions to soil/agricultural;;Chlorpyrifos;Elementary flows/Emission to soil/agricultural;;;;93a60a56-a3c8-11da-a746-0800200b9a66;Mass;;kg;20aadc24-a391-41cf-b340-3e4529f44bde;kg
98a886ef-1f70-3585-a92b-51dc3f3ad890;e8bc4c9e-c34f-4983-aea0-2433f3397a3a;1;Chlortoluron;emissions to soil/agricultural;;Chlorotoluron;Elementary flows/Emission to soil/agricultural;;;;93a60a56-a3c8-11da-a746-0800200b9a66;Mass;;kg;20aadc24-a391-41cf-b340-3e4529f44bde;kg
1f42e935-b32c-38d5-8694-70594cfa5096;4dbacf72-5a37-407e-9f02-1e618e58075a;1;Chlorsulfuron;emissions to soil/agricultural;;Chlorsulfuron;Elementary flows/Emission to soil/agricultural;;;;93a60a56-a3c8-11da-a746-0800200b9a66;Mass;;kg;20aadc24-a391-41cf-b340-3e4529f44bde;kg
f955efb5-3329-3ae3-a64a-e2966d3e3986;2b3cf153-0dd6-4b79-b0d4-b4df832f3a7e;1;Chlorpyrifos methyl;emissions to soil/agricultural;;Chlorpyrifos methyl;Elementary flows/Emission to soil/agricultural;;;;93a60a56-a3c8-11da-a746-0800200b9a66;Mass;;kg;20aadc24-a391-41cf-b340-3e4529f44bde;kg
a8971773-5043-35ab-9fec-4b9346ef14d3;69b50a29-addb-455f-823d-ed2ed68e8bb5;1;Choline chloride;emissions to soil/agricultural;;Choline chloride;Elementary flows/Emission to soil/agricultural;;;;93a60a56-a3c8-11da-a746-0800200b9a66;Mass;;kg;20aadc24-a391-41cf-b340-3e4529f44bde;kg
047c802e-9e63-34f2-96e9-3b2f7b0985fc;a60e0354-94a4-4377-8ded-21f5db15f753;1;Chromium;emissions to air/high. pop.;;Chromium III;Elementary flows/Emission to air/high population density;;;;93a60a56-a3c8-11da-a746-0800200b9a66;Mass;;kg;20aadc24-a391-41cf-b340-3e4529f44bde;kg
45f2ab32-e825-3e55-bca3-7fcf33ca1f01;017c1ca1-8e93-3c85-b743-c8676bfd305a;1;Chromium;emissions to air/low. pop.;;Chromium III;Elementary flows/Emission to air/low population density;;;;93a60a56-a3c8-11da-a746-0800200b9a66;Mass;;kg;20aadc24-a391-41cf-b340-3e4529f44bde;kg
79be44d0-770b-3add-bd3c-74cd2583da36;e6849199-0b26-30c5-a172-d9ed0dcdc6d8;1;Chromium;emissions to air/stratosphere + troposphere;;Chromium III;Elementary flows/Emission to air/lower stratosphere + upper troposphere;;;;93a60a56-a3c8-11da-a746-0800200b9a66;Mass;;kg;20aadc24-a391-41cf-b340-3e4529f44bde;kg
09533841-9232-306d-996b-aa29b3efe771;08a91e70-3ddc-11dd-9f7b-0050c2490048;1;Chromium;emissions to air/unspecified;;Chromium III;Elementary flows/Emission to air/unspecified;;;;93a60a56-a3c8-11da-a746-0800200b9a66;Mass;;kg;20aadc24-a391-41cf-b340-3e4529f44bde;kg
812a34c7-3c0c-3fec-b304-db4ea53a9e86;08a91e70-3ddc-11dd-9f7b-0050c2490048;1;Chromium III;emissions to air/unspecified;;Chromium III;Elementary flows/Emission to air/unspecified;;;;93a60a56-a3c8-11da-a746-0800200b9a66;Mass;;kg;20aadc24-a391-41cf-b340-3e4529f44bde;kg
e460f70b-2435-35d3-bc65-0f22bab2a626;08a91e70-3ddc-11dd-9f79-0050c2490048;1;Chromium;emissions to soil/agricultural;;Chromium III;Elementary flows/Emission to soil/agricultural;;;;93a60a56-a3c8-11da-a746-0800200b9a66;Mass;;kg;20aadc24-a391-41cf-b340-3e4529f44bde;kg
ca555d50-727c-347c-bb7c-2229b909db72;08a91e70-3ddc-11dd-9f79-0050c2490048;1;Chromium III;emissions to soil/agricultural;;Chromium III;Elementary flows/Emission to soil/agricultural;;;;93a60a56-a3c8-11da-a746-0800200b9a66;Mass;;kg;20aadc24-a391-41cf-b340-3e4529f44bde;kg
74b6bede-3761-3c65-873f-95f0acaa6c16;9c2b7226-37a8-4958-bb1b-d7a062d9e509;1;Chromium;emissions to soil/industrial;;Chromium III;Elementary flows/Emission to soil/industrial;;;;93a60a56-a3c8-11da-a746-0800200b9a66;Mass;;kg;20aadc24-a391-41cf-b340-3e4529f44bde;kg
28959d47-4aa0-334a-bfde-dfe61f3e84e1;9c2b7226-37a8-4958-bb1b-d7a062d9e509;1;Chromium III;emissions to soil/industrial;;Chromium III;Elementary flows/Emission to soil/industrial;;;;93a60a56-a3c8-11da-a746-0800200b9a66;Mass;;kg;20aadc24-a391-41cf-b340-3e4529f44bde;kg
569c0af7-3bc0-39dd-865e-f4411211d612;e0336c9b-a0ff-4ae3-b8bb-ca1e46bbbc11;1;Chromium;emissions to soil/unspecified;;Chromium III;Elementary flows/Emission to soil/unspecified;;;;93a60a56-a3c8-11da-a746-0800200b9a66;Mass;;kg;20aadc24-a391-41cf-b340-3e4529f44bde;kg
517590d8-13cc-32d0-9869-8e36d759d5e4;7c84d9a4-a5bb-4fe5-95ad-b51a096a255a;1;Chromium;emissions to water/river;;Chromium III;Elementary flows/Emission to water/fresh water;;;;93a60a56-a3c8-11da-a746-0800200b9a66;Mass;;kg;20aadc24-a391-41cf-b340-3e4529f44bde;kg
2ead52d0-48ae-301d-90d8-245dec472558;7c84d9a4-a5bb-4fe5-95ad-b51a096a255a;1;Chromium III;emissions to water/river;;Chromium III;Elementary flows/Emission to water/fresh water;;;;93a60a56-a3c8-11da-a746-0800200b9a66;Mass;;kg;20aadc24-a391-41cf-b340-3e4529f44bde;kg
a803a01d-c949-3e1c-93e8-860d6e6349fa;e189e2d4-3d3f-4ada-b302-91611784311f;1;Chromium;resources/in ground;;Chromium;Elementary flows/Resource/in ground;;;;93a60a56-a3c8-11da-a746-0800200b9a66;Mass;;kg;20aadc24-a391-41cf-b340-3e4529f44bde;kg
8f6818f6-b487-3db8-8dee-2a861eab7847;1c87de06-e58f-4684-a54c-d29f1a251a87;1;Chromium;emissions to water/groundwater;;Chromium III;Elementary flows/Emission to water/ground water;;;;93a60a56-a3c8-11da-a746-0800200b9a66;Mass;;kg;20aadc24-a391-41cf-b340-3e4529f44bde;kg
e591484b-3743-3e38-9a40-c42761d37ed5;58bf9dfe-8bbb-4970-8a62-1fc90606d402;1;Chromium;emissions to water/lake;;Chromium III;Elementary flows/Emission to water/lake;;;;93a60a56-a3c8-11da-a746-0800200b9a66;Mass;;kg;20aadc24-a391-41cf-b340-3e4529f44bde;kg
5ef92346-3ca8-323a-9620-94cfbb3785fd;d98f0ec0-bf19-4c90-a457-a8593dec497f;1;Chromium;emissions to water/ocean;;Chromium III;Elementary flows/Emission to water/ocean;;;;93a60a56-a3c8-11da-a746-0800200b9a66;Mass;;kg;20aadc24-a391-41cf-b340-3e4529f44bde;kg
c145f63f-dd89-39d9-bb38-92367c12786b;63e7b036-8549-11e0-9d78-0800200c9a66;1;Chromium;emissions to water/unspecified;;Chromium III;Elementary flows/Emission to water/unspecified;;;;93a60a56-a3c8-11da-a746-0800200b9a66;Mass;;kg;20aadc24-a391-41cf-b340-3e4529f44bde;kg
0cf484ec-278f-339e-97b7-530fa6180703;63e7b036-8549-11e0-9d78-0800200c9a66;1;Chromium III;emissions to water/unspecified;;Chromium III;Elementary flows/Emission to water/unspecified;;;;93a60a56-a3c8-11da-a746-0800200b9a66;Mass;;kg;20aadc24-a391-41cf-b340-3e4529f44bde;kg
307bd097-19f1-38ad-b83e-75fd6b7b5b6c;7a59e8d5-cd11-4ee7-b1ca-30979d2b0b3a;1;Chromium VI;emissions to air/high. pop.;;Chromium VI;Elementary flows/Emission to air/high population density;;;;93a60a56-a3c8-11da-a746-0800200b9a66;Mass;;kg;20aadc24-a391-41cf-b340-3e4529f44bde;kg
28d064bf-6a0d-3ffb-a52a-0bce38cb1b06;03b279a7-4626-4703-a451-d0650599dbd9;1;Chromium VI;emissions to air/low. pop.;;Chromium VI;Elementary flows/Emission to air/low population density;;;;93a60a56-a3c8-11da-a746-0800200b9a66;Mass;;kg;20aadc24-a391-41cf-b340-3e4529f44bde;kg
e055ffc7-7a26-3d24-8517-b66de8bb57b1;c2e854f9-fe22-4fe7-9083-cf6d0a8c7254;1;Chromium VI;emissions to air/low. pop., long-term;;Chromium VI;Elementary flows/Emission to air/low population density, long-term;;;;93a60a56-a3c8-11da-a746-0800200b9a66;Mass;;kg;20aadc24-a391-41cf-b340-3e4529f44bde;kg
c37fc696-5d22-3c39-a1dc-5a54c08b7c69;81e17d9a-3e0b-414e-9b2e-eca7e5b3bd4a;1;Chromium VI;emissions to air/unspecified;;Chromium VI;Elementary flows/Emission to air/unspecified;;;;93a60a56-a3c8-11da-a746-0800200b9a66;Mass;;kg;20aadc24-a391-41cf-b340-3e4529f44bde;kg
5247b64f-08ee-33ba-b07d-d23bdaadffda;68ba2022-830e-45fb-8c85-b35e94754ae9;1;Chromium VI;emissions to soil/unspecified;;Chromium VI;Elementary flows/Emission to soil/unspecified;;;;93a60a56-a3c8-11da-a746-0800200b9a66;Mass;;kg;20aadc24-a391-41cf-b340-3e4529f44bde;kg
bb568245-961e-3078-8b60-d55dd2e5f7a8;9bbae55a-35de-4eff-a219-814a9fec5ac2;1;Chromium VI;emissions to water/groundwater;;Chromium VI;Elementary flows/Emission to water/ground water;;;;93a60a56-a3c8-11da-a746-0800200b9a66;Mass;;kg;20aadc24-a391-41cf-b340-3e4529f44bde;kg
fbfd3779-6040-3610-bad3-cb858b51d9e9;ef475b50-9cd0-4e7c-9c59-07868fe16e91;1;Chromium VI;emissions to water/groundwater, long-term;;Chromium VI;Elementary flows/Emission to water/ground water, long-term;;;;93a60a56-a3c8-11da-a746-0800200b9a66;Mass;;kg;20aadc24-a391-41cf-b340-3e4529f44bde;kg
76d43c30-70ea-324e-9756-437d445ae16e;81b3321a-c9d8-4104-a974-5460f1bc5029;1;Chromium VI;emissions to water/ocean;;Chromium VI;Elementary flows/Emission to water/ocean;;;;93a60a56-a3c8-11da-a746-0800200b9a66;Mass;;kg;20aadc24-a391-41cf-b340-3e4529f44bde;kg
d12206c6-1d69-3c24-81e3-479fbb7d64e3;caa6bc06-e7e6-4f08-acd3-2163db51e395;1;Chromium VI;emissions to water/river;;Chromium VI;Elementary flows/Emission to water/fresh water;;;;93a60a56-a3c8-11da-a746-0800200b9a66;Mass;;kg;20aadc24-a391-41cf-b340-3e4529f44bde;kg
33030e9a-179d-3273-b1b8-3c6d98db2e2a;a9ec0c9b-982a-4329-99ae-dab1f9fb62d3;1;Chromium VI;emissions to water/unspecified;;Chromium VI;Elementary flows/Emission to water/unspecified;;;;93a60a56-a3c8-11da-a746-0800200b9a66;Mass;;kg;20aadc24-a391-41cf-b340-3e4529f44bde;kg
bbd1850d-6e0a-36a5-8215-6a36d194f664;4bb0b90f-08cf-3dbb-806d-93a198d4a0a6;1;Chromium, resource correction;resources/in ground;;Chromium, resource correction;Elementary flows/Resource/unspecified;;;;93a60a56-a3c8-11da-a746-0800200b9a66;Mass;;kg;20aadc24-a391-41cf-b340-3e4529f44bde;kg
fba6dad8-8aa3-373e-9ee0-45b24d20b312;caffa231-9312-46b9-bbdf-c2782d225ef0;1;Chromium-51;emissions to air/low. pop.;;Chromium-51;Elementary flows/Emission to air/low population density;;;;93a60a56-a3c8-17da-a746-0800200c9a66;Radioactivity;;kBq;e9773595-284e-46dd-9671-5fc9ff406833;kBq
8a56fe78-82c2-37cb-9263-0b6caa363e11;089c048e-f098-452a-b0da-f3480d8725bd;1;Chromium-51;emissions to water/river;;Chromium-51;Elementary flows/Emission to water/fresh water;;;;93a60a56-a3c8-17da-a746-0800200c9a66;Radioactivity;;kBq;e9773595-284e-46dd-9671-5fc9ff406833;kBq
f6b10e16-2a8c-3ba9-9e4d-a74b8b520687;c492ac36-a5e1-446c-92c5-110a55654a80;1;Chrysene;emissions to air/unspecified;;Chrysene;Elementary flows/Emission to air/unspecified;;;;93a60a56-a3c8-11da-a746-0800200b9a66;Mass;;kg;20aadc24-a391-41cf-b340-3e4529f44bde;kg
603cec69-0420-36ad-9e5a-73729d1f4aee;fe0acd60-3ddc-11dd-a7b9-0050c2490048;1;Chrysene;emissions to water/ocean;;Chrysene;Elementary flows/Emission to water/ocean;;;;93a60a56-a3c8-11da-a746-0800200b9a66;Mass;;kg;20aadc24-a391-41cf-b340-3e4529f44bde;kg
192cb836-c64b-36b1-b6de-1b435c2d3f6a;680e7af3-30cb-4581-b650-b04fa1eb791a;1;Chrysene;emissions to water/river;;Chrysene;Elementary flows/Emission to water/fresh water;;;;93a60a56-a3c8-11da-a746-0800200b9a66;Mass;;kg;20aadc24-a391-41cf-b340-3e4529f44bde;kg
b68db1c4-a5b6-3b4d-b0fc-3650581687e2;c5f5aeb8-7558-4a0c-9594-27621b9cfbc5;1;Chrysotile;resources/in ground;;Chrysotile;Elementary flows/Resource/in ground;;;;93a60a56-a3c8-11da-a746-0800200b9a66;Mass;;kg;20aadc24-a391-41cf-b340-3e4529f44bde;kg
13e71472-0563-3252-83c4-bf0e367ba4f0;c0f2ec91-162c-4706-b08c-9aa212fbe176;1;Cinidon-ethyl;emissions to soil/agricultural;;Cinidon-ethyl;Elementary flows/Emission to soil/agricultural;;;;93a60a56-a3c8-11da-a746-0800200b9a66;Mass;;kg;20aadc24-a391-41cf-b340-3e4529f44bde;kg
2e31c016-9a74-3ba8-9fcf-2d006b731d61;15545dca-018d-4f7f-aa1f-796b707180af;1;Cinnabar;resources/in ground;;Cinnabar;Elementary flows/Resource/in ground;;;;93a60a56-a3c8-11da-a746-0800200b9a66;Mass;;kg;20aadc24-a391-41cf-b340-3e4529f44bde;kg
5518add2-0791-38c5-924a-710a3a116e38;f509a295-e2a2-37cb-b61e-94807d9be413;1;Clay;resources/in ground;;Clay;Elementary flows/Resource/in ground;;;;93a60a56-a3c8-11da-a746-0800200b9a66;Mass;;kg;20aadc24-a391-41cf-b340-3e4529f44bde;kg
a64f2142-35ce-3db0-8170-836cddc9caee;93806a54-46f5-409c-99c5-4144a1e73b5d;1;Clay, bentonite;resources/in ground;;Clay, bentonite;Elementary flows/Resource/in ground;;;;93a60a56-a3c8-11da-a746-0800200b9a66;Mass;;kg;20aadc24-a391-41cf-b340-3e4529f44bde;kg
6f2864e3-5045-3345-baca-e7391497a51f;f7519ca9-5ffc-41c3-a33e-806da82cfc0e;1;Clay, unspecified;resources/in ground;;Clay, unspecified;Elementary flows/Resource/in ground;;;;93a60a56-a3c8-11da-a746-0800200b9a66;Mass;;kg;20aadc24-a391-41cf-b340-3e4529f44bde;kg
d9b64242-fc87-3705-bfde-0a057a1d5efb;873d28d3-e53b-46a6-aaa0-63b923f0a56c;1;Clethodim;emissions to soil/agricultural;;Clethodim;Elementary flows/Emission to soil/agricultural;;;;93a60a56-a3c8-11da-a746-0800200b9a66;Mass;;kg;20aadc24-a391-41cf-b340-3e4529f44bde;kg
5dc7501e-c668-3f85-bc5c-77cf4260e774;29fba89c-b900-4160-a5f1-129916933bca;1;Clodinafop-propargyl;emissions to soil/agricultural;;Clodinafop-propargyl;Elementary flows/Emission to soil/agricultural;;;;93a60a56-a3c8-11da-a746-0800200b9a66;Mass;;kg;20aadc24-a391-41cf-b340-3e4529f44bde;kg
822af32c-808f-33ee-b970-5fde3b82c3e8;7120eec5-cf9a-4c69-83f2-f1a58813754c;1;Clomazone;emissions to soil/agricultural;;Clomazone;Elementary flows/Emission to soil/agricultural;;;;93a60a56-a3c8-11da-a746-0800200b9a66;Mass;;kg;20aadc24-a391-41cf-b340-3e4529f44bde;kg
e1d0d0cd-f845-30e4-ba45-7cf11942043f;a40f1ce3-e72f-48fa-8bba-174a1d4bf922;1;Clopyralid;emissions to soil/agricultural;;Clopyralid;Elementary flows/Emission to soil/agricultural;;;;93a60a56-a3c8-11da-a746-0800200b9a66;Mass;;kg;20aadc24-a391-41cf-b340-3e4529f44bde;kg
99d92ebd-3a0a-3965-a0a4-d8614ff87146;50eebfd4-1b99-45d6-a149-68a6d4568cb4;1;Cloquintocet-mexyl;emissions to soil/agricultural;;Cloquintocet-mexyl;Elementary flows/Emission to soil/agricultural;;;;93a60a56-a3c8-11da-a746-0800200b9a66;Mass;;kg;20aadc24-a391-41cf-b340-3e4529f44bde;kg
13d147d9-46d1-329c-a2e7-0ab7c366b0ac;d0431945-ea71-4257-9be6-78a849cd5440;1;Cloransulam-methyl;emissions to soil/agricultural;;Cloransulam-methyl;Elementary flows/Emission to soil/agricultural;;;;93a60a56-a3c8-11da-a746-0800200b9a66;Mass;;kg;20aadc24-a391-41cf-b340-3e4529f44bde;kg
a7a1441d-42ac-33f7-85bc-f40e071f74a1;024c9722-1e88-412b-8c4b-10c532be8dca;1;Coal, brown;resources/in ground;;Coal, brown;Elementary flows/Resource/in ground;;;;93a60a56-a3c8-11da-a746-0800200b9a66;Mass;;kg;20aadc24-a391-41cf-b340-3e4529f44bde;kg
91e25ff1-a420-3569-9138-487fc824137d;b6d0042d-0ef8-49ed-9162-a07ff1ccf750;1;Coal, hard;resources/in ground;;Coal, hard;Elementary flows/Resource/in ground;;;;93a60a56-a3c8-11da-a746-0800200b9a66;Mass;;kg;20aadc24-a391-41cf-b340-3e4529f44bde;kg
90fb2b0b-af3d-3ec5-b4ed-edf2740253b8;ca04300a-8338-4601-ba7c-66c10a4f6322;1;Cobalt;emissions to air/high. pop.;;Cobalt II;Elementary flows/Emission to air/high population density;;;;93a60a56-a3c8-11da-a746-0800200b9a66;Mass;;kg;20aadc24-a391-41cf-b340-3e4529f44bde;kg
58d2d6bc-934f-3bfa-b12f-fe9d2a71af02;b10faa87-2c1d-4f6e-aa65-9f80b376939a;1;Cobalt;emissions to air/low. pop.;;Cobalt II;Elementary flows/Emission to air/low population density;;;;93a60a56-a3c8-11da-a746-0800200b9a66;Mass;;kg;20aadc24-a391-41cf-b340-3e4529f44bde;kg
bb60ee54-a890-3b94-9bd3-087ba46aa5cc;74eb3f02-09ec-46ce-8ee8-d67d0900136b;1;Cobalt;emissions to air/low. pop., long-term;;Cobalt II;Elementary flows/Emission to air/low population density, long-term;;;;93a60a56-a3c8-11da-a746-0800200b9a66;Mass;;kg;20aadc24-a391-41cf-b340-3e4529f44bde;kg
0917f001-f3fb-3226-91d5-91d0024e7b8c;f0e28a62-ddf9-4c93-af81-676a58c3f2d4;1;Cobalt;emissions to air/unspecified;;Cobalt II;Elementary flows/Emission to air/unspecified;;;;93a60a56-a3c8-11da-a746-0800200b9a66;Mass;;kg;20aadc24-a391-41cf-b340-3e4529f44bde;kg
cb4d11ec-e552-3499-9db9-8150fde8e454;9542444c-7c7a-48e2-bc9c-9c7c34fb7b3e;1;Cobalt;emissions to soil/agricultural;;Cobalt II;Elementary flows/Emission to soil/agricultural;;;;93a60a56-a3c8-11da-a746-0800200b9a66;Mass;;kg;20aadc24-a391-41cf-b340-3e4529f44bde;kg
4a37f5cc-0dc1-3f3f-9e69-0602af0c3771;381a22c9-3722-4378-810d-86958f7b6d32;1;Cobalt;emissions to soil/industrial;;Cobalt II;Elementary flows/Emission to soil/industrial;;;;93a60a56-a3c8-11da-a746-0800200b9a66;Mass;;kg;20aadc24-a391-41cf-b340-3e4529f44bde;kg
d3094f44-76f8-35fa-a957-b816ac80ddbe;12051b95-831a-49c0-9a70-fbc0e8fb9af9;1;Cobalt;emissions to soil/unspecified;;Cobalt II;Elementary flows/Emission to soil/unspecified;;;;93a60a56-a3c8-11da-a746-0800200b9a66;Mass;;kg;20aadc24-a391-41cf-b340-3e4529f44bde;kg
4636d9ad-0ccf-3aa7-8353-12c7b19116d3;f0d1c319-249f-4a89-b0e7-3a5a90a54036;1;Cobalt;emissions to water/groundwater;;Cobalt II;Elementary flows/Emission to water/ground water;;;;93a60a56-a3c8-11da-a746-0800200b9a66;Mass;;kg;20aadc24-a391-41cf-b340-3e4529f44bde;kg
8d4cbf13-a6b5-3a8d-9100-4fd9bf2e971f;1e904267-caa3-40e6-a3a0-fc104489770b;1;Cobalt;emissions to water/groundwater, long-term;;Cobalt II;Elementary flows/Emission to water/ground water, long-term;;;;93a60a56-a3c8-11da-a746-0800200b9a66;Mass;;kg;20aadc24-a391-41cf-b340-3e4529f44bde;kg
f64b4523-29ba-360f-938c-1a8230110fb2;caf066cf-40ce-47a8-ba4c-969fcd6019c7;1;Cobalt;emissions to water/ocean;;Cobalt II;Elementary flows/Emission to water/ocean;;;;93a60a56-a3c8-11da-a746-0800200b9a66;Mass;;kg;20aadc24-a391-41cf-b340-3e4529f44bde;kg
128710fb-4fe8-324d-a61f-aca165fab483;e69510c5-d9c6-42aa-a6cb-ff6336b3eae4;1;Cobalt;emissions to water/river;;Cobalt II;Elementary flows/Emission to water/fresh water;;;;93a60a56-a3c8-11da-a746-0800200b9a66;Mass;;kg;20aadc24-a391-41cf-b340-3e4529f44bde;kg
dd9dab7c-2aad-36b1-b362-869ab2bfa68b;33627701-feca-434d-a192-674a450eaaf7;1;Cobalt;emissions to water/unspecified;;Cobalt II;Elementary flows/Emission to water/unspecified;;;;93a60a56-a3c8-11da-a746-0800200b9a66;Mass;;kg;20aadc24-a391-41cf-b340-3e4529f44bde;kg
e033ceba-09d9-3ad9-828f-787546b36709;d0779a5e-6969-4144-954e-ceb81fb83f15;1;Cobalt;resources/in ground;;Cobalt;Elementary flows/Resource/in ground;;;;93a60a56-a3c8-11da-a746-0800200b9a66;Mass;;kg;20aadc24-a391-41cf-b340-3e4529f44bde;kg
a1169899-e191-36cc-8334-77a6ae891f8e;9639cba1-6e37-4b14-9a3b-cd98e01ec1f2;1;Cobalt-57;emissions to water/river;;Cobalt-57;Elementary flows/Emission to water/fresh water;;;;93a60a56-a3c8-17da-a746-0800200c9a66;Radioactivity;;kBq;e9773595-284e-46dd-9671-5fc9ff406833;kBq
ee722ffa-97db-3e59-8e2c-13f6a8d6650d;033fb239-a6c7-4486-9f92-f5a80b346778;1;Cobalt-58;emissions to air/low. pop.;;Cobalt-58;Elementary flows/Emission to air/low population density;;;;93a60a56-a3c8-17da-a746-0800200c9a66;Radioactivity;;kBq;e9773595-284e-46dd-9671-5fc9ff406833;kBq
9f59e9ae-34e9-3c45-bd15-d64d28e55e66;70d0e8c8-8c46-4eee-ad05-92f05e8f129e;1;Cobalt-58;emissions to air/unspecified;;Cobalt-58;Elementary flows/Emission to air/unspecified;;;;93a60a56-a3c8-17da-a746-0800200c9a66;Radioactivity;;kBq;e9773595-284e-46dd-9671-5fc9ff406833;kBq
f9932526-71f1-3c65-9e01-136d07035f1c;305af6f4-1a7e-487e-8479-0e37e3ec9d9e;1;Cobalt-58;emissions to water/river;;Cobalt-58;Elementary flows/Emission to water/fresh water;;;;93a60a56-a3c8-17da-a746-0800200c9a66;Radioactivity;;kBq;e9773595-284e-46dd-9671-5fc9ff406833;kBq
228a0f12-63d8-3e5a-a654-6a908d0146bb;4a838a42-fa78-4b0a-92f9-588a3660809b;1;Cobalt-58;emissions to water/unspecified;;Cobalt-58;Elementary flows/Emission to water/unspecified;;;;93a60a56-a3c8-17da-a746-0800200c9a66;Radioactivity;;kBq;e9773595-284e-46dd-9671-5fc9ff406833;kBq
97293780-2dda-31b9-8265-a5461d745fd4;441ef9b3-0df0-461b-bd84-358973e0c2ca;1;Cobalt-60;emissions to air/low. pop.;;Cobalt-60;Elementary flows/Emission to air/low population density;;;;93a60a56-a3c8-17da-a746-0800200c9a66;Radioactivity;;kBq;e9773595-284e-46dd-9671-5fc9ff406833;kBq
24aaea21-5748-3d3e-b5f1-252107d283f8;ab4a11c8-14f8-40f1-8c4e-888347bb2546;1;Cobalt-60;emissions to air/unspecified;;Cobalt-60;Elementary flows/Emission to air/unspecified;;;;93a60a56-a3c8-17da-a746-0800200c9a66;Radioactivity;;kBq;e9773595-284e-46dd-9671-5fc9ff406833;kBq
1363209e-2b83-363b-8625-fe96edcb1f9d;83fa5f74-baa4-46d3-a8b4-ada4379b70a3;1;Cobalt-60;emissions to water/ocean;;Cobalt-60;Elementary flows/Emission to water/ocean;;;;93a60a56-a3c8-17da-a746-0800200c9a66;Radioactivity;;kBq;e9773595-284e-46dd-9671-5fc9ff406833;kBq
30b9efb1-b36e-3dd5-84aa-e925a01d21c1;92c58ab9-8864-45ea-86b2-00698ecc9df7;1;Cobalt-60;emissions to water/river;;Cobalt-60;Elementary flows/Emission to water/fresh water;;;;93a60a56-a3c8-17da-a746-0800200c9a66;Radioactivity;;kBq;e9773595-284e-46dd-9671-5fc9ff406833;kBq
d067b3bd-6182-30e8-9222-fe73247c9321;8d8e393e-39c4-44e1-b424-8eeefcd33560;1;Cobalt-60;emissions to water/unspecified;;Cobalt-60;Elementary flows/Emission to water/unspecified;;;;93a60a56-a3c8-17da-a746-0800200c9a66;Radioactivity;;kBq;e9773595-284e-46dd-9671-5fc9ff406833;kBq
19b1a8db-5058-3396-bcac-05c3ae3ef9be;be10dd54-eb4d-48ae-9e14-7d79ce8b170d;1;COD, Chemical Oxygen Demand;emissions to water/groundwater;;COD, Chemical Oxygen Demand;Elementary flows/Emission to water/ground water;;;;93a60a56-a3c8-11da-a746-0800200b9a66;Mass;;kg;20aadc24-a391-41cf-b340-3e4529f44bde;kg
a58f49c0-9088-3acb-86b4-cb4a0cb8a4ea;a8fea8cf-9b09-49fc-aa58-5a732494a2a0;1;COD, Chemical Oxygen Demand;emissions to water/groundwater, long-term;;COD, Chemical Oxygen Demand;Elementary flows/Emission to water/ground water, long-term;;;;93a60a56-a3c8-11da-a746-0800200b9a66;Mass;;kg;20aadc24-a391-41cf-b340-3e4529f44bde;kg
7a0277c8-53cc-35e2-a12a-ac87f0751239;ec76fb5c-b402-416b-825c-53e074fe7525;1;COD, Chemical Oxygen Demand;emissions to water/ocean;;COD, Chemical Oxygen Demand;Elementary flows/Emission to water/ocean;;;;93a60a56-a3c8-11da-a746-0800200b9a66;Mass;;kg;20aadc24-a391-41cf-b340-3e4529f44bde;kg
e9f73dd9-f04d-3733-9f3a-02b7e2f66db7;b3cfad3f-b7da-490b-a491-8507a1bb7c4b;1;COD, Chemical Oxygen Demand;emissions to water/river;;COD, Chemical Oxygen Demand;Elementary flows/Emission to water/fresh water;;;;93a60a56-a3c8-11da-a746-0800200b9a66;Mass;;kg;20aadc24-a391-41cf-b340-3e4529f44bde;kg
17a7bda7-7286-3f4b-8a4b-3399d7e3c0c8;961ccd56-2eee-4f57-bb18-fc4362b49000;1;COD, Chemical Oxygen Demand;emissions to water/unspecified;;COD, Chemical Oxygen Demand;Elementary flows/Emission to water/unspecified;;;;93a60a56-a3c8-11da-a746-0800200b9a66;Mass;;kg;20aadc24-a391-41cf-b340-3e4529f44bde;kg
5b4ebcbd-a756-3e4b-a96d-265dc3c0d3ef;ec72c523-9e1a-466a-98c3-e4098e90fd27;1;Colemanite;resources/in ground;;Colemanite;Elementary flows/Resource/in ground;;;;93a60a56-a3c8-11da-a746-0800200b9a66;Mass;;kg;20aadc24-a391-41cf-b340-3e4529f44bde;kg
d523a049-130e-3255-ac93-92cbcb936da3;88cde01c-df69-40bb-9b14-6eac71bea5b8;1;Copper;emissions to air/high. pop.;;Copper ion;Elementary flows/Emission to air/high population density;;;;93a60a56-a3c8-11da-a746-0800200b9a66;Mass;;kg;20aadc24-a391-41cf-b340-3e4529f44bde;kg
d467fbd5-5eb2-3c51-b57e-2d9f8d430cab;e336eee7-148a-4d1c-8027-780cbfafa12b;1;Copper;emissions to air/low. pop.;;Copper ion;Elementary flows/Emission to air/low population density;;;;93a60a56-a3c8-11da-a746-0800200b9a66;Mass;;kg;20aadc24-a391-41cf-b340-3e4529f44bde;kg
a781676e-bd4c-3a3b-90db-fecb7ef5d502;fd153f15-1d16-410a-91fa-04d205e36c43;1;Copper;emissions to air/low. pop., long-term;;Copper ion;Elementary flows/Emission to air/low population density, long-term;;;;93a60a56-a3c8-11da-a746-0800200b9a66;Mass;;kg;20aadc24-a391-41cf-b340-3e4529f44bde;kg
8b7ff0ad-5065-3019-8545-dd39c9102a3c;3573a5af-88f8-4f74-ade7-cd269cbc4e66;1;Copper;emissions to air/stratosphere + troposphere;;Copper ion;Elementary flows/Emission to air/lower stratosphere + upper troposphere;;;;93a60a56-a3c8-11da-a746-0800200b9a66;Mass;;kg;20aadc24-a391-41cf-b340-3e4529f44bde;kg
5d2dd181-fb99-37bb-a352-4d07c79c4d2e;ec8144d6-d123-43b1-9c17-a295422a0498;1;Copper;emissions to air/unspecified;;Copper ion;Elementary flows/Emission to air/unspecified;;;;93a60a56-a3c8-11da-a746-0800200b9a66;Mass;;kg;20aadc24-a391-41cf-b340-3e4529f44bde;kg
bae619fd-6637-3160-85f7-11bbd07dc1ce;7e66a41c-d311-4949-bdd8-eef09cdcfa47;1;Copper;emissions to soil/agricultural;;Copper ion;Elementary flows/Emission to soil/agricultural;;;;93a60a56-a3c8-11da-a746-0800200b9a66;Mass;;kg;20aadc24-a391-41cf-b340-3e4529f44bde;kg
041cbc54-f362-37ac-bfa9-302e14f4f3c9;0a5e8a67-f9ae-48b3-bfa7-e9d37c30a191;1;Copper;emissions to soil/industrial;;Copper ion;Elementary flows/Emission to soil/industrial;;;;93a60a56-a3c8-11da-a746-0800200b9a66;Mass;;kg;20aadc24-a391-41cf-b340-3e4529f44bde;kg
5c930726-bb09-377b-bd6f-e96f5817beac;44d3e792-7c9e-48ab-9de9-acfa2e097f26;1;Copper;emissions to soil/unspecified;;Copper ion;Elementary flows/Emission to soil/unspecified;;;;93a60a56-a3c8-11da-a746-0800200b9a66;Mass;;kg;20aadc24-a391-41cf-b340-3e4529f44bde;kg
b2af2580-9a00-3e57-a824-8f36ae0cb3e5;ea6de79e-ce2c-44b2-994e-d2ea0125732b;1;Copper;emissions to water/groundwater;;Copper ion;Elementary flows/Emission to water/ground water;;;;93a60a56-a3c8-11da-a746-0800200b9a66;Mass;;kg;20aadc24-a391-41cf-b340-3e4529f44bde;kg
1901a981-8c6e-3d53-8a0f-9875497e3c2c;40229ebf-9346-4f20-910a-f8ea3bd88d44;1;Copper;emissions to water/groundwater, long-term;;Copper ion;Elementary flows/Emission to water/ground water, long-term;;;;93a60a56-a3c8-11da-a746-0800200b9a66;Mass;;kg;20aadc24-a391-41cf-b340-3e4529f44bde;kg
9207b7c2-dd0d-3a49-bdf6-e20bc797a439;916801f0-3980-4408-a577-62b222aa1543;1;Copper;emissions to water/lake;;Copper ion;Elementary flows/Emission to water/lake;;;;93a60a56-a3c8-11da-a746-0800200b9a66;Mass;;kg;20aadc24-a391-41cf-b340-3e4529f44bde;kg
f06e947e-3761-329e-a85e-3362ea8ba81a;4d9a8790-3ddd-11dd-96d1-0050c2490048;1;Copper;emissions to water/ocean;;Copper ion;Elementary flows/Emission to water/ocean;;;;93a60a56-a3c8-11da-a746-0800200b9a66;Mass;;kg;20aadc24-a391-41cf-b340-3e4529f44bde;kg
5a9c21e4-48f8-3af9-b8ae-af79f79251c9;e2a4c2f8-3671-47e7-8649-f5e97a4ad32e;1;Copper;emissions to water/river;;Copper ion;Elementary flows/Emission to water/fresh water;;;;93a60a56-a3c8-11da-a746-0800200b9a66;Mass;;kg;20aadc24-a391-41cf-b340-3e4529f44bde;kg
145ff875-8c90-34d7-93b0-de68ac024d3b;2f100cfa-4feb-45e9-a43a-357128228889;1;Copper;emissions to water/unspecified;;Copper ion;Elementary flows/Emission to water/unspecified;;;;93a60a56-a3c8-11da-a746-0800200b9a66;Mass;;kg;20aadc24-a391-41cf-b340-3e4529f44bde;kg
54eb0454-acb9-3a7a-9c4f-0e4724026484;88cde01c-df69-40bb-9b14-6eac71bea5b8;1;Copper ion;emissions to air/high. pop.;;Copper ion;Elementary flows/Emission to air/high population density;;;;93a60a56-a3c8-11da-a746-0800200b9a66;Mass;;kg;20aadc24-a391-41cf-b340-3e4529f44bde;kg
243da33f-8e6f-3a10-a3f4-40ae21c1fd0d;2f100cfa-4feb-45e9-a43a-357128228889;1;Copper ion;emissions to water/unspecified;;Copper ion;Elementary flows/Emission to water/unspecified;;;;93a60a56-a3c8-11da-a746-0800200b9a66;Mass;;kg;20aadc24-a391-41cf-b340-3e4529f44bde;kg
ccc0f009-4ee5-3a56-af1b-be902cba0101;1aee4aa7-32e0-48e7-a6b5-73d8acf672d3;1;Copper, 0.52% in sulfide, Cu 0.27% and Mo 8.2E-3% in crude ore;resources/in ground;;Copper, 0.52% in sulfide, Cu 0.27% and Mo 8.2E-3% in crude ore;Elementary flows/Resource/in ground;;;;93a60a56-a3c8-11da-a746-0800200b9a66;Mass;;kg;20aadc24-a391-41cf-b340-3e4529f44bde;kg
2a7e6752-32aa-3ae9-b22c-383e43305372;1b35070a-eb57-4f0f-a27f-5ba181ff0d4d;1;Copper, 0.59% in sulfide, Cu 0.22% and Mo 8.2E-3% in crude ore;resources/in ground;;Copper, 0.59% in sulfide, Cu 0.22% and Mo 8.2E-3% in crude ore;Elementary flows/Resource/in ground;;;;93a60a56-a3c8-11da-a746-0800200b9a66;Mass;;kg;20aadc24-a391-41cf-b340-3e4529f44bde;kg
2d8314f7-5f5f-385a-b7c0-39239b5de195;19988f5b-a9a6-48f3-9e8e-150b66a1bf12;1;Copper, 0.97% in sulfide, Cu 0.36% and Mo 4.1E-2% in crude ore;resources/in ground;;Copper, 0.97% in sulfide, Cu 0.36% and Mo 4.1E-2% in crude ore;Elementary flows/Resource/in ground;;;;93a60a56-a3c8-11da-a746-0800200b9a66;Mass;;kg;20aadc24-a391-41cf-b340-3e4529f44bde;kg
5e94d77d-8234-390f-b3ee-d9fdc318a4b0;79df5650-160a-4ab7-a14f-cc8162877f4a;1;Copper, 0.99% in sulfide, Cu 0.36% and Mo 8.2E-3% in crude ore;resources/in ground;;Copper, 0.99% in sulfide, Cu 0.36% and Mo 8.2E-3% in crude ore;Elementary flows/Resource/in ground;;;;93a60a56-a3c8-11da-a746-0800200b9a66;Mass;;kg;20aadc24-a391-41cf-b340-3e4529f44bde;kg
99146c2e-2b32-3dd3-9da8-ef9da0bdf663;ed5ace5c-a203-4816-b33b-9fe0c5f0f519;1;Copper, 1.13% in sulfide, Cu 0.76% and Ni 0.76% in crude ore;resources/in ground;;Copper, 1.13% in sulfide, Cu 0.76% and Ni 0.76% in crude ore;Elementary flows/Resource/in ground;;;;93a60a56-a3c8-11da-a746-0800200b9a66;Mass;;kg;20aadc24-a391-41cf-b340-3e4529f44bde;kg
8286d90b-0ed7-3ef3-b770-c295ad2cb04d;31998285-fb5c-411d-b853-ce78be2a0b49;1;Copper, 1.18% in sulfide, Cu 0.39% and Mo 8.2E-3% in crude ore;resources/in ground;;Copper, 1.18% in sulfide, Cu 0.39% and Mo 8.2E-3% in crude ore;Elementary flows/Resource/in ground;;;;93a60a56-a3c8-11da-a746-0800200b9a66;Mass;;kg;20aadc24-a391-41cf-b340-3e4529f44bde;kg
68906b0c-cc3c-3809-a591-2b935119870b;c8f18160-6937-4bb9-ad0c-dffa942ca41e;1;Copper, 1.42% in sulfide, Cu 0.81% and Mo 8.2E-3% in crude ore;resources/in ground;;Copper, 1.42% in sulfide, Cu 0.81% and Mo 8.2E-3% in crude ore;Elementary flows/Resource/in ground;;;;93a60a56-a3c8-11da-a746-0800200b9a66;Mass;;kg;20aadc24-a391-41cf-b340-3e4529f44bde;kg
090c1d81-3d0f-3c9f-8544-b1badc17185c;b569dc97-52fe-4e39-9627-183b1002c287;1;Copper, 2.19% in sulfide, Cu 1.83% and Mo 8.2E-3% in crude ore;resources/in ground;;Copper, 2.19% in sulfide, Cu 1.83% and Mo 8.2E-3% in crude ore;Elementary flows/Resource/in ground;;;;93a60a56-a3c8-11da-a746-0800200b9a66;Mass;;kg;20aadc24-a391-41cf-b340-3e4529f44bde;kg
2cc61630-44d5-32fc-a7e8-5745737824d2;5afa470c-ab8c-4ec3-8a18-5c0bed973571;1;Copper, Cu 0.38%, Au 9.7E-4%, Ag 9.7E-4%, Zn 0.63%, Pb 0.014%, in ore;resources/in ground;;Copper, Cu 0.38%, Au 9.7E-4%, Ag 9.7E-4%, Zn 0.63%, Pb 0.014%, in ore;Elementary flows/Resource/in ground;;;;93a60a56-a3c8-11da-a746-0800200b9a66;Mass;;kg;20aadc24-a391-41cf-b340-3e4529f44bde;kg
b70c80d5-6662-3db8-b627-c497ac9ccb26;dca6a0a7-b5b1-3786-bc10-a2aaddcece9b;1;Copper, Cu 3.2E+0%, Pt 2.5E-4%, Pd 7.3E-4%, Rh 2.0E-5%, Ni 2.3E+0% in ore;resources/in ground;;Copper, Cu 3.2E+0%, Pt 2.5E-4%, Pd 7.3E-4%, Rh 2.0E-5%, Ni 2.3E+0% in ore;Elementary flows/Resource/in ground;;;;93a60a56-a3c8-11da-a746-0800200b9a66;Mass;;kg;20aadc24-a391-41cf-b340-3e4529f44bde;kg
30d1a461-37f3-306b-845b-eb380f7351a6;4a89f19c-ac7d-3ca8-ad96-72c4c5f779bf;1;Copper, Cu 5.2E-2%, Pt 4.8E-4%, Pd 2.0E-4%, Rh 2.4E-5%, Ni 3.7E-2% in ore;resources/in ground;;Copper, Cu 5.2E-2%, Pt 4.8E-4%, Pd 2.0E-4%, Rh 2.4E-5%, Ni 3.7E-2% in ore;Elementary flows/Resource/in ground;;;;93a60a56-a3c8-11da-a746-0800200b9a66;Mass;;kg;20aadc24-a391-41cf-b340-3e4529f44bde;kg
6566239b-122e-3602-964a-1cb634f16ad2;b2428597-8ed9-381c-9f7d-e1747e9fcfa2;1;Copper, resource correction;resources/in ground;;Copper, resource correction;Elementary flows/Resource/unspecified;;;;93a60a56-a3c8-11da-a746-0800200b9a66;Mass;;kg;20aadc24-a391-41cf-b340-3e4529f44bde;kg
54e8a9bb-6b50-3514-b6a9-aca0b24bf25f;4d9a8790-3ddd-11dd-8f56-0050c2490048;1;Cresol;emissions to water/ocean;;Cresol;Elementary flows/Emission to water/ocean;;;;93a60a56-a3c8-11da-a746-0800200b9a66;Mass;;kg;20aadc24-a391-41cf-b340-3e4529f44bde;kg
d5e74d85-f1ce-32e5-acb0-010d421be980;02d18acf-ec93-467e-a467-cfb4452fb55b;1;Cresol;emissions to water/river;;Cresol;Elementary flows/Emission to water/fresh water;;;;93a60a56-a3c8-11da-a746-0800200b9a66;Mass;;kg;20aadc24-a391-41cf-b340-3e4529f44bde;kg
ab260f15-5352-315f-af90-35b4a9d735ba;35c746fb-2d4a-4d06-9955-1973ce67b74e;1;Cumene;emissions to air/high. pop.;;Cumene;Elementary flows/Emission to air/high population density;;;;93a60a56-a3c8-11da-a746-0800200b9a66;Mass;;kg;20aadc24-a391-41cf-b340-3e4529f44bde;kg
8f9c0122-4287-3887-87ab-8912260b873c;1a796dc4-5dcb-40da-a609-3a5a40655fad;1;Cumene;emissions to air/low. pop.;;Cumene;Elementary flows/Emission to air/low population density;;;;93a60a56-a3c8-11da-a746-0800200b9a66;Mass;;kg;20aadc24-a391-41cf-b340-3e4529f44bde;kg
0db399ad-485b-3560-a0f0-b9ad11c786be;a192f5ac-fb5d-4e14-ac11-3c38283da9d0;1;Cumene;emissions to air/unspecified;;Cumene;Elementary flows/Emission to air/unspecified;;;;93a60a56-a3c8-11da-a746-0800200b9a66;Mass;;kg;20aadc24-a391-41cf-b340-3e4529f44bde;kg
0935c953-2d42-3655-bca5-209758631b1a;89dc9c0f-bf19-4c66-ad66-3d664009725a;1;Cumene;emissions to water/river;;Cumene;Elementary flows/Emission to water/fresh water;;;;93a60a56-a3c8-11da-a746-0800200b9a66;Mass;;kg;20aadc24-a391-41cf-b340-3e4529f44bde;kg
3bedc3e1-54d9-3314-8bfd-fb1aebbf48e9;29d1b020-c34b-4252-beb1-83796ef5e187;1;Curium alpha;emissions to water/river;;Curium alpha;Elementary flows/Emission to water/fresh water;;;;93a60a56-a3c8-17da-a746-0800200c9a66;Radioactivity;;kBq;e9773595-284e-46dd-9671-5fc9ff406833;kBq
af5d262c-cb7a-341f-b82c-c06538691a0e;05bfed24-3408-42a2-9208-daec1538905d;1;Cyanazine;emissions to soil/agricultural;;Cyanazine;Elementary flows/Emission to soil/agricultural;;;;93a60a56-a3c8-11da-a746-0800200b9a66;Mass;;kg;20aadc24-a391-41cf-b340-3e4529f44bde;kg
0ea2a35f-ca94-36da-8353-21e359119979;921df5eb-cde6-40ea-8744-c02746db0a3c;1;Cyanide;emissions to air/high. pop.;;Cyanide;Elementary flows/Emission to air/high population density;;;;93a60a56-a3c8-11da-a746-0800200b9a66;Mass;;kg;20aadc24-a391-41cf-b340-3e4529f44bde;kg
48e5a3ca-7d61-32cf-9cb6-c2ef22da71a6;9e8d685c-9948-4dc0-9c0b-d5c511e14d05;1;Cyanide;emissions to air/low. pop.;;Cyanide;Elementary flows/Emission to air/low population density;;;;93a60a56-a3c8-11da-a746-0800200b9a66;Mass;;kg;20aadc24-a391-41cf-b340-3e4529f44bde;kg
0e94116f-bd8a-3ff5-bcf6-89075dde64c2;d3e038e1-728c-4dea-ac30-c9abbbfcbc84;1;Cyanide;emissions to air/unspecified;;Cyanide;Elementary flows/Emission to air/unspecified;;;;93a60a56-a3c8-11da-a746-0800200b9a66;Mass;;kg;20aadc24-a391-41cf-b340-3e4529f44bde;kg
6cddf163-02b6-3d58-82c5-b529f32ac0ba;b4160ac8-a371-49d6-8a4f-6f5fed0e2a0d;1;Cyanide;emissions to water/lake;;Cyanide;Elementary flows/Emission to water/lake;;;;93a60a56-a3c8-11da-a746-0800200b9a66;Mass;;kg;20aadc24-a391-41cf-b340-3e4529f44bde;kg
d72dd30f-99cf-3b7d-9b2c-08bd328a3104;1febb3ea-a4ee-4b7d-a6e7-0c4b6da28188;1;Cyanide;emissions to water/ocean;;Cyanide;Elementary flows/Emission to water/ocean;;;;93a60a56-a3c8-11da-a746-0800200b9a66;Mass;;kg;20aadc24-a391-41cf-b340-3e4529f44bde;kg
b9cd3ed3-8e27-34f7-8860-62febac94e82;4bee7636-9d37-439a-9847-3fce996d89da;1;Cyanide;emissions to water/river;;Cyanide;Elementary flows/Emission to water/fresh water;;;;93a60a56-a3c8-11da-a746-0800200b9a66;Mass;;kg;20aadc24-a391-41cf-b340-3e4529f44bde;kg
9fab322c-4d7c-3928-a9a0-cef0f74bcb5a;c4d10bd2-09da-4082-8cb3-022c92c53221;1;Cyanide;emissions to water/unspecified;;Cyanide;Elementary flows/Emission to water/unspecified;;;;93a60a56-a3c8-11da-a746-0800200b9a66;Mass;;kg;20aadc24-a391-41cf-b340-3e4529f44bde;kg
67abfba5-cc62-3121-907c-2fc70766f364;932d7913-eb64-484c-b2ec-7aae36e29017;1;Cyanoacetic acid;emissions to air/high. pop.;;Cyanoacetic acid;Elementary flows/Emission to air/high population density;;;;93a60a56-a3c8-11da-a746-0800200b9a66;Mass;;kg;20aadc24-a391-41cf-b340-3e4529f44bde;kg
52f160c4-f7d4-3917-b0c2-77600ebc942a;37e9c994-3d69-4fb8-a935-ba30e6d64ae3;1;Cyclanilide;emissions to soil/agricultural;;Cyclanilide;Elementary flows/Emission to soil/agricultural;;;;93a60a56-a3c8-11da-a746-0800200b9a66;Mass;;kg;20aadc24-a391-41cf-b340-3e4529f44bde;kg
432fabda-1c3c-3c3b-9304-1d2306c38139;5512f026-b3a9-419a-b787-c0be0b39be1c;1;Cyclohexane;emissions to air/high. pop.;;Cyclohexane;Elementary flows/Emission to air/high population density;;;;93a60a56-a3c8-11da-a746-0800200b9a66;Mass;;kg;20aadc24-a391-41cf-b340-3e4529f44bde;kg
35a8ee02-dbec-37e0-913f-95311662b965;22ff429e-4506-428d-9bba-4f9595ed3b99;1;Cyclohexane;emissions to air/low. pop.;;Cyclohexane;Elementary flows/Emission to air/low population density;;;;93a60a56-a3c8-11da-a746-0800200b9a66;Mass;;kg;20aadc24-a391-41cf-b340-3e4529f44bde;kg
011e63ad-d05d-38b6-aac6-692e9f2559f1;165aaeac-93d1-4afd-adf2-e3d6c0eaf629;1;Cyclohexane;emissions to air/unspecified;;Cyclohexane;Elementary flows/Emission to air/unspecified;;;;93a60a56-a3c8-11da-a746-0800200b9a66;Mass;;kg;20aadc24-a391-41cf-b340-3e4529f44bde;kg
12a5471a-18b4-39de-a109-f820744ad016;93cc1bfb-08e6-4d50-bb55-d46c44f827fc;1;Cyclohexane;emissions to water/river;;Cyclohexane;Elementary flows/Emission to water/fresh water;;;;93a60a56-a3c8-11da-a746-0800200b9a66;Mass;;kg;20aadc24-a391-41cf-b340-3e4529f44bde;kg
e1add0bd-6f39-3769-915b-d41a094ae097;111c5f0c-3dda-4b7c-a5e2-aaada6ab6f79;1;Cycloxydim;emissions to soil/agricultural;;Cycloxydim;Elementary flows/Emission to soil/agricultural;;;;93a60a56-a3c8-11da-a746-0800200b9a66;Mass;;kg;20aadc24-a391-41cf-b340-3e4529f44bde;kg
5634ebc0-086c-3b1e-8331-96971a36bade;35ec8817-55b9-4fdc-badb-8470fa7ebc8e;1;Cyfluthrin;emissions to soil/agricultural;;Cyfluthrin;Elementary flows/Emission to soil/agricultural;;;;93a60a56-a3c8-11da-a746-0800200b9a66;Mass;;kg;20aadc24-a391-41cf-b340-3e4529f44bde;kg
e06b5a7d-caa1-398b-8893-58a4f15241f2;7427c8ff-5f18-4e0e-9633-64c088b69fd8;1;Cymoxanil;emissions to soil/agricultural;;Cymoxanil;Elementary flows/Emission to soil/agricultural;;;;93a60a56-a3c8-11da-a746-0800200b9a66;Mass;;kg;20aadc24-a391-41cf-b340-3e4529f44bde;kg
4fcf18c8-debf-3956-b239-8ae04b0c6b88;e7f1df40-788a-4403-81ea-e5e9e84e32d7;1;Cypermethrin;emissions to soil/agricultural;;Cypermethrin;Elementary flows/Emission to soil/agricultural;;;;93a60a56-a3c8-11da-a746-0800200b9a66;Mass;;kg;20aadc24-a391-41cf-b340-3e4529f44bde;kg
9e11d7de-894a-302d-8032-56d21ac53b27;c9727abf-58b7-4f90-a670-86f7101e741d;1;Cyproconazole;emissions to soil/agricultural;;Cyproconazole;Elementary flows/Emission to soil/agricultural;;;;93a60a56-a3c8-11da-a746-0800200b9a66;Mass;;kg;20aadc24-a391-41cf-b340-3e4529f44bde;kg
5054f291-58fa-359d-8def-8194815c07e6;b45f25fe-a5bb-42ac-9859-304bf6ccfd83;1;Cyprodinil;emissions to soil/agricultural;;Cyprodinil;Elementary flows/Emission to soil/agricultural;;;;93a60a56-a3c8-11da-a746-0800200b9a66;Mass;;kg;20aadc24-a391-41cf-b340-3e4529f44bde;kg
e6e362e4-20a3-39de-b9aa-409e9e174f31;c20aed18-4490-4a58-af72-71bdf0f70954;1;Decane;emissions to soil/industrial;;Decane;Elementary flows/Emission to soil/industrial;;;;93a60a56-a3c8-11da-a746-0800200b9a66;Mass;;kg;20aadc24-a391-41cf-b340-3e4529f44bde;kg
3fb39530-50d9-3064-b921-a4f30aa9f6ef;08a91e70-3ddc-11dd-980c-0050c2490048;1;Decane;emissions to water/ocean;;Decane;Elementary flows/Emission to water/ocean;;;;93a60a56-a3c8-11da-a746-0800200b9a66;Mass;;kg;20aadc24-a391-41cf-b340-3e4529f44bde;kg
07f4229f-0c74-3620-b0e4-b1c945c27a66;a38a4244-89cf-4fad-b6bc-26699f205042;1;Decane;emissions to water/river;;Decane;Elementary flows/Emission to water/fresh water;;;;93a60a56-a3c8-11da-a746-0800200b9a66;Mass;;kg;20aadc24-a391-41cf-b340-3e4529f44bde;kg
7dd6cccd-a601-35fa-990f-9bb7e6204451;ba0955c6-7f71-4f48-b6dc-190dae2239e9;1;Deltamethrin;emissions to air/unspecified;;Deltamethrin;Elementary flows/Emission to air/unspecified;;;;93a60a56-a3c8-11da-a746-0800200b9a66;Mass;;kg;20aadc24-a391-41cf-b340-3e4529f44bde;kg
8a577ae2-f18f-32eb-92dd-5382b0d771b6;282973e4-3c2d-4a9c-a3f2-d39a5b36aa76;1;Deltamethrin;emissions to soil/agricultural;;Deltamethrin;Elementary flows/Emission to soil/agricultural;;;;93a60a56-a3c8-11da-a746-0800200b9a66;Mass;;kg;20aadc24-a391-41cf-b340-3e4529f44bde;kg
d0826914-8fe4-3ceb-9cb6-8858da177d88;a1861c61-3190-41ff-abbf-0c352f61db6b;1;Deltamethrin;emissions to water/river;;Deltamethrin;Elementary flows/Emission to water/fresh water;;;;93a60a56-a3c8-11da-a746-0800200b9a66;Mass;;kg;20aadc24-a391-41cf-b340-3e4529f44bde;kg
d7493bd9-18aa-3558-9f36-2f224c4c990b;9877ce00-65f8-4c0c-9fcf-92aa53a2c9c0;1;Diatomite;resources/in ground;;Diatomite;Elementary flows/Resource/in ground;;;;93a60a56-a3c8-11da-a746-0800200b9a66;Mass;;kg;20aadc24-a391-41cf-b340-3e4529f44bde;kg
96de0573-b74d-3804-8b31-3e6d817ef27b;c4302ab1-eb6d-458b-86ad-f7d7d4df411e;1;Diazinon;emissions to soil/agricultural;;Diazinon;Elementary flows/Emission to soil/agricultural;;;;93a60a56-a3c8-11da-a746-0800200b9a66;Mass;;kg;20aadc24-a391-41cf-b340-3e4529f44bde;kg
34d4342a-785c-36fd-93ec-6322db2a55c7;23a4dfc7-c82e-4425-abf6-0195f78f3363;1;Dibenz(a,h)anthracene;emissions to air/unspecified;;Dibenz(a,h)anthracene;Elementary flows/Emission to air/unspecified;;;;93a60a56-a3c8-11da-a746-0800200b9a66;Mass;;kg;20aadc24-a391-41cf-b340-3e4529f44bde;kg
bcf6986c-5438-3f78-a32a-3588e9b2d746;f81426cd-fb74-4265-bffc-c97566623bf5;1;Dicamba;emissions to air/unspecified;;Dicamba;Elementary flows/Emission to air/unspecified;;;;93a60a56-a3c8-11da-a746-0800200b9a66;Mass;;kg;20aadc24-a391-41cf-b340-3e4529f44bde;kg
151fd939-a7e5-3dd1-b216-acae50fef0fb;44b7826f-6f4c-44f3-81eb-ad3426073fae;1;Dicamba;emissions to soil/agricultural;;Dicamba;Elementary flows/Emission to soil/agricultural;;;;93a60a56-a3c8-11da-a746-0800200b9a66;Mass;;kg;20aadc24-a391-41cf-b340-3e4529f44bde;kg
02761c23-2698-399d-aff9-1c898b2cfc10;e5a181b4-6dce-465d-bcc5-2f2a5f5b4376;1;Dicamba;emissions to water/river;;Dicamba;Elementary flows/Emission to water/fresh water;;;;93a60a56-a3c8-11da-a746-0800200b9a66;Mass;;kg;20aadc24-a391-41cf-b340-3e4529f44bde;kg
45b6ccbf-dd26-39ca-a1dc-bc7b14cc7227;02dd7309-b7c2-47bb-82c8-09345be9c2bb;1;Dichlorprop-P;emissions to soil/agricultural;;Dichlorprop-P;Elementary flows/Emission to soil/agricultural;;;;93a60a56-a3c8-11da-a746-0800200b9a66;Mass;;kg;20aadc24-a391-41cf-b340-3e4529f44bde;kg
f382bcc2-a8d5-3615-b94d-32130f50ddc4;cdf4cac9-b23c-44f8-bbd3-9e0f82f7a067;1;Dichromate;emissions to water/river;;Dichromate;Elementary flows/Emission to water/river;;;;93a60a56-a3c8-11da-a746-0800200b9a66;Mass;;kg;20aadc24-a391-41cf-b340-3e4529f44bde;kg
2eda1f07-3a9c-3f66-93df-6c1ce3c167a8;3b8a6f65-384b-4086-a817-b0c77555b78a;1;Dichromate;emissions to water/unspecified;;Dichromate;Elementary flows/Emission to water/unspecified;;;;93a60a56-a3c8-11da-a746-0800200b9a66;Mass;;kg;20aadc24-a391-41cf-b340-3e4529f44bde;kg
66c98a7b-8086-3012-b20a-6281cfdac233;009f3374-e604-4e24-88f5-d785cd93aac7;1;Diclofop;emissions to soil/agricultural;;Diclofop;Elementary flows/Emission to soil/agricultural;;;;93a60a56-a3c8-11da-a746-0800200b9a66;Mass;;kg;20aadc24-a391-41cf-b340-3e4529f44bde;kg
f2364920-0c3f-3d4d-beb0-d18fedb0f895;0f02d06c-c44d-4681-a677-eff6aa3cd7e0;1;Diclofop-methyl;emissions to soil/agricultural;;Diclofop-methyl;Elementary flows/Emission to soil/agricultural;;;;93a60a56-a3c8-11da-a746-0800200b9a66;Mass;;kg;20aadc24-a391-41cf-b340-3e4529f44bde;kg
8c1d89a5-a644-3ff5-b90e-e06a8c081d81;8939217c-4acd-48c2-8a19-7b3afb7e5d3b;1;Dicofol;emissions to soil/agricultural;;Dicofol;Elementary flows/Emission to soil/agricultural;;;;93a60a56-a3c8-11da-a746-0800200b9a66;Mass;;kg;20aadc24-a391-41cf-b340-3e4529f44bde;kg
8a248e71-e1cf-306b-9730-98a16f562886;98287294-2ab7-4781-bb9e-5d045cdce2a2;1;Dicrotophos;emissions to soil/agricultural;;Dicrotophos;Elementary flows/Emission to soil/agricultural;;;;93a60a56-a3c8-11da-a746-0800200b9a66;Mass;;kg;20aadc24-a391-41cf-b340-3e4529f44bde;kg
dc9de031-4c33-3d24-b22e-97330986e538;89951b1a-9b6b-4bc7-82fc-6fc263e91936;1;Diethyl ether;emissions to air/high. pop.;;Diethyl ether;Elementary flows/Emission to air/high population density;;;;93a60a56-a3c8-11da-a746-0800200b9a66;Mass;;kg;20aadc24-a391-41cf-b340-3e4529f44bde;kg
e6a4c20a-d19c-3cd4-ac5f-e623dbd2eeae;7e7039a1-6186-4ef6-a7e6-d135b7fe5601;1;Diethylamine;emissions to air/high. pop.;;Diethylamine;Elementary flows/Emission to air/high population density;;;;93a60a56-a3c8-11da-a746-0800200b9a66;Mass;;kg;20aadc24-a391-41cf-b340-3e4529f44bde;kg
aa130c17-9787-3cdf-94bc-316f69ee9bcf;34698efa-71c8-4fec-9a43-6529f45887ac;1;Diethylamine;emissions to air/unspecified;;Diethylamine;Elementary flows/Emission to air/unspecified;;;;93a60a56-a3c8-11da-a746-0800200b9a66;Mass;;kg;20aadc24-a391-41cf-b340-3e4529f44bde;kg
d29b86b6-3016-3c78-8fce-198ddb8b7cf0;dfa27331-6c6b-45f3-84d8-d66b1e82b812;1;Diethylamine;emissions to water/river;;Diethylamine;Elementary flows/Emission to water/fresh water;;;;93a60a56-a3c8-11da-a746-0800200b9a66;Mass;;kg;20aadc24-a391-41cf-b340-3e4529f44bde;kg
81f6469b-546f-3d75-9e5d-8b80195dbdd0;d439867e-7ef9-41aa-91e2-de8a922f9158;1;Diethylene glycol;emissions to air/high. pop.;;Diethylene glycol;Elementary flows/Emission to air/high population density;;;;93a60a56-a3c8-11da-a746-0800200b9a66;Mass;;kg;20aadc24-a391-41cf-b340-3e4529f44bde;kg
233e55c9-f9d5-3a79-ab97-e63381931fd7;7bf5e261-8cf2-42f1-bb36-04886b88c286;1;Diethylene glycol;emissions to water/river;;Diethylene glycol;Elementary flows/Emission to water/fresh water;;;;93a60a56-a3c8-11da-a746-0800200b9a66;Mass;;kg;20aadc24-a391-41cf-b340-3e4529f44bde;kg
81280860-a27d-3e26-b1a2-9591dfd1edbc;5458bee1-0c04-445c-b617-a7315d6a2b9f;1;Difenoconazole;emissions to soil/agricultural;;Difenoconazole;Elementary flows/Emission to soil/agricultural;;;;93a60a56-a3c8-11da-a746-0800200b9a66;Mass;;kg;20aadc24-a391-41cf-b340-3e4529f44bde;kg
729fe986-f333-3e98-b314-221500d1ebc5;b918120c-5dd9-4a28-86ee-9b05a42bdd01;1;Diflubenzuron;emissions to soil/agricultural;;Diflubenzuron;Elementary flows/Emission to soil/agricultural;;;;93a60a56-a3c8-11da-a746-0800200b9a66;Mass;;kg;20aadc24-a391-41cf-b340-3e4529f44bde;kg
00e42c3b-9a77-3b7e-a41e-33b665160df1;016da38a-40a6-483c-b328-9782dc46e802;1;Diflufenican;emissions to soil/agricultural;;Diflufenican;Elementary flows/Emission to soil/agricultural;;;;93a60a56-a3c8-11da-a746-0800200b9a66;Mass;;kg;20aadc24-a391-41cf-b340-3e4529f44bde;kg
99fc3b23-c392-3c05-b757-2823715f64b5;cc667a3d-e88b-42f7-b265-461b7d66837f;1;Diflufenzopyr-sodium;emissions to soil/agricultural;;Diflufenzopyr-sodium;Elementary flows/Emission to soil/agricultural;;;;93a60a56-a3c8-11da-a746-0800200b9a66;Mass;;kg;20aadc24-a391-41cf-b340-3e4529f44bde;kg
e376a001-7e22-3e7a-b5fb-6667d4123730;baeb09bb-61cc-4010-9af0-c0dbf2dcd380;1;Diisobutyl ketone;emissions to water/river;;Diisobutyl ketone;Elementary flows/Emission to water/fresh water;;;;93a60a56-a3c8-11da-a746-0800200b9a66;Mass;;kg;20aadc24-a391-41cf-b340-3e4529f44bde;kg
70c48e99-d971-3146-adff-ddaa8af68717;b3b430f2-1a9e-4db3-8379-85097a24de1f;1;Dimethachlor;emissions to soil/agricultural;;Dimethachlor;Elementary flows/Emission to soil/agricultural;;;;93a60a56-a3c8-11da-a746-0800200b9a66;Mass;;kg;20aadc24-a391-41cf-b340-3e4529f44bde;kg
8faad549-853b-3d6e-a9e0-290bdf9a9d0d;b49df340-eefd-49af-9094-4a7ba44029dd;1;Dimethenamid;emissions to air/unspecified;;Dimethenamid;Elementary flows/Emission to air/unspecified;;;;93a60a56-a3c8-11da-a746-0800200b9a66;Mass;;kg;20aadc24-a391-41cf-b340-3e4529f44bde;kg
1a069681-83df-3b5e-8a48-3deac98921d1;71525276-3417-4d4b-9af8-0baa265de4a2;1;Dimethenamid;emissions to soil/agricultural;;Dimethenamide;Elementary flows/Emission to soil/agricultural;;;;93a60a56-a3c8-11da-a746-0800200b9a66;Mass;;kg;20aadc24-a391-41cf-b340-3e4529f44bde;kg
5eba96b8-72c2-3782-bf1a-16498365cc45;7f063256-36d5-4558-a640-5b2cc1f85cb7;1;Dimethenamid;emissions to water/river;;Dimethenamid;Elementary flows/Emission to water/fresh water;;;;93a60a56-a3c8-11da-a746-0800200b9a66;Mass;;kg;20aadc24-a391-41cf-b340-3e4529f44bde;kg
f64e0712-0da2-3b2e-9543-d73bc2655bb0;08fd6c23-2f15-440a-a366-ebcc2b6b4f3d;1;Dimethipin;emissions to soil/agricultural;;Dimethipin;Elementary flows/Emission to soil/agricultural;;;;93a60a56-a3c8-11da-a746-0800200b9a66;Mass;;kg;20aadc24-a391-41cf-b340-3e4529f44bde;kg
509feaf8-6aca-364d-a7fe-118c9fa031b6;28f19625-5e6a-4902-8c18-4b519db19d86;1;Dimethoate;emissions to soil/agricultural;;Dimethoate;Elementary flows/Emission to soil/agricultural;;;;93a60a56-a3c8-11da-a746-0800200b9a66;Mass;;kg;20aadc24-a391-41cf-b340-3e4529f44bde;kg
66fba67e-120e-3fd1-a509-b0983816fd0b;23f4021a-5b2d-4e16-ba87-76e871b32392;1;Dimethomorph;emissions to soil/agricultural;;Dimethomorph;Elementary flows/Emission to soil/agricultural;;;;93a60a56-a3c8-11da-a746-0800200b9a66;Mass;;kg;20aadc24-a391-41cf-b340-3e4529f44bde;kg
5894d92b-53db-3111-a084-af4a025582f6;d49e5257-e655-4e9f-adbc-b8763137b76c;1;Dimethyl ether;emissions to water/river;;Dimethyl ether;Elementary flows/Emission to water/unspecified;;;;93a60a56-a3c8-11da-a746-0800200b9a66;Mass;;kg;20aadc24-a391-41cf-b340-3e4529f44bde;kg
600163b0-c4d2-3516-9767-5f9b82c1a3ab;bf85f43a-88dc-4ff1-8b9b-479c5fc1625c;1;Dimethyl formamide;emissions to air/unspecified;;dimethyl formamide;Elementary flows/Emission to air/unspecified;;;;93a60a56-a3c8-11da-a746-0800200b9a66;Mass;;kg;20aadc24-a391-41cf-b340-3e4529f44bde;kg
1e233e27-6aeb-3346-9433-4de269a851ce;7ee1a767-185e-444b-913d-6acbfdbab3bd;1;Dimethyl malonate;emissions to air/high. pop.;;Dimethyl malonate;Elementary flows/Emission to air/high population density;;;;93a60a56-a3c8-11da-a746-0800200b9a66;Mass;;kg;20aadc24-a391-41cf-b340-3e4529f44bde;kg
4ebdd743-b59f-3241-b497-00750e063c8e;edf9fe90-37ee-4d8b-af9b-2e959422abfd;1;Dimethylamine;emissions to air/high. pop.;;Dimethylamine;Elementary flows/Emission to air/high population density;;;;93a60a56-a3c8-11da-a746-0800200b9a66;Mass;;kg;20aadc24-a391-41cf-b340-3e4529f44bde;kg
59e42d51-cf20-373f-a81b-db3e02eddf1e;56d00bcd-9da1-4486-bfe6-10dc0f1d4575;1;Dimethylamine;emissions to air/unspecified;;Dimethylamine;Elementary flows/Emission to air/unspecified;;;;93a60a56-a3c8-11da-a746-0800200b9a66;Mass;;kg;20aadc24-a391-41cf-b340-3e4529f44bde;kg
8543240e-fa05-3e5a-8ca7-13ec6fb34132;bdc6ec0d-e587-4254-8d8f-4e0eb78f1b9b;1;Dimethylamine;emissions to water/river;;Dimethylamine;Elementary flows/Emission to water/fresh water;;;;93a60a56-a3c8-11da-a746-0800200b9a66;Mass;;kg;20aadc24-a391-41cf-b340-3e4529f44bde;kg
3838a23f-9012-38b2-b045-442be1fa4185;43398c2a-4ceb-4c7f-8ffc-37d2b78e22a3;1;Dimethylamine;emissions to water/unspecified;;Dimethylamine;Elementary flows/Emission to water/unspecified;;;;93a60a56-a3c8-11da-a746-0800200b9a66;Mass;;kg;20aadc24-a391-41cf-b340-3e4529f44bde;kg
bc2908c9-a25d-3844-8955-2a3eb1e8a45d;6dc1b46f-ee89-4495-95c4-b8a637bcd6cb;1;Dinitrogen monoxide;emissions to air/high. pop.;;Dinitrogen monoxide;Elementary flows/Emission to air/high population density;;;;93a60a56-a3c8-11da-a746-0800200b9a66;Mass;;kg;20aadc24-a391-41cf-b340-3e4529f44bde;kg
bc538ac4-3e1c-359a-8c57-b2862048e9a3;afd6d670-bbb0-4625-9730-04088a5b035e;1;Dinitrogen monoxide;emissions to air/low. pop.;;Dinitrogen monoxide;Elementary flows/Emission to air/low population density;;;;93a60a56-a3c8-11da-a746-0800200b9a66;Mass;;kg;20aadc24-a391-41cf-b340-3e4529f44bde;kg
52de11eb-9615-3b04-924b-304ab205f6d8;473826ae-125a-4b02-8c8e-c84322491d80;1;Dinitrogen monoxide;emissions to air/stratosphere + troposphere;;Dinitrogen monoxide;Elementary flows/Emission to air/lower stratosphere + upper troposphere;;;;93a60a56-a3c8-11da-a746-0800200b9a66;Mass;;kg;20aadc24-a391-41cf-b340-3e4529f44bde;kg
8891fa83-6699-3144-b213-2c08cb95647a;20185046-64bb-4c09-a8e7-e8a9e144ca98;1;Dinitrogen monoxide;emissions to air/unspecified;;Dinitrogen monoxide;Elementary flows/Emission to air/unspecified;;;;93a60a56-a3c8-11da-a746-0800200b9a66;Mass;;kg;20aadc24-a391-41cf-b340-3e4529f44bde;kg
8909b2ca-d6ec-3fc0-a4cc-9805914e9eee;237a5f15-8119-472a-8988-88b7ecb42405;1;Dioxin, 2,3,7,8 Tetrachlorodibenzo-p-;emissions to air/high. pop.;;Dioxins, measured as 2,3,7,8-tetrachlorodibenzo-p-dioxin;Elementary flows/Emission to air/high population density;;;;93a60a56-a3c8-11da-a746-0800200b9a66;Mass;;kg;20aadc24-a391-41cf-b340-3e4529f44bde;kg
7bde668a-6c28-3f3b-9963-95eef499c158;edfaa796-b3a8-3514-b502-21f88d030086;1;Dioxin, 2,3,7,8 Tetrachlorodibenzo-p-;emissions to air/indoor;;Dioxin, 2,3,7,8 Tetrachlorodibenzo-p-;Elementary flows/Emission to air/indoor;;;;93a60a56-a3c8-11da-a746-0800200b9a66;Mass;;kg;20aadc24-a391-41cf-b340-3e4529f44bde;kg
6f96c2a2-7b6f-3e6b-b4c6-1d8ea4492d8f;f77c5e36-ee47-4437-b757-03139bb1d6d6;1;Dioxin, 2,3,7,8 Tetrachlorodibenzo-p-;emissions to air/low. pop.;;Dioxins, measured as 2,3,7,8-tetrachlorodibenzo-p-dioxin;Elementary flows/Emission to air/low population density;;;;93a60a56-a3c8-11da-a746-0800200b9a66;Mass;;kg;20aadc24-a391-41cf-b340-3e4529f44bde;kg
2e8fa24b-be89-3a2a-849f-81a8e108eafd;082903e4-45d8-4078-94cb-736b15279277;1;Dioxin, 2,3,7,8 Tetrachlorodibenzo-p-;emissions to air/unspecified;;Dioxins, measured as 2,3,7,8-tetrachlorodibenzo-p-dioxin;Elementary flows/Emission to air/unspecified;;;;93a60a56-a3c8-11da-a746-0800200b9a66;Mass;;kg;20aadc24-a391-41cf-b340-3e4529f44bde;kg
56df9892-b596-3431-8da8-f095ed00ba35;bb7c7a83-0ea7-3487-a224-dbc8fd437e5b;1;Dioxin, 2,3,7,8 Tetrachlorodibenzo-p-;emissions to water/river;;Dioxin, 2,3,7,8 Tetrachlorodibenzo-p-;Elementary flows/Emission to water/river;;;;93a60a56-a3c8-11da-a746-0800200b9a66;Mass;;kg;20aadc24-a391-41cf-b340-3e4529f44bde;kg
24902393-c3b5-3138-88db-550babe225d1;3d109d67-5a27-4f7c-878a-983c179937db;1;Dioxin, 2,3,7,8 Tetrachlorodibenzo-p-;emissions to water/river, long-term;;Dioxins, measured as 2,3,7,8-tetrachlorodibenzo-p-dioxin;Elementary flows/Emission to water/river, long-term;;;;93a60a56-a3c8-11da-a746-0800200b9a66;Mass;;kg;20aadc24-a391-41cf-b340-3e4529f44bde;kg
f56f4ede-71ed-3d12-a7a5-314102ea2768;737c3221-1456-4c6b-8605-6ac00dc88b2e;1;Dioxin, 2,3,7,8 Tetrachlorodibenzo-p-;emissions to water/unspecified;;Dioxins, measured as 2,3,7,8-tetrachlorodibenzo-p-dioxin;Elementary flows/Emission to water/unspecified;;;;93a60a56-a3c8-11da-a746-0800200b9a66;Mass;;kg;20aadc24-a391-41cf-b340-3e4529f44bde;kg
673c68a9-48a7-3c10-a042-a1fa69a4d929;9a1e90d7-af5d-41ab-bf7b-d4d4248d9e24;1;Dipropylamine;emissions to air/high. pop.;;Dipropyl amine;Elementary flows/Emission to air/high population density;;;;93a60a56-a3c8-11da-a746-0800200b9a66;Mass;;kg;20aadc24-a391-41cf-b340-3e4529f44bde;kg
70c016b3-f9ad-3bd9-b2d0-cfca5eed38d2;6c5a9bc2-a8ce-4b80-a3fa-68a77098eb2b;1;Dipropylamine;emissions to water/river;;Dipropylamine;Elementary flows/Emission to water/fresh water;;;;93a60a56-a3c8-11da-a746-0800200b9a66;Mass;;kg;20aadc24-a391-41cf-b340-3e4529f44bde;kg
5a28793a-349c-36e7-8d1a-28a372a4d678;35c9f994-d4fa-46bf-b804-e5d03995f1a5;1;Dipropylthiocarbamic acid S-ethyl ester;emissions to soil/agricultural;;Dipropylthiocarbamic acid S-ethyl ester;Elementary flows/Emission to soil/agricultural;;;;93a60a56-a3c8-11da-a746-0800200b9a66;Mass;;kg;20aadc24-a391-41cf-b340-3e4529f44bde;kg
caec2abe-b7ac-3be4-b9a4-bd1b36ad856c;063a0cee-aa71-4ea6-85ca-045c74ca1a66;1;Diquat;emissions to soil/agricultural;;Diquat;Elementary flows/Emission to soil/agricultural;;;;93a60a56-a3c8-11da-a746-0800200b9a66;Mass;;kg;20aadc24-a391-41cf-b340-3e4529f44bde;kg
040c94cf-c9f7-3efc-9556-aef0f6affcda;9d32dff3-1e0e-44e1-8dab-2534399d5353;1;Disodium acid methane arsenate;emissions to soil/agricultural;;DSMA;Elementary flows/Emission to soil/agricultural;;;;93a60a56-a3c8-11da-a746-0800200b9a66;Mass;;kg;20aadc24-a391-41cf-b340-3e4529f44bde;kg
4ad8dd58-9d0a-3dd2-80ee-ddcbf3ee2d43;9c649513-6b8d-4c6d-bb74-927cc1c8fc8d;1;Disulfoton;emissions to soil/agricultural;;Disulfoton;Elementary flows/Emission to soil/agricultural;;;;93a60a56-a3c8-11da-a746-0800200b9a66;Mass;;kg;20aadc24-a391-41cf-b340-3e4529f44bde;kg
d26939fc-874a-395e-ba74-f50d77989b68;31913320-21f3-4cc2-b09a-a15ac9b65f5e;1;Dithianone;emissions to soil/agricultural;;Dithianon;Elementary flows/Emission to soil/agricultural;;;;93a60a56-a3c8-11da-a746-0800200b9a66;Mass;;kg;20aadc24-a391-41cf-b340-3e4529f44bde;kg
2b66bbb1-3e01-3404-a28a-6de8da44f35d;934c5e25-5370-421c-b079-07d01c49dedb;1;Diuron;emissions to soil/agricultural;;Diuron;Elementary flows/Emission to soil/agricultural;;;;93a60a56-a3c8-11da-a746-0800200b9a66;Mass;;kg;20aadc24-a391-41cf-b340-3e4529f44bde;kg
a329add7-aea4-328e-a1bd-cc4996cb4c73;725c7923-0ed8-43e5-b485-fad7e34bef08;1;DOC, Dissolved Organic Carbon;emissions to water/groundwater, long-term;;DOC, Dissolved Organic Carbon;Elementary flows/Emission to water/ground water, long-term;;;;93a60a56-a3c8-11da-a746-0800200b9a66;Mass;;kg;20aadc24-a391-41cf-b340-3e4529f44bde;kg
76721696-b0a3-3073-a9da-5f9e0d8a812a;025f8b4a-de06-40b6-967b-63da82dc4828;1;DOC, Dissolved Organic Carbon;emissions to water/lake;;DOC, Dissolved Organic Carbon;Elementary flows/Emission to water/lake;;;;93a60a56-a3c8-11da-a746-0800200b9a66;Mass;;kg;20aadc24-a391-41cf-b340-3e4529f44bde;kg
e48d1871-2c8c-346c-b3d4-04b5aa295c8f;72f14baf-d36c-4f8e-8c17-5304a995f00a;1;DOC, Dissolved Organic Carbon;emissions to water/ocean;;DOC, Dissolved Organic Carbon;Elementary flows/Emission to water/ocean;;;;93a60a56-a3c8-11da-a746-0800200b9a66;Mass;;kg;20aadc24-a391-41cf-b340-3e4529f44bde;kg
7b648b9b-5021-3969-a195-23a6b6fbb7c1;08ace03b-27d9-4bf1-bf4d-cbe177992052;1;DOC, Dissolved Organic Carbon;emissions to water/river;;DOC, Dissolved Organic Carbon;Elementary flows/Emission to water/fresh water;;;;93a60a56-a3c8-11da-a746-0800200b9a66;Mass;;kg;20aadc24-a391-41cf-b340-3e4529f44bde;kg
28b2f900-4339-357b-b475-54dbe8ba5624;79607917-9e12-4292-b289-21ff2b36e04b;1;DOC, Dissolved Organic Carbon;emissions to water/unspecified;;DOC, Dissolved Organic Carbon;Elementary flows/Emission to water/unspecified;;;;93a60a56-a3c8-11da-a746-0800200b9a66;Mass;;kg;20aadc24-a391-41cf-b340-3e4529f44bde;kg
202c1f92-1641-334a-8f4a-05d99d3dc512;c7aee986-b7d8-4ad9-ad45-1ac0d68e6b78;1;Dolomite;resources/in ground;;Dolomite;Elementary flows/Resource/in ground;;;;93a60a56-a3c8-11da-a746-0800200b9a66;Mass;;kg;20aadc24-a391-41cf-b340-3e4529f44bde;kg
e55e0524-8f5d-3da5-a9b9-eb97b5786bd9;69da88e0-7fb1-4223-bb2d-b6e86e2af891;1;Endosulfan;emissions to soil/agricultural;;Endosulfan;Elementary flows/Emission to soil/agricultural;;;;93a60a56-a3c8-11da-a746-0800200b9a66;Mass;;kg;20aadc24-a391-41cf-b340-3e4529f44bde;kg
8d2fd9bd-6ce8-38e7-8ba0-5f928ea8e04a;97afe0e8-be32-431e-94ea-a1fa5d156c76;1;Endothall;emissions to soil/agricultural;;Endothall;Elementary flows/Emission to soil/agricultural;;;;93a60a56-a3c8-11da-a746-0800200b9a66;Mass;;kg;20aadc24-a391-41cf-b340-3e4529f44bde;kg
43b4b77e-1a46-3449-b2fd-99c15f34335f;bb7aa805-00c6-416a-9e93-4ee7b33671da;1;Energy, from coal;resources/in ground;;Energy, from coal;Elementary flows/Resource/in ground;;;;f6811440-ee37-11de-8a39-0800200c9a66;Energy;;MJ;52765a6c-3896-43c2-b2f4-c679acf13efe;MJ
0038ba77-8d92-37c3-8aae-6de8f345f3b7;7045c96d-7cef-33cf-8f3d-cf7198b6faab;1;Energy, from coal, brown;resources/in ground;;Energy, from coal, brown;Elementary flows/Resource/in ground;;;;f6811440-ee37-11de-8a39-0800200c9a66;Energy;;MJ;52765a6c-3896-43c2-b2f4-c679acf13efe;MJ
db311d17-12b2-30b9-b4a6-4ff7889db75b;c3ae56cd-b714-330e-a5f5-bfba53fd3b06;1;Energy, from hydro power;resources/in water;;Energy, from hydro power;Elementary flows/Resource/in water;;;;f6811440-ee37-11de-8a39-0800200c9a66;Energy;;MJ;52765a6c-3896-43c2-b2f4-c679acf13efe;MJ
d8e5329e-0ebb-38a7-8225-fafd30667515;593de2c4-0be4-3445-b86a-40e25630b80d;1;Energy, from oil;resources/unspecified;;Energy, from oil;Elementary flows/Resource/unspecified;;;;f6811440-ee37-11de-8a39-0800200c9a66;Energy;;MJ;52765a6c-3896-43c2-b2f4-c679acf13efe;MJ
94e31626-a141-3350-af3a-304b9bedd3f2;8d846589-ed6a-3f95-ad4a-4bd969a36ffb;1;Energy, from peat;resources/in ground;;Energy, from peat;Elementary flows/Resource/in ground;;;;f6811440-ee37-11de-8a39-0800200c9a66;Energy;;MJ;52765a6c-3896-43c2-b2f4-c679acf13efe;MJ
f6153d1b-af4b-373a-bd55-9e476ae284eb;d3d3143a-93e0-346f-b750-7b8057c48b4c;1;Energy, from uranium;resources/in ground;;Energy, from uranium;Elementary flows/Resource/in ground;;;;f6811440-ee37-11de-8a39-0800200c9a66;Energy;;MJ;52765a6c-3896-43c2-b2f4-c679acf13efe;MJ
5bbb292a-52b7-3c14-9952-3c3f24c16b7d;f54b7f8d-f473-495e-8fc4-637859ab6e3a;1;Energy, geothermal, converted;resources/biotic;;Energy, geothermal, converted;Elementary flows/Resource/unspecified;;;;f6811440-ee37-11de-8a39-0800200c9a66;Energy;;MJ;52765a6c-3896-43c2-b2f4-c679acf13efe;MJ
c24c478f-680a-34c9-987e-a1f4e1527fd5;8bc09c04-2190-4ee2-9ee2-ae988ccd4e0c;1;Energy, geothermal, converted;resources/in ground;;Energy, geothermal, converted;Elementary flows/Resource/in ground;;;;f6811440-ee37-11de-8a39-0800200c9a66;Energy;;MJ;52765a6c-3896-43c2-b2f4-c679acf13efe;MJ
1722c164-9a64-34e9-9c04-a81fbf367f6b;01c12fca-ad8b-4902-8b48-2d5afe3d3a0f;1;Energy, gross calorific value, in biomass;resources/biotic;;Energy, gross calorific value, in biomass;Elementary flows/Resource/biotic;;;;f6811440-ee37-11de-8a39-0800200c9a66;Energy;;MJ;52765a6c-3896-43c2-b2f4-c679acf13efe;MJ
2ee48775-1e75-3cf1-9821-1968c5c43bbe;842ed4a3-54cf-4fd0-bad5-c6bfefa8ef09;1;Energy, gross calorific value, in biomass;resources/in air;;Energy, gross calorific value, in biomass;Elementary flows/Resource/unspecified;;;;f6811440-ee37-11de-8a39-0800200c9a66;Energy;;MJ;52765a6c-3896-43c2-b2f4-c679acf13efe;MJ
1a0c859b-762f-3731-b9f3-fd0537c4a75e;842ed4a3-54cf-4fd0-bad5-c6bfefa8ef09;1;Energy, gross calorific value, in biomass;resources/unspecified;;Energy, gross calorific value, in biomass;Elementary flows/Resource/unspecified;;;;f6811440-ee37-11de-8a39-0800200c9a66;Energy;;MJ;52765a6c-3896-43c2-b2f4-c679acf13efe;MJ
d5ee2716-8afc-30de-8149-8fd4704dbcf9;8842042d-7f07-45f8-bf43-fa83833d75de;1;Energy, gross calorific value, in biomass, primary forest;resources/biotic;;Energy, gross calorific value, in biomass, primary forest;Elementary flows/Resource/biotic;;;;f6811440-ee37-11de-8a39-0800200c9a66;Energy;;MJ;52765a6c-3896-43c2-b2f4-c679acf13efe;MJ
ddee8294-f0ed-358a-81c4-106fb696a567;024e01c2-fb69-3385-8e9f-c173aa332def;1;Energy, gross calorific value, in biomass, resource correction;resources/biotic;;Energy, gross calorific value, in biomass, resource correction;Elementary flows/Resource/unspecified;;;;f6811440-ee37-11de-8a39-0800200c9a66;Energy;;MJ;52765a6c-3896-43c2-b2f4-c679acf13efe;MJ
f826c7d2-9a1c-3626-a6e8-213f8cbd6a47;024e01c2-fb69-3385-8e9f-c173aa332def;1;Energy, gross calorific value, in biomass, resource correction;resources/unspecified;;Energy, gross calorific value, in biomass, resource correction;Elementary flows/Resource/unspecified;;;;f6811440-ee37-11de-8a39-0800200c9a66;Energy;;MJ;52765a6c-3896-43c2-b2f4-c679acf13efe;MJ
98da5fdc-52a7-3c37-836a-4fccb35c65c9;57c71b25-4663-4fad-9167-7ce5be3e8268;1;Energy, kinetic (in wind), converted;resources/in air;;Energy, kinetic (in wind), converted;Elementary flows/Resource/in air;;;;f6811440-ee37-11de-8a39-0800200c9a66;Energy;;MJ;52765a6c-3896-43c2-b2f4-c679acf13efe;MJ
cfe63af5-7468-30a6-a4e3-204ec753edad;c0dd7ccd-9e7a-42b3-b899-dfd18c2150ca;1;Energy, potential (in hydropower reservoir), converted;resources/in water;;Energy, potential (in hydropower reservoir), converted;Elementary flows/Resource/in water;;;;f6811440-ee37-11de-8a39-0800200c9a66;Energy;;MJ;52765a6c-3896-43c2-b2f4-c679acf13efe;MJ
ea7108c7-86d9-3254-9fa3-3c2274ef373b;a7ff17d4-d3fe-4a70-9f2e-392b34630772;1;Energy, solar, converted;resources/in air;;Energy, solar, converted;Elementary flows/Resource/in air;;;;f6811440-ee37-11de-8a39-0800200c9a66;Energy;;MJ;52765a6c-3896-43c2-b2f4-c679acf13efe;MJ
00b88e73-0798-3420-936a-e81f91807671;60dc02b0-03c5-43dd-86ab-d28970bade0f;1;Energy, waste heat, air;resources/in air;;Energy, waste heat, air;Elementary flows/Resource/in air;;;;f6811440-ee37-11de-8a39-0800200c9a66;Energy;;MJ;52765a6c-3896-43c2-b2f4-c679acf13efe;MJ
8feec657-3487-3aa8-b247-e33523ab6aec;1afedfb8-dfbd-4722-a5fc-f678c593d907;1;Epoxiconazole;emissions to soil/agricultural;;Epoxiconazole;Elementary flows/Emission to soil/agricultural;;;;93a60a56-a3c8-11da-a746-0800200b9a66;Mass;;kg;20aadc24-a391-41cf-b340-3e4529f44bde;kg
bdedf615-554b-37d6-a680-93e309ee1eba;59177170-590b-4d94-833a-e23d899f422e;1;Esfenvalerate;emissions to soil/agricultural;;Esfenvalerate;Elementary flows/Emission to soil/agricultural;;;;93a60a56-a3c8-11da-a746-0800200b9a66;Mass;;kg;20aadc24-a391-41cf-b340-3e4529f44bde;kg
cc2b6348-39df-3eab-b1fe-e3221b723049;b028ffea-ecff-4f0e-a2b0-a84eb647cdae;1;Ethalfluralin;emissions to soil/agricultural;;Ethalfluralin;Elementary flows/Emission to soil/agricultural;;;;93a60a56-a3c8-11da-a746-0800200b9a66;Mass;;kg;20aadc24-a391-41cf-b340-3e4529f44bde;kg
1b7dfb56-78a3-316c-aecf-02dd5a514691;9ea11aea-7cb7-4b38-b936-a42c2a4bac97;1;Ethane;emissions to air/high. pop.;;Ethane;Elementary flows/Emission to air/high population density;;;;93a60a56-a3c8-11da-a746-0800200b9a66;Mass;;kg;20aadc24-a391-41cf-b340-3e4529f44bde;kg
001bd454-6fd1-303f-9909-c9925bc0a0aa;e7e0031e-791d-42f4-b26c-ec322db637bc;1;Ethane;emissions to air/low. pop.;;Ethane;Elementary flows/Emission to air/low population density;;;;93a60a56-a3c8-11da-a746-0800200b9a66;Mass;;kg;20aadc24-a391-41cf-b340-3e4529f44bde;kg
7fb3001c-54f4-370f-b8d6-e9b4d3205b52;8e30c990-5ed4-4f94-9d0e-2f5e4ff1a1f9;1;Ethane;emissions to air/unspecified;;Ethane;Elementary flows/Emission to air/unspecified;;;;93a60a56-a3c8-11da-a746-0800200b9a66;Mass;;kg;20aadc24-a391-41cf-b340-3e4529f44bde;kg
1f1104c5-8048-3916-bee4-19882307af30;fa0c2bee-8dd9-4f8a-8489-b1f3b43de958;1;Ethane, 1,1,1,2-tetrafluoro-, HFC-134a;emissions to air/high. pop.;;1,1,1,2-Tetrafluoroethane;Elementary flows/Emission to air/high population density;;;;93a60a56-a3c8-11da-a746-0800200b9a66;Mass;;kg;20aadc24-a391-41cf-b340-3e4529f44bde;kg
629a4f75-b15e-34a9-9767-20f6cdcc803d;16fcd4f9-0bb8-4b84-8334-3ffb1a17aa74;1;Ethane, 1,1,1,2-tetrafluoro-, HFC-134a;emissions to air/low. pop.;;1,1,1,2-Tetrafluoroethane;Elementary flows/Emission to air/low population density;;;;93a60a56-a3c8-11da-a746-0800200b9a66;Mass;;kg;20aadc24-a391-41cf-b340-3e4529f44bde;kg
e6248e38-dbf7-32cc-93f6-f09f3e82c716;e87f039d-d9ce-4242-ac18-c9284cc80f3d;1;Ethane, 1,1,1,2-tetrafluoro-, HFC-134a;emissions to air/unspecified;;1,1,1,2-Tetrafluoroethane;Elementary flows/Emission to air/unspecified;;;;93a60a56-a3c8-11da-a746-0800200b9a66;Mass;;kg;20aadc24-a391-41cf-b340-3e4529f44bde;kg
c37c025c-41e2-3ecb-8910-db1cf6beff33;99585564-bfce-4845-9aaa-2f24b8f26a41;1;Ethane, 1,1,1-trichloro-, HCFC-140;emissions to air/low. pop.;;1,1,1-Trichloroethane;Elementary flows/Emission to air/low population density;;;;93a60a56-a3c8-11da-a746-0800200b9a66;Mass;;kg;20aadc24-a391-41cf-b340-3e4529f44bde;kg
6a734087-f593-35ab-91d7-e09e9e7cf920;ce6294f5-2ed7-46ee-a967-33e265e34455;1;Ethane, 1,1,1-trichloro-, HCFC-140;emissions to air/unspecified;;1,1,1-Trichloroethane;Elementary flows/Emission to air/unspecified;;;;93a60a56-a3c8-11da-a746-0800200b9a66;Mass;;kg;20aadc24-a391-41cf-b340-3e4529f44bde;kg
caeb0f3f-cdc3-3f29-8c63-5d62492793eb;f7397e9f-8f6a-49a7-ba5a-0cf7426bcaea;1;Ethane, 1,1,1-trichloro-, HCFC-140;emissions to water/river;;Ethane, 1,1,1-trichloro-, HCFC-140;Elementary flows/Emission to water/fresh water;;;;93a60a56-a3c8-11da-a746-0800200b9a66;Mass;;kg;20aadc24-a391-41cf-b340-3e4529f44bde;kg
d8e85dc7-82d3-3bb3-97f2-b650c96c0059;c8e5538f-17a1-4f62-aa64-39a91adb5cd3;1;Ethane, 1,1,1-trichloro-, HCFC-140;emissions to water/unspecified;;1,1,1-Trichloroethane;Elementary flows/Emission to water/unspecified;;;;93a60a56-a3c8-11da-a746-0800200b9a66;Mass;;kg;20aadc24-a391-41cf-b340-3e4529f44bde;kg
6f979cbd-2c77-342e-b572-58677901c86c;df56b189-6a5d-4d91-a378-4e5ba1e53dff;1;Ethane, 1,1,2,2-tetrachloro-;emissions to air/unspecified;;1,1,2,2-Tetrachloroethane;Elementary flows/Emission to air/unspecified;;;;93a60a56-a3c8-11da-a746-0800200b9a66;Mass;;kg;20aadc24-a391-41cf-b340-3e4529f44bde;kg
3d45470d-42fe-30f0-a534-08105a8ca003;8b643480-8423-4eeb-a78c-d3b3ad9cd1a9;1;Ethane, 1,1,2,2-tetrachloro-;emissions to water/river;;1,1,2,2-Tetrachloroethane;Elementary flows/Emission to water/fresh water;;;;93a60a56-a3c8-11da-a746-0800200b9a66;Mass;;kg;20aadc24-a391-41cf-b340-3e4529f44bde;kg
f4a2c682-1555-335f-806c-29ab4f500cf2;f43d0aea-fb0d-4dff-a86f-b0855772059f;1;Ethane, 1,1,2,2-tetrachloro-;emissions to water/unspecified;;1,1,2,2-Tetrachloroethane;Elementary flows/Emission to water/unspecified;;;;93a60a56-a3c8-11da-a746-0800200b9a66;Mass;;kg;20aadc24-a391-41cf-b340-3e4529f44bde;kg
63f631a9-f803-3c62-8ff0-9bf7056b9028;9b132374-dce2-4ce0-86aa-53201b30f617;1;Ethane, 1,1,2-trichloro-1,2,2-trifluoro-, CFC-113;emissions to air/high. pop.;;1,1,2-Trichloro-1,2,2-trifluoroethane;Elementary flows/Emission to air/high population density;;;;93a60a56-a3c8-11da-a746-0800200b9a66;Mass;;kg;20aadc24-a391-41cf-b340-3e4529f44bde;kg
2f0e78e2-3b33-37fc-8edd-1acaf2449bf5;cacfd448-6c2d-4061-9363-fd506b979f25;1;Ethane, 1,1,2-trichloro-1,2,2-trifluoro-, CFC-113;emissions to air/unspecified;;1,1,2-Trichloro-1,2,2-trifluoroethane;Elementary flows/Emission to air/unspecified;;;;93a60a56-a3c8-11da-a746-0800200b9a66;Mass;;kg;20aadc24-a391-41cf-b340-3e4529f44bde;kg
2f544bcb-7e6d-3c34-abf7-9bc1b45ebbbd;0d9f1f58-e5b6-4387-a22e-ae28c4ccfc6a;1;Ethane, 1,1,2-trifluoro-, HFC-143;emissions to air/unspecified;;Ethane, 1,1,2-trifluoro-, HFC-143;Elementary flows/Emission to air/unspecified;;;;93a60a56-a3c8-11da-a746-0800200b9a66;Mass;;kg;20aadc24-a391-41cf-b340-3e4529f44bde;kg
76d2d82e-d26f-3998-9f74-394e41bf6c32;39ae5b84-2661-4d9d-9b27-1f0926c996dc;1;Ethane, 1,1-dichloro-;emissions to air/unspecified;;Ethane, 1,1-dichloro-;Elementary flows/Emission to air/unspecified;;;;93a60a56-a3c8-11da-a746-0800200b9a66;Mass;;kg;20aadc24-a391-41cf-b340-3e4529f44bde;kg
15d71109-4b66-3374-9567-8c772ef6aa0d;f1272c75-fcd8-4a07-af18-f4d71e8e13eb;1;Ethane, 1,1-dichloro-;emissions to water/unspecified;;Ethane, 1,1-dichloro-;Elementary flows/Emission to water/unspecified;;;;93a60a56-a3c8-11da-a746-0800200b9a66;Mass;;kg;20aadc24-a391-41cf-b340-3e4529f44bde;kg
5b589813-68fb-3825-8fa5-c5782436db21;393d0862-04cc-45ae-8d08-9dc2a4461b35;1;Ethane, 1,1-difluoro-, HFC-152a;emissions to air/high. pop.;;1,1-Difluoroethane;Elementary flows/Emission to air/high population density;;;;93a60a56-a3c8-11da-a746-0800200b9a66;Mass;;kg;20aadc24-a391-41cf-b340-3e4529f44bde;kg
5127672a-6afd-3388-8a2c-6f48ded9e985;1c4a106a-53bc-40f5-bcae-d30ab191dbfe;1;Ethane, 1,1-difluoro-, HFC-152a;emissions to air/low. pop.;;1,1-Difluoroethane;Elementary flows/Emission to air/low population density;;;;93a60a56-a3c8-11da-a746-0800200b9a66;Mass;;kg;20aadc24-a391-41cf-b340-3e4529f44bde;kg
2671f763-2d71-3d63-a98c-f26311896b3f;9cf9bf0e-86fe-42c0-90cc-bfed96fbdc8f;1;Ethane, 1,1-difluoro-, HFC-152a;emissions to air/unspecified;;1,1-Difluoroethane;Elementary flows/Emission to air/unspecified;;;;93a60a56-a3c8-11da-a746-0800200b9a66;Mass;;kg;20aadc24-a391-41cf-b340-3e4529f44bde;kg
95677209-3f42-3bd8-9ad0-a8442749ea30;f2257f56-3ca5-41a9-b1e8-da1e18d43738;1;Ethane, 1,2-dibromo-;emissions to water/river;;Ethane, 1,2-dibromo-;Elementary flows/Emission to water/fresh water;;;;93a60a56-a3c8-11da-a746-0800200b9a66;Mass;;kg;20aadc24-a391-41cf-b340-3e4529f44bde;kg
71bd9d87-50db-3da4-b149-2db204b23b92;468bebea-17ee-49d3-b11d-c603d91c67c8;1;Ethane, 1,2-dichloro-;emissions to air/high. pop.;;Ethylene dichloride;Elementary flows/Emission to air/high population density;;;;93a60a56-a3c8-11da-a746-0800200b9a66;Mass;;kg;20aadc24-a391-41cf-b340-3e4529f44bde;kg
8bdb34f1-db6c-3fe9-bcff-6ec3f3a3ee99;89324b2f-1e73-4eb1-9716-96b9be0349ac;1;Ethane, 1,2-dichloro-;emissions to air/low. pop.;;Ethylene dichloride;Elementary flows/Emission to air/low population density;;;;93a60a56-a3c8-11da-a746-0800200b9a66;Mass;;kg;20aadc24-a391-41cf-b340-3e4529f44bde;kg
bd3dcf94-653b-3412-ad20-7dafcfeae07a;03758df7-503a-400e-bc7b-ec05825761a5;1;Ethane, 1,2-dichloro-;emissions to air/unspecified;;Ethylene dichloride;Elementary flows/Emission to air/unspecified;;;;93a60a56-a3c8-11da-a746-0800200b9a66;Mass;;kg;20aadc24-a391-41cf-b340-3e4529f44bde;kg
a789af69-6ba6-3bab-8fdf-3332a43fc31d;e2c3a1e9-f431-4936-a6d5-24c7f6552885;1;Ethane, 1,2-dichloro-;emissions to water/river;;Ethane, 1,2-dichloro-;Elementary flows/Emission to water/fresh water;;;;93a60a56-a3c8-11da-a746-0800200b9a66;Mass;;kg;20aadc24-a391-41cf-b340-3e4529f44bde;kg
4c8e124c-d4f4-37cf-8cb5-f1d9e48da5a9;deb80fa5-4d0a-427e-9526-443f88d17b53;1;Ethane, 1,2-dichloro-;emissions to water/unspecified;;Ethylene dichloride;Elementary flows/Emission to water/unspecified;;;;93a60a56-a3c8-11da-a746-0800200b9a66;Mass;;kg;20aadc24-a391-41cf-b340-3e4529f44bde;kg
c77590af-a209-3c75-b75f-e90f1b00e7e5;1584734d-c5c8-42a5-aa51-0f6a92a9cc0d;1;Ethane, 1,2-dichloro-1,1,2,2-tetrafluoro-, CFC-114;emissions to air/low. pop.;;1,2-Dichloro-1,1,2,2-tetrafluoroethane;Elementary flows/Emission to air/low population density;;;;93a60a56-a3c8-11da-a746-0800200b9a66;Mass;;kg;20aadc24-a391-41cf-b340-3e4529f44bde;kg
f090a4a5-789a-3f65-8d55-7feb144e5d86;8a3a44e4-e2f1-476d-9e9e-a90fda263fe3;1;Ethane, 1,2-dichloro-1,1,2,2-tetrafluoro-, CFC-114;emissions to air/unspecified;;1,2-Dichloro-1,1,2,2-tetrafluoroethane;Elementary flows/Emission to air/unspecified;;;;93a60a56-a3c8-11da-a746-0800200b9a66;Mass;;kg;20aadc24-a391-41cf-b340-3e4529f44bde;kg
d450fd39-b277-3e67-be79-39fe4b247fb6;60268f3d-468b-487e-acb1-24d7250cb6b3;1;Ethane, 2-chloro-1,1,1,2-tetrafluoro-, HCFC-124;emissions to air/unspecified;;2-Chloro-1,1,1,2-tetrafluoroethane;Elementary flows/Emission to air/unspecified;;;;93a60a56-a3c8-11da-a746-0800200b9a66;Mass;;kg;20aadc24-a391-41cf-b340-3e4529f44bde;kg
f8ee6666-5ae9-3777-a921-c730b4c097ca;f3f34697-7231-4575-aaf5-e35b972d329a;1;Ethane, chloro-;emissions to air/high. pop.;;Monochloroethane;Elementary flows/Emission to air/high population density;;;;93a60a56-a3c8-11da-a746-0800200b9a66;Mass;;kg;20aadc24-a391-41cf-b340-3e4529f44bde;kg
52350d33-5e11-397b-8e21-2f9af6c68ac0;bce77a75-c399-4fa6-94ab-90d0e704ebde;1;Ethane, chloro-;emissions to air/unspecified;;Monochloroethane;Elementary flows/Emission to air/unspecified;;;;93a60a56-a3c8-11da-a746-0800200b9a66;Mass;;kg;20aadc24-a391-41cf-b340-3e4529f44bde;kg
05ddc1d4-f4e2-34f0-993e-ed69f103df69;f54cf554-fecd-4a66-b763-0cc96cd3f9eb;1;Ethane, chloro-;emissions to water/river;;Monochloroethane;Elementary flows/Emission to water/fresh water;;;;93a60a56-a3c8-11da-a746-0800200b9a66;Mass;;kg;20aadc24-a391-41cf-b340-3e4529f44bde;kg
76be69b4-2baa-3719-ad55-5189d33025b4;60340c7f-e9ce-474f-ac08-a6d4d9f864fc;1;Ethane, chloro-;emissions to water/unspecified;;Monochloroethane;Elementary flows/Emission to water/unspecified;;;;93a60a56-a3c8-11da-a746-0800200b9a66;Mass;;kg;20aadc24-a391-41cf-b340-3e4529f44bde;kg
bad5ade3-70a5-3761-9cfe-757e25377701;df5dd437-2e12-4af6-8f7a-9c8224857dc5;1;Ethane, hexafluoro-, HFC-116;emissions to air/high. pop.;;Hexafluoroethane;Elementary flows/Emission to air/high population density;;;;93a60a56-a3c8-11da-a746-0800200b9a66;Mass;;kg;20aadc24-a391-41cf-b340-3e4529f44bde;kg
189e0e94-477c-300b-bcea-d909eacef4c9;acc39720-dda7-4b3a-80c7-c6394cad4191;1;Ethane, hexafluoro-, HFC-116;emissions to air/unspecified;;Hexafluoroethane;Elementary flows/Emission to air/unspecified;;;;93a60a56-a3c8-11da-a746-0800200b9a66;Mass;;kg;20aadc24-a391-41cf-b340-3e4529f44bde;kg
2f379201-3ccd-3a6e-94d5-afe8170a831a;5d1701c5-c4ef-49c7-8a68-ce7c255eee9f;1;Ethane, pentafluoro-, HFC-125;emissions to air/high. pop.;;Pentafluoroethane;Elementary flows/Emission to air/high population density;;;;93a60a56-a3c8-11da-a746-0800200b9a66;Mass;;kg;20aadc24-a391-41cf-b340-3e4529f44bde;kg
4012c42c-1e17-3b15-9fb2-5bc4108265d3;84386543-b148-465b-9265-ad638c12e263;1;Ethane, pentafluoro-, HFC-125;emissions to air/low. pop.;;Pentafluoroethane;Elementary flows/Emission to air/low population density;;;;93a60a56-a3c8-11da-a746-0800200b9a66;Mass;;kg;20aadc24-a391-41cf-b340-3e4529f44bde;kg
c73ece62-1dde-3524-ace3-7733f6720b69;281e1011-f121-4d5b-ad4d-22d562b2c2cd;1;Ethane, pentafluoro-, HFC-125;emissions to air/unspecified;;Pentafluoroethane;Elementary flows/Emission to air/unspecified;;;;93a60a56-a3c8-11da-a746-0800200b9a66;Mass;;kg;20aadc24-a391-41cf-b340-3e4529f44bde;kg
22d2a49d-2343-3205-8e90-5432f6d399e6;379a827c-3290-4810-9689-b9e892945836;1;Ethanol;emissions to air/high. pop.;;Ethanol;Elementary flows/Emission to air/high population density;;;;93a60a56-a3c8-11da-a746-0800200b9a66;Mass;;kg;20aadc24-a391-41cf-b340-3e4529f44bde;kg
a1328798-89c2-3115-a606-35538823d630;0d3ccb17-b3fe-4c08-b7cb-458ed3ababf1;1;Ethanol;emissions to air/low. pop.;;Ethanol;Elementary flows/Emission to air/low population density;;;;93a60a56-a3c8-11da-a746-0800200b9a66;Mass;;kg;20aadc24-a391-41cf-b340-3e4529f44bde;kg
f09d8d96-fafd-3af0-ac2c-2ed6dfba2c16;d3f5d0b9-0155-4800-9dbb-b0583948c8c6;1;Ethanol;emissions to air/unspecified;;Ethanol;Elementary flows/Emission to air/unspecified;;;;93a60a56-a3c8-11da-a746-0800200b9a66;Mass;;kg;20aadc24-a391-41cf-b340-3e4529f44bde;kg
7c7b6e06-ed0e-3c25-bf3d-e940e6ab6ab9;d11085f8-8dec-453b-9535-5008689cd8ff;1;Ethanol;emissions to water/river;;Ethanol;Elementary flows/Emission to water/fresh water;;;;93a60a56-a3c8-11da-a746-0800200b9a66;Mass;;kg;20aadc24-a391-41cf-b340-3e4529f44bde;kg
b6a69fba-ff5c-39df-80fe-3102578ab6ae;ffa34df1-d949-48e3-b602-183eee5df605;1;Ethanol, 2-ethoxy-;emissions to air/high. pop.;;Ethylene glycol monoethyl ether;Elementary flows/Emission to air/high population density;;;;93a60a56-a3c8-11da-a746-0800200b9a66;Mass;;kg;20aadc24-a391-41cf-b340-3e4529f44bde;kg
71b0e1ef-93f6-36a2-8496-4baee9e94b29;609be790-f000-4122-9322-afbf34fe5b03;1;Ethanol, 2-ethoxy-;emissions to water/river;;Ethylene glycol monoethyl ether;Elementary flows/Emission to water/fresh water;;;;93a60a56-a3c8-11da-a746-0800200b9a66;Mass;;kg;20aadc24-a391-41cf-b340-3e4529f44bde;kg
82a5c696-bab5-3005-baf7-e17423216433;36270548-9316-424b-9aeb-e0de134b0be1;1;Ethene;emissions to air/high. pop.;;Ethylene;Elementary flows/Emission to air/high population density;;;;93a60a56-a3c8-11da-a746-0800200b9a66;Mass;;kg;20aadc24-a391-41cf-b340-3e4529f44bde;kg
238a5efc-5cb6-32d3-b372-d948882a8019;87f683ed-44ae-41a6-b4bc-230622f8cfef;1;Ethene;emissions to air/low. pop.;;Ethylene;Elementary flows/Emission to air/low population density;;;;93a60a56-a3c8-11da-a746-0800200b9a66;Mass;;kg;20aadc24-a391-41cf-b340-3e4529f44bde;kg
3cce8aeb-02f0-38d6-9a0d-2c90ea8165a3;b02991d4-c180-4b16-8035-ac38f4a64b87;1;Ethene;emissions to air/stratosphere + troposphere;;Ethylene;Elementary flows/Emission to air/lower stratosphere + upper troposphere;;;;93a60a56-a3c8-11da-a746-0800200b9a66;Mass;;kg;20aadc24-a391-41cf-b340-3e4529f44bde;kg
385d43b4-fb43-3231-855b-b0a986d7af61;9c2a7dc9-8b1f-46ba-bc16-0d761a4f6016;1;Ethene;emissions to air/unspecified;;Ethylene;Elementary flows/Emission to air/unspecified;;;;93a60a56-a3c8-11da-a746-0800200b9a66;Mass;;kg;20aadc24-a391-41cf-b340-3e4529f44bde;kg
05230480-91f2-386e-a231-267893b0a410;7c555ee7-ee15-4ca1-a571-dd56c446840c;1;Ethene;emissions to water/river;;Ethylene;Elementary flows/Emission to water/fresh water;;;;93a60a56-a3c8-11da-a746-0800200b9a66;Mass;;kg;20aadc24-a391-41cf-b340-3e4529f44bde;kg
82b8d2c6-a74b-3aaf-99ac-4faa51dc206e;f3a3227c-39f4-4383-8007-8b3b0c33467a;1;Ethene;emissions to water/unspecified;;Ethylene;Elementary flows/Emission to water/unspecified;;;;93a60a56-a3c8-11da-a746-0800200b9a66;Mass;;kg;20aadc24-a391-41cf-b340-3e4529f44bde;kg
939aab1f-05ab-3858-acf1-ffebfbee0b88;ece68c56-e5e2-4190-baa3-53582c6d78f9;1;Ethene, 1,1-dichloro-;emissions to air/unspecified;;1,1-Dichloroethylene;Elementary flows/Emission to air/unspecified;;;;93a60a56-a3c8-11da-a746-0800200b9a66;Mass;;kg;20aadc24-a391-41cf-b340-3e4529f44bde;kg
594f33ed-4629-376e-9d85-e2dfb002181e;5aa1acb8-2256-4929-ab99-0f0feff8d459;1;Ethene, 1,2-dichloro-;emissions to air/unspecified;;1,2-DICHLOROETHYLENE;Elementary flows/Emission to air/unspecified;;;;93a60a56-a3c8-11da-a746-0800200b9a66;Mass;;kg;20aadc24-a391-41cf-b340-3e4529f44bde;kg
a3c22788-9e13-3cb0-8ec1-dda8e6ed093b;127ff74d-018b-43b9-8a4e-fb5577d5ee5a;1;Ethene, chloro-;emissions to air/high. pop.;;Vinyl chloride;Elementary flows/Emission to air/high population density;;;;93a60a56-a3c8-11da-a746-0800200b9a66;Mass;;kg;20aadc24-a391-41cf-b340-3e4529f44bde;kg
b3f8d8c2-5cac-3200-a067-3e5fe4fb69f5;2a51889e-9264-45df-9753-64c25a755d9e;1;Ethene, chloro-;emissions to air/unspecified;;Vinyl chloride;Elementary flows/Emission to air/unspecified;;;;93a60a56-a3c8-11da-a746-0800200b9a66;Mass;;kg;20aadc24-a391-41cf-b340-3e4529f44bde;kg
ceecfbb5-6b6b-3b7d-a885-d3878f543169;cfe43cd8-3356-4d29-bb02-5b9c9ede0aec;1;Ethene, chloro-;emissions to water/river;;Vinyl chloride;Elementary flows/Emission to water/surface water;;;;93a60a56-a3c8-11da-a746-0800200b9a66;Mass;;kg;20aadc24-a391-41cf-b340-3e4529f44bde;kg
e0a44fee-ab5b-311d-91c1-e713df8d1289;cfe43cd8-3356-4d29-bb02-5b9c9ede0aec;1;Ethene, chloro-;emissions to water/river, long-term;;Vinyl chloride;Elementary flows/Emission to water/surface water;;;;93a60a56-a3c8-11da-a746-0800200b9a66;Mass;;kg;20aadc24-a391-41cf-b340-3e4529f44bde;kg
ee84c7bd-6727-34c9-bfdd-0018dddecc30;d3f2bf47-65db-4bc7-8334-eb5107e7585a;1;Ethene, chloro-;emissions to water/unspecified;;Vinyl chloride;Elementary flows/Emission to water/unspecified;;;;93a60a56-a3c8-11da-a746-0800200b9a66;Mass;;kg;20aadc24-a391-41cf-b340-3e4529f44bde;kg
febf0213-3e36-384b-a290-d2485d00f8f3;d2d4b344-3c58-4b0c-868a-ac0bdb2027dc;1;Ethene, tetrachloro-;emissions to air/high. pop.;;Tetrachloroethylene;Elementary flows/Emission to air/high population density;;;;93a60a56-a3c8-11da-a746-0800200b9a66;Mass;;kg;20aadc24-a391-41cf-b340-3e4529f44bde;kg
d8d97a25-ee26-33ac-84c9-36ffe8cd2f5b;754028fd-e650-4804-922e-694a764ba578;1;Ethene, tetrachloro-;emissions to air/low. pop.;;Tetrachloroethylene;Elementary flows/Emission to air/low population density;;;;93a60a56-a3c8-11da-a746-0800200b9a66;Mass;;kg;20aadc24-a391-41cf-b340-3e4529f44bde;kg
e677d6ee-9a96-369d-b406-457a2815c8f1;c206c730-0860-54af-9a6e-484c653647fd;1;Etoxazole;emissions to soil/agricultural;;Etoxazole;Elementary flows/Emission to soil/agricultural;;;;93a60a56-a3c8-11da-a746-0800200b9a66;Mass;;kg;20aadc24-a391-41cf-b340-3e4529f44bde;kg
91bdc5bb-450a-3ef7-ae24-b4d5810696c8;6592e729-c2a4-4d33-86ca-5b86cdf7cdc7;1;Ethene, tetrachloro-;emissions to water/ocean;;Tetrachloroethylene;Elementary flows/Emission to water/ocean;;;;93a60a56-a3c8-11da-a746-0800200b9a66;Mass;;kg;20aadc24-a391-41cf-b340-3e4529f44bde;kg
1d89bc9d-019f-37eb-850a-6dbdfcc0c32b;91a4d977-09e4-4994-acce-8b32ee98d565;1;Ethene, tetrachloro-;emissions to water/river;;Tetrachloroethylene;Elementary flows/Emission to water/fresh water;;;;93a60a56-a3c8-11da-a746-0800200b9a66;Mass;;kg;20aadc24-a391-41cf-b340-3e4529f44bde;kg
0af2a883-94ac-3be1-8549-7a41ec26f31c;4b0d68e7-37bc-4184-93b5-91b70c62e585;1;Ethene, tetrachloro-;emissions to water/unspecified;;Tetrachloroethylene;Elementary flows/Emission to water/unspecified;;;;93a60a56-a3c8-11da-a746-0800200b9a66;Mass;;kg;20aadc24-a391-41cf-b340-3e4529f44bde;kg
5df8ec6c-7fa9-39cd-9aed-2c43aa230fbe;3fa03c96-b976-4f0f-8089-220968515ee1;1;Ethene, trichloro-;emissions to air/unspecified;;Ethene, trichloro-;Elementary flows/Emission to air/unspecified;;;;93a60a56-a3c8-11da-a746-0800200b9a66;Mass;;kg;20aadc24-a391-41cf-b340-3e4529f44bde;kg
0f5236ad-8a11-3691-83a2-36096ebbb5d7;3801ac00-aef4-4224-8d04-9d6734794719;1;Ethene, trichloro-;emissions to water/unspecified;;Trichloroethylene;Elementary flows/Emission to water/unspecified;;;;93a60a56-a3c8-11da-a746-0800200b9a66;Mass;;kg;20aadc24-a391-41cf-b340-3e4529f44bde;kg
b3d79ded-45ee-3e9d-929b-f7f5452dc6ef;0ba582f8-3360-441a-a93c-ea15e87f7b0c;1;Ethephon;emissions to soil/agricultural;;Ethephon;Elementary flows/Emission to soil/agricultural;;;;93a60a56-a3c8-11da-a746-0800200b9a66;Mass;;kg;20aadc24-a391-41cf-b340-3e4529f44bde;kg
ccd36737-a625-3770-8866-2929fc4b00ea;a2f886e3-8db8-4bce-bedf-b2004b4cc558;1;Ethofumesate;emissions to soil/agricultural;;Ethofumesate;Elementary flows/Emission to soil/agricultural;;;;93a60a56-a3c8-11da-a746-0800200b9a66;Mass;;kg;20aadc24-a391-41cf-b340-3e4529f44bde;kg
58c8b935-bfcd-3a8f-ac52-3ca8010fbd50;21b5487b-4086-490b-9f98-1f5503feee7c;1;Ethoprop;emissions to soil/agricultural;;Ethoprop;Elementary flows/Emission to soil/agricultural;;;;93a60a56-a3c8-11da-a746-0800200b9a66;Mass;;kg;20aadc24-a391-41cf-b340-3e4529f44bde;kg
ec0a6f9b-281b-3cd0-a5cd-16f9e83a8a2b;41cce80a-82c1-4caa-b6ef-718ec4b83fd6;1;Ethyl acetate;emissions to air/high. pop.;;Ethyl acetate;Elementary flows/Emission to air/high population density;;;;93a60a56-a3c8-11da-a746-0800200b9a66;Mass;;kg;20aadc24-a391-41cf-b340-3e4529f44bde;kg
41b11912-b178-3716-bd2d-9c8b526e2054;8077467e-8d30-46cc-ab55-5759286eebd3;1;Ethyl acetate;emissions to air/unspecified;;Ethyl acetate;Elementary flows/Emission to air/unspecified;;;;93a60a56-a3c8-11da-a746-0800200b9a66;Mass;;kg;20aadc24-a391-41cf-b340-3e4529f44bde;kg
57ecdb6a-cfb5-3a01-a32c-b27a6d3f2769;56747f2f-3e6c-4a83-864c-5614a96eba6c;1;Ethyl acetate;emissions to water/river;;Ethyl acetate;Elementary flows/Emission to water/fresh water;;;;93a60a56-a3c8-11da-a746-0800200b9a66;Mass;;kg;20aadc24-a391-41cf-b340-3e4529f44bde;kg
35d57dde-4161-3dae-a2f4-e9b1075a119e;6bd1ea0d-0fbb-46cd-a6b4-e699febbf4e8;1;Ethyl cellulose;emissions to air/high. pop.;;Ethyl cellulose;Elementary flows/Emission to air/high population density;;;;93a60a56-a3c8-11da-a746-0800200b9a66;Mass;;kg;20aadc24-a391-41cf-b340-3e4529f44bde;kg
5eda0775-2f3c-36f9-9fb6-eb026c1763cd;4569028c-d2d9-4937-bd92-44a6c72e2b1b;1;Ethylamine;emissions to air/high. pop.;;Ethylamine;Elementary flows/Emission to air/high population density;;;;93a60a56-a3c8-11da-a746-0800200b9a66;Mass;;kg;20aadc24-a391-41cf-b340-3e4529f44bde;kg
a93fdaf9-f2e5-3f09-bc62-ebda87a21a7b;25cb0874-0bc6-43b8-8660-c781de9d38f5;1;Ethylamine;emissions to water/river;;Ethylamine;Elementary flows/Emission to water/fresh water;;;;93a60a56-a3c8-11da-a746-0800200b9a66;Mass;;kg;20aadc24-a391-41cf-b340-3e4529f44bde;kg
585584e0-dc64-37d0-b193-5afd9eb9cebc;c6d0e9b0-aadb-407b-9f39-8fbab93ffa55;1;Ethylene diamine;emissions to air/high. pop.;;Ethylene diamine;Elementary flows/Emission to air/high population density;;;;93a60a56-a3c8-11da-a746-0800200b9a66;Mass;;kg;20aadc24-a391-41cf-b340-3e4529f44bde;kg
e41c84de-3820-3c73-8975-699f31375c89;397c6564-d1c4-41f5-a4ff-4832874f397f;1;Ethylene diamine;emissions to air/unspecified;;Ethylene diamine;Elementary flows/Emission to air/unspecified;;;;93a60a56-a3c8-11da-a746-0800200b9a66;Mass;;kg;20aadc24-a391-41cf-b340-3e4529f44bde;kg
16deb1a5-b5e9-36c6-91f2-18935fa18e07;113d565b-aa39-4b56-9202-b8afc2e43204;1;Ethylene diamine;emissions to water/river;;Ethylene diamine;Elementary flows/Emission to water/fresh water;;;;93a60a56-a3c8-11da-a746-0800200b9a66;Mass;;kg;20aadc24-a391-41cf-b340-3e4529f44bde;kg
ed954b51-ff8c-3f9b-9ea4-a3cc76d29084;0650f48f-c6c9-44ae-ac49-c3bae05220c3;1;Ethylene diamine;emissions to water/unspecified;;Ethylene diamine;Elementary flows/Emission to water/unspecified;;;;93a60a56-a3c8-11da-a746-0800200b9a66;Mass;;kg;20aadc24-a391-41cf-b340-3e4529f44bde;kg
2e75c7cf-d270-33f9-b046-5bbbc3671e3a;7ae398b3-8532-11e0-9d78-0800200c9a66;1;Ethylene glycol;emissions to air/unspecified;;Ethylene glycol;Elementary flows/Emission to air/unspecified;;;;93a60a56-a3c8-11da-a746-0800200b9a66;Mass;;kg;20aadc24-a391-41cf-b340-3e4529f44bde;kg
905caf39-9881-31be-a3fe-24c16f42500a;4446c2d0-1bc1-422f-9b97-0867d5602dbb;1;Ethylene oxide;emissions to air/high. pop.;;Ethylene oxide;Elementary flows/Emission to air/high population density;;;;93a60a56-a3c8-11da-a746-0800200b9a66;Mass;;kg;20aadc24-a391-41cf-b340-3e4529f44bde;kg
7fe31271-0dbd-3eef-8ab1-0d71f176ef1e;43a411aa-8f29-4744-bc56-1deaa8105338;1;Ethylene oxide;emissions to air/low. pop.;;Ethylene oxide;Elementary flows/Emission to air/low population density;;;;93a60a56-a3c8-11da-a746-0800200b9a66;Mass;;kg;20aadc24-a391-41cf-b340-3e4529f44bde;kg
df1ec9a3-e22b-37bd-a92c-ad503c99b71f;0bb66845-6ccf-4648-b565-2e704989d7c0;1;Ethylene oxide;emissions to air/stratosphere + troposphere;;Ethylene oxide;Elementary flows/Emission to air/lower stratosphere + upper troposphere;;;;93a60a56-a3c8-11da-a746-0800200b9a66;Mass;;kg;20aadc24-a391-41cf-b340-3e4529f44bde;kg
bc7a1a50-645e-39ba-aeed-486f33c78f62;4407dc37-09ec-4d52-b65a-9c3f0a88306d;1;Ethylene oxide;emissions to air/unspecified;;Ethylene oxide;Elementary flows/Emission to air/unspecified;;;;93a60a56-a3c8-11da-a746-0800200b9a66;Mass;;kg;20aadc24-a391-41cf-b340-3e4529f44bde;kg
7cafee12-e924-318c-9327-40d315d41861;c14d4a87-bfe2-4451-93cc-95e1ad3456c2;1;Ethylene oxide;emissions to water/river;;Ethylene oxide;Elementary flows/Emission to water/fresh water;;;;93a60a56-a3c8-11da-a746-0800200b9a66;Mass;;kg;20aadc24-a391-41cf-b340-3e4529f44bde;kg
527ad041-f202-3667-8f19-5c4f7a20a476;8e037b16-1a38-4220-996e-9f11e89ff194;1;Ethylene oxide;emissions to water/unspecified;;Ethylene oxide;Elementary flows/Emission to water/unspecified;;;;93a60a56-a3c8-11da-a746-0800200b9a66;Mass;;kg;20aadc24-a391-41cf-b340-3e4529f44bde;kg
33172c79-6195-3be5-8bd5-a83e65816edb;1a13d6e7-45c9-427a-a3c9-38887ce7b86a;1;Ethyne;emissions to air/high. pop.;;Acetylene;Elementary flows/Emission to air/high population density;;;;93a60a56-a3c8-11da-a746-0800200b9a66;Mass;;kg;20aadc24-a391-41cf-b340-3e4529f44bde;kg
7f8d571f-7717-3cc0-9a7a-9129ae825867;e64254e3-07d3-4330-b6de-6a858f108124;1;Ethyne;emissions to air/low. pop.;;Acetylene;Elementary flows/Emission to air/low population density;;;;93a60a56-a3c8-11da-a746-0800200b9a66;Mass;;kg;20aadc24-a391-41cf-b340-3e4529f44bde;kg
c13ee0d0-ee9b-3682-be6e-d20d310e56cd;42a2f3e7-5393-4a69-9b0b-f70a9139ee24;1;Ethyne;emissions to air/unspecified;;Acetylene;Elementary flows/Emission to air/unspecified;;;;93a60a56-a3c8-11da-a746-0800200b9a66;Mass;;kg;20aadc24-a391-41cf-b340-3e4529f44bde;kg
54c814fe-2ef6-3d5d-ae91-5a310171c775;3d73ec21-de4d-5b68-b504-4ef59e15bd0e;1;Europium;resources/in ground;;Europium;Elementary flows/Resource/in ground;;;;93a60a56-a3c8-11da-a746-0800200b9a66;Mass;;kg;20aadc24-a391-41cf-b340-3e4529f44bde;kg
cfa9e995-e633-3f2b-aae4-9bd6b20be312;0d8a4e41-a58c-49f9-82dc-9d57b3d0602c;1;Etridiazole;emissions to soil/agricultural;;Etridiazole;Elementary flows/Emission to soil/agricultural;;;;93a60a56-a3c8-11da-a746-0800200b9a66;Mass;;kg;20aadc24-a391-41cf-b340-3e4529f44bde;kg
b5c80cbf-11a6-3bb4-a817-a5fcc9e67172;d57ab983-120a-448b-a681-b876e1addecf;1;Fluoranthene;emissions to air/unspecified;;Fluoranthene;Elementary flows/Emission to air/unspecified;;;;93a60a56-a3c8-11da-a746-0800200b9a66;Mass;;kg;20aadc24-a391-41cf-b340-3e4529f44bde;kg
13b00c34-7ca2-3655-b98d-ecebe0fbd139;26296ec9-ff93-41e6-bbbf-6175af04284d;1;Feldspar;resources/in ground;;Feldspar;Elementary flows/Resource/in ground;;;;93a60a56-a3c8-11da-a746-0800200b9a66;Mass;;kg;20aadc24-a391-41cf-b340-3e4529f44bde;kg
786b64de-163b-3156-9deb-4c5fd3443449;27b0b1f4-8cd4-4277-bfdd-1cab2f9c5e1c;1;Fenbuconazole;emissions to soil/agricultural;;Fenbuconazole;Elementary flows/Emission to soil/agricultural;;;;93a60a56-a3c8-11da-a746-0800200b9a66;Mass;;kg;20aadc24-a391-41cf-b340-3e4529f44bde;kg
b0ef299e-8f5e-3460-814e-dfd61c555c7d;5229d225-38a2-4ec9-a7ed-4fd906a57c76;1;Fenoxaprop;emissions to soil/agricultural;;Fenoxaprop;Elementary flows/Emission to soil/agricultural;;;;93a60a56-a3c8-11da-a746-0800200b9a66;Mass;;kg;20aadc24-a391-41cf-b340-3e4529f44bde;kg
7f8d55c7-97d0-3e75-89a4-740d3076a323;b700cb75-eeff-444c-aabc-ea4dbd7a630e;1;Fenoxaprop ethyl ester;emissions to soil/agricultural;;Fenoxaprop ethyl ester;Elementary flows/Emission to soil/agricultural;;;;93a60a56-a3c8-11da-a746-0800200b9a66;Mass;;kg;20aadc24-a391-41cf-b340-3e4529f44bde;kg
38f019ac-e2ee-34c5-89eb-fb687aff8b1a;b6e37022-cef7-4b2a-9e1e-f6ae4a0503e7;1;Fenoxaprop-P ethyl ester;emissions to soil/agricultural;;Fenoxaprop-P ethyl ester;Elementary flows/Emission to soil/agricultural;;;;93a60a56-a3c8-11da-a746-0800200b9a66;Mass;;kg;20aadc24-a391-41cf-b340-3e4529f44bde;kg
58378bdd-54ac-3432-a72f-4ce0ed3f8068;d317b7de-adc0-478c-8c7f-9d6d0f476e97;1;Fenpiclonil;emissions to soil/agricultural;;Fenpiclonil;Elementary flows/Emission to soil/agricultural;;;;93a60a56-a3c8-11da-a746-0800200b9a66;Mass;;kg;20aadc24-a391-41cf-b340-3e4529f44bde;kg
8c5cb792-21c9-3102-8ad7-e0de190fc64b;88575e69-d9c0-40be-ba7d-39073b7e621e;1;Fenpropathrin;emissions to soil/agricultural;;Fenpropathrin;Elementary flows/Emission to soil/agricultural;;;;93a60a56-a3c8-11da-a746-0800200b9a66;Mass;;kg;20aadc24-a391-41cf-b340-3e4529f44bde;kg
62b03a00-878f-3ba6-b9ec-c8fd608d21dd;823b5396-5fc6-427e-8a03-aeeff965e986;1;Fenpropidin;emissions to soil/agricultural;;Fenpropidin;Elementary flows/Emission to soil/agricultural;;;;93a60a56-a3c8-11da-a746-0800200b9a66;Mass;;kg;20aadc24-a391-41cf-b340-3e4529f44bde;kg
6b567ae1-a7da-37dd-9560-7ba641242848;c8896e68-6c78-43be-a31b-bc5d2307f40a;1;Fenpropimorph;emissions to soil/agricultural;;Fenpropimorph;Elementary flows/Emission to soil/agricultural;;;;93a60a56-a3c8-11da-a746-0800200b9a66;Mass;;kg;20aadc24-a391-41cf-b340-3e4529f44bde;kg
effb7c2f-54bb-3019-9d04-d7b49cdc1172;4dd95929-09d1-4c60-8792-4c9b6404d168;1;Fentin hydroxide;emissions to soil/agricultural;;Fentin hydroxide;Elementary flows/Emission to soil/agricultural;;;;93a60a56-a3c8-11da-a746-0800200b9a66;Mass;;kg;20aadc24-a391-41cf-b340-3e4529f44bde;kg
5b1012e3-4051-33e5-8ab9-a47043f5d051;43c4c6d3-a138-4ca5-bef9-e50fa133a333;1;Fipronil;emissions to air/unspecified;;Fipronil;Elementary flows/Emission to air/unspecified;;;;93a60a56-a3c8-11da-a746-0800200b9a66;Mass;;kg;20aadc24-a391-41cf-b340-3e4529f44bde;kg
dbdb2dfb-9eb6-35bd-8709-81b6041be52f;b7cd268b-1b52-45f1-91fe-cd51bf59d21d;1;Fipronil;emissions to soil/agricultural;;Fipronil;Elementary flows/Emission to soil/agricultural;;;;93a60a56-a3c8-11da-a746-0800200b9a66;Mass;;kg;20aadc24-a391-41cf-b340-3e4529f44bde;kg
a6d2adbb-352e-362b-9ed8-256c2a532490;a0b899a2-77b3-4a06-be76-4dabb4b9512a;1;Fipronil;emissions to water/river;;Fipronil;Elementary flows/Emission to water/fresh water;;;;93a60a56-a3c8-11da-a746-0800200b9a66;Mass;;kg;20aadc24-a391-41cf-b340-3e4529f44bde;kg
0a91c0fe-2311-39c4-b949-d250356ad654;2461bf81-504d-45c5-b627-cf3fda23f807;1;Flonicamid;emissions to soil/agricultural;;Flonicamid;Elementary flows/Emission to soil/agricultural;;;;93a60a56-a3c8-11da-a746-0800200b9a66;Mass;;kg;20aadc24-a391-41cf-b340-3e4529f44bde;kg
41aa287a-7704-3a66-b94a-f373d2e4ad51;0015ec22-72cb-4af1-8c7b-0ba0d041553c;1;Florasulam;emissions to soil/agricultural;;Florasulam;Elementary flows/Emission to soil/agricultural;;;;93a60a56-a3c8-11da-a746-0800200b9a66;Mass;;kg;20aadc24-a391-41cf-b340-3e4529f44bde;kg
6d979646-025c-3f8e-86f9-431b6e336521;82f5987e-39bf-4055-8f4e-ea3a1882306f;1;Fluazifop-P-butyl;emissions to soil/agricultural;;Fluazifop-P-butyl;Elementary flows/Emission to soil/agricultural;;;;93a60a56-a3c8-11da-a746-0800200b9a66;Mass;;kg;20aadc24-a391-41cf-b340-3e4529f44bde;kg
1e641901-a8b3-327c-9643-a1a3d638e4c9;4a786a72-4967-453c-b752-2cb1eaf73a0b;1;Flucarbazone sodium salt;emissions to soil/agricultural;;Flucarbazone sodium salt;Elementary flows/Emission to soil/agricultural;;;;93a60a56-a3c8-11da-a746-0800200b9a66;Mass;;kg;20aadc24-a391-41cf-b340-3e4529f44bde;kg
370ded8e-80af-3c6f-9b00-610a610b5a8f;9e253ace-bf5e-40f2-b9d3-104595b327e4;1;Fludioxonil;emissions to soil/agricultural;;Fludioxonil;Elementary flows/Emission to soil/agricultural;;;;93a60a56-a3c8-11da-a746-0800200b9a66;Mass;;kg;20aadc24-a391-41cf-b340-3e4529f44bde;kg
1747102c-2f57-39a4-9d4a-89829b8c7251;e9889638-ea4c-45b8-90fa-3201b43191e3;1;Flufenacet;emissions to soil/agricultural;;Flufenacet;Elementary flows/Emission to soil/agricultural;;;;93a60a56-a3c8-11da-a746-0800200b9a66;Mass;;kg;20aadc24-a391-41cf-b340-3e4529f44bde;kg
1fb34ca7-7077-3bcb-9dd6-cd8c7120ad99;e401b1cf-f424-4837-a5f0-410514498b58;1;Flumetsulam;emissions to soil/agricultural;;Flumetsulam;Elementary flows/Emission to soil/agricultural;;;;93a60a56-a3c8-11da-a746-0800200b9a66;Mass;;kg;20aadc24-a391-41cf-b340-3e4529f44bde;kg
3545cfb3-d255-363c-86c4-093bbb57faf1;a1693936-2774-4f31-8e5b-c513a5870015;1;Flumioxazin;emissions to soil/agricultural;;Flumioxazin;Elementary flows/Emission to soil/agricultural;;;;93a60a56-a3c8-11da-a746-0800200b9a66;Mass;;kg;20aadc24-a391-41cf-b340-3e4529f44bde;kg
eb06f322-d503-3a3b-b8c7-59465c7eb058;ff904733-0b42-4928-a984-b231b8ff1823;1;Fluometuron;emissions to soil/agricultural;;Fluometuron;Elementary flows/Emission to soil/agricultural;;;;93a60a56-a3c8-11da-a746-0800200b9a66;Mass;;kg;20aadc24-a391-41cf-b340-3e4529f44bde;kg
3f95b7be-c134-399a-8c20-d8aea1eb1aaf;dbe2c062-5692-4282-aa6c-e75f4d718077;1;Fluorene;emissions to air/unspecified;;Fluorene;Elementary flows/Emission to air/unspecified;;;;93a60a56-a3c8-11da-a746-0800200b9a66;Mass;;kg;20aadc24-a391-41cf-b340-3e4529f44bde;kg
867a4cb2-eaaa-3cec-8291-0d895d97d025;fe0acd60-3ddc-11dd-a5e3-0050c2490048;1;Fluoranthene;emissions to water/ocean;;Fluoranthene;Elementary flows/Emission to water/ocean;;;;93a60a56-a3c8-11da-a746-0800200b9a66;Mass;;kg;20aadc24-a391-41cf-b340-3e4529f44bde;kg
87cbe769-4afa-30df-9bc6-c8323227027b;05595ddf-01ce-49dc-8854-eeb419b7d4c3;1;Fluoranthene;emissions to water/river;;Fluoranthene;Elementary flows/Emission to water/fresh water;;;;93a60a56-a3c8-11da-a746-0800200b9a66;Mass;;kg;20aadc24-a391-41cf-b340-3e4529f44bde;kg
c171f5fe-752a-396b-ad44-22fd8c666c3b;3048af84-1d72-5e3f-a739-b2d7fa7d4773;1;Fluorine;resources/in ground;;Fluorine;Elementary flows/Resource/in ground;;;;93a60a56-a3c8-11da-a746-0800200b9a66;Mass;;kg;20aadc24-a391-41cf-b340-3e4529f44bde;kg
2b07326d-6bbb-354f-adef-1be55b30f6b1;638e1d01-db69-39c9-b486-57cfdc5b4f83;1;Fluoride;emissions to air/high. pop.;;Fluoride;Elementary flows/Emission to air/high population density;;;;93a60a56-a3c8-11da-a746-0800200b9a66;Mass;;kg;20aadc24-a391-41cf-b340-3e4529f44bde;kg
d6b0c48e-716d-3d33-959d-d1fb26bb71e2;63e7d747-8549-11e0-9d78-0800200c9a66;1;Fluoride;emissions to air/unspecified;;Fluoride;Elementary flows/Emission to air/unspecified;;;;93a60a56-a3c8-11da-a746-0800200b9a66;Mass;;kg;20aadc24-a391-41cf-b340-3e4529f44bde;kg
68949c8e-dc4c-3826-ad9b-d66301bbf604;4f9ceb8d-7b0f-482e-aeb4-59400d5fdbb8;1;Fluoride;emissions to soil/agricultural;;Fluoride;Elementary flows/Emission to soil/agricultural;;;;93a60a56-a3c8-11da-a746-0800200b9a66;Mass;;kg;20aadc24-a391-41cf-b340-3e4529f44bde;kg
bf46e792-266a-365a-b496-328f9e33411d;a768b3a4-dce7-48f2-bb44-89c8a4ba00d1;1;Fluoride;emissions to soil/industrial;;Fluoride;Elementary flows/Emission to soil/industrial;;;;93a60a56-a3c8-11da-a746-0800200b9a66;Mass;;kg;20aadc24-a391-41cf-b340-3e4529f44bde;kg
f233f05a-d5f4-392c-a07c-55c25f832be9;de875382-6ef2-454c-b828-2c3a5080d39c;1;Fluoride;emissions to soil/unspecified;;Fluoride;Elementary flows/Emission to soil/unspecified;;;;93a60a56-a3c8-11da-a746-0800200b9a66;Mass;;kg;20aadc24-a391-41cf-b340-3e4529f44bde;kg
6accf962-325a-3ea8-aa54-13b38cd80ce6;b84e31d0-cf7b-4c3f-bc8a-3cc93bdb30d9;1;Fluoride;emissions to water/groundwater;;Fluoride;Elementary flows/Emission to water/ground water;;;;93a60a56-a3c8-11da-a746-0800200b9a66;Mass;;kg;20aadc24-a391-41cf-b340-3e4529f44bde;kg
7ead18c3-fb3f-3753-89a0-e9cab848e5e3;7ae3e6e8-75e6-4566-b18f-6d848086c4e5;1;Fluoride;emissions to water/groundwater, long-term;;Fluoride;Elementary flows/Emission to water/ground water, long-term;;;;93a60a56-a3c8-11da-a746-0800200b9a66;Mass;;kg;20aadc24-a391-41cf-b340-3e4529f44bde;kg
31b2ae8c-1ba8-3240-b845-0b9c3cc58a2e;7b0b1072-209c-4d6f-ac6e-07b921be3919;1;Fluoride;emissions to water/lake;;Fluoride;Elementary flows/Emission to water/lake;;;;93a60a56-a3c8-11da-a746-0800200b9a66;Mass;;kg;20aadc24-a391-41cf-b340-3e4529f44bde;kg
7c1cc20c-a061-346b-9fcf-487755982237;c796eed5-8e5d-43bb-8dd9-feaae3e90511;1;Fluoride;emissions to water/ocean;;Fluoride;Elementary flows/Emission to water/ocean;;;;93a60a56-a3c8-11da-a746-0800200b9a66;Mass;;kg;20aadc24-a391-41cf-b340-3e4529f44bde;kg
5294ec20-b0f0-350e-aabe-5499b3045183;a1faf981-6b10-45c6-87c0-86bff464c0d6;1;Fluoride;emissions to water/river;;Fluoride;Elementary flows/Emission to water/fresh water;;;;93a60a56-a3c8-11da-a746-0800200b9a66;Mass;;kg;20aadc24-a391-41cf-b340-3e4529f44bde;kg
cc86ce0f-29a8-34d9-98ab-00f7f3ecfd31;96b0e9d0-5bfc-4113-ac30-c9b8a310b534;1;Fluoride;emissions to water/unspecified;;Fluoride;Elementary flows/Emission to water/unspecified;;;;93a60a56-a3c8-11da-a746-0800200b9a66;Mass;;kg;20aadc24-a391-41cf-b340-3e4529f44bde;kg
8bc6257c-f423-3a4c-9717-1fe793cecd27;aa567547-9821-456a-8412-e726735eeb29;1;Fluorine;emissions to air/high. pop.;;Fluorine;Elementary flows/Emission to air/high population density;;;;93a60a56-a3c8-11da-a746-0800200b9a66;Mass;;kg;20aadc24-a391-41cf-b340-3e4529f44bde;kg
87f6bef3-bac6-3432-8cba-c0e51b820bd7;b8d738ce-98cd-4487-88f9-686209bd1376;1;Fluorine;emissions to air/low. pop.;;Fluorine;Elementary flows/Emission to air/low population density;;;;93a60a56-a3c8-11da-a746-0800200b9a66;Mass;;kg;20aadc24-a391-41cf-b340-3e4529f44bde;kg
14b641f8-f2fe-3342-a7a7-69ada4452524;d976062e-565d-4d61-933e-545c9d020f0a;1;Fluorine;emissions to air/low. pop., long-term;;Fluorine;Elementary flows/Emission to air/low population density, long-term;;;;93a60a56-a3c8-11da-a746-0800200b9a66;Mass;;kg;20aadc24-a391-41cf-b340-3e4529f44bde;kg
b09beac5-2ddc-306f-b5a0-f934701173fc;1c389e81-9f9d-4e52-a6e9-11cc6b73d90d;1;Fluorine;emissions to air/unspecified;;Fluorine;Elementary flows/Emission to air/unspecified;;;;93a60a56-a3c8-11da-a746-0800200b9a66;Mass;;kg;20aadc24-a391-41cf-b340-3e4529f44bde;kg
fb3bb785-f06b-385a-8580-90fbcf673d41;dd03814e-c0f1-4953-b685-760c7e85272a;1;Fluorine;emissions to water/river;;Fluorine;Elementary flows/Emission to water/fresh water;;;;93a60a56-a3c8-11da-a746-0800200b9a66;Mass;;kg;20aadc24-a391-41cf-b340-3e4529f44bde;kg
24068dfe-750c-3808-a9ab-661de6484944;0fa4f51e-b0dc-5d11-84d3-b32f0f3c88d5;1;Fluorspar;resources/in ground;;Fluorspar;Elementary flows/Resource/in ground;;;;93a60a56-a3c8-11da-a746-0800200b9a66;Mass;;kg;20aadc24-a391-41cf-b340-3e4529f44bde;kg
105f1647-fba2-3f11-a97e-129bb1b796da;355785ee-56e0-455b-aaa6-bee43c82b49c;1;Fluorine, 4.5% in apatite, 3% in crude ore;resources/in ground;;Fluorine, 4.5% in apatite, 3% in crude ore;Elementary flows/Resource/in ground;;;;93a60a56-a3c8-11da-a746-0800200b9a66;Mass;;kg;20aadc24-a391-41cf-b340-3e4529f44bde;kg
9555cb23-8011-3971-ac24-1eb51af84d68;f55e2203-ef91-50bf-8f5a-119bb210522c;1;Gadolinium;resources/in ground;;Gadolinium;Elementary flows/Resource/in ground;;;;93a60a56-a3c8-11da-a746-0800200b9a66;Mass;;kg;20aadc24-a391-41cf-b340-3e4529f44bde;kg
77ab80b8-1ece-3aef-adc6-88b4439040a8;521f6650-daec-4724-b40b-bf7fea17ceb2;1;Fluosilicic acid;emissions to air/high. pop.;;Fluosilicic acid;Elementary flows/Emission to air/high population density;;;;93a60a56-a3c8-11da-a746-0800200b9a66;Mass;;kg;20aadc24-a391-41cf-b340-3e4529f44bde;kg
06073a15-8007-398e-a1b5-814087b4ece1;cbcf386d-63a5-4234-b77b-e2bd84403b36;1;Fluosilicic acid;emissions to water/river;;Fluosilicic acid;Elementary flows/Emission to water/fresh water;;;;93a60a56-a3c8-11da-a746-0800200b9a66;Mass;;kg;20aadc24-a391-41cf-b340-3e4529f44bde;kg
c0e217eb-2d40-33b4-9b72-c5271504d789;0c77f5af-0a0b-4205-acb6-0b031c22029f;1;Flupyrsulfuron-methyl;emissions to soil/agricultural;;Flupyrsulfuron-methyl;Elementary flows/Emission to soil/agricultural;;;;93a60a56-a3c8-11da-a746-0800200b9a66;Mass;;kg;20aadc24-a391-41cf-b340-3e4529f44bde;kg
8cc64f3b-d6fd-3168-9b26-aadf26757310;d1812c3b-7f5e-4ce3-80b2-e599642168cf;1;Fluquinconazole;emissions to soil/agricultural;;Fluquinconazole;Elementary flows/Emission to soil/agricultural;;;;93a60a56-a3c8-11da-a746-0800200b9a66;Mass;;kg;20aadc24-a391-41cf-b340-3e4529f44bde;kg
a9eb51ed-b438-388b-bec2-ed476631c69b;20834550-2d87-47d0-9d3c-fd65c108c72b;1;Fluroxypyr;emissions to soil/agricultural;;Fluroxypyr;Elementary flows/Emission to soil/agricultural;;;;93a60a56-a3c8-11da-a746-0800200b9a66;Mass;;kg;20aadc24-a391-41cf-b340-3e4529f44bde;kg
db9e9e7b-a02c-301d-9b5d-1fd7ba396961;48e16ea8-128c-4d96-a4f4-668f12249434;1;Flurtamone;emissions to soil/agricultural;;Flurtamone;Elementary flows/Emission to soil/agricultural;;;;93a60a56-a3c8-11da-a746-0800200b9a66;Mass;;kg;20aadc24-a391-41cf-b340-3e4529f44bde;kg
a6d7a3fc-5888-307d-aebb-39a12780289e;c4cb99f9-ed0e-4543-8596-da56a8de8e40;1;Flusilazole;emissions to soil/agricultural;;Flusilazole;Elementary flows/Emission to soil/agricultural;;;;93a60a56-a3c8-11da-a746-0800200b9a66;Mass;;kg;20aadc24-a391-41cf-b340-3e4529f44bde;kg
5aa31d3e-9c29-37e4-931b-1cb8f4a44133;df260d38-1369-4524-a83a-bbd8ace56681;1;Flutolanil;emissions to soil/agricultural;;Flutolanil;Elementary flows/Emission to soil/agricultural;;;;93a60a56-a3c8-11da-a746-0800200b9a66;Mass;;kg;20aadc24-a391-41cf-b340-3e4529f44bde;kg
e7464e14-e6f1-3c9e-b314-22d07eac867e;cc05b490-fe4b-47ac-893c-951b0f359285;1;Fomesafen;emissions to soil/agricultural;;Fomesafen;Elementary flows/Emission to soil/agricultural;;;;93a60a56-a3c8-11da-a746-0800200b9a66;Mass;;kg;20aadc24-a391-41cf-b340-3e4529f44bde;kg
c2fe0060-20b6-3687-976e-75af799b96b7;b11d2f9f-1fee-49ca-aef6-de238b8f98c9;1;Foramsulfuron;emissions to soil/agricultural;;Foramsulfuron;Elementary flows/Emission to soil/agricultural;;;;93a60a56-a3c8-11da-a746-0800200b9a66;Mass;;kg;20aadc24-a391-41cf-b340-3e4529f44bde;kg
8c018c38-ada2-3bb2-8308-0a78cdfc22f1;20664d0e-24e3-4daa-8c5c-2ade6e0c2723;1;Formaldehyde;emissions to air/high. pop.;;Formaldehyde;Elementary flows/Emission to air/high population density;;;;93a60a56-a3c8-11da-a746-0800200b9a66;Mass;;kg;20aadc24-a391-41cf-b340-3e4529f44bde;kg
20e37cf6-f7e7-3273-8cd7-0932aa587c3c;9167dca7-615e-435c-8ba6-dbbf50e50e34;1;Formaldehyde;emissions to air/low. pop.;;Formaldehyde;Elementary flows/Emission to air/low population density;;;;93a60a56-a3c8-11da-a746-0800200b9a66;Mass;;kg;20aadc24-a391-41cf-b340-3e4529f44bde;kg
e7acc934-f3f5-3369-9a60-588cc7976261;22b0b296-d066-4159-a44b-69fdb17dc802;1;Formaldehyde;emissions to air/stratosphere + troposphere;;Formaldehyde;Elementary flows/Emission to air/lower stratosphere + upper troposphere;;;;93a60a56-a3c8-11da-a746-0800200b9a66;Mass;;kg;20aadc24-a391-41cf-b340-3e4529f44bde;kg
a276d63e-da73-340c-9096-22ff3a08ba54;a861cfae-a310-4e9d-b9eb-5d555c9a684c;1;Formaldehyde;emissions to air/unspecified;;Formaldehyde;Elementary flows/Emission to air/unspecified;;;;93a60a56-a3c8-11da-a746-0800200b9a66;Mass;;kg;20aadc24-a391-41cf-b340-3e4529f44bde;kg
af22d24b-c2bc-3681-ad0c-b6bb1b79b207;440262bc-edd4-474d-931c-fa8712202bf2;1;Formaldehyde;emissions to water/river;;Formaldehyde;Elementary flows/Emission to water/fresh water;;;;93a60a56-a3c8-11da-a746-0800200b9a66;Mass;;kg;20aadc24-a391-41cf-b340-3e4529f44bde;kg
9720e16c-e648-3eca-8826-6fcc09b379b2;66729b69-c76f-43b2-bd9a-4a03c4983afd;1;Formaldehyde;emissions to water/unspecified;;Formaldehyde;Elementary flows/Emission to water/unspecified;;;;93a60a56-a3c8-11da-a746-0800200b9a66;Mass;;kg;20aadc24-a391-41cf-b340-3e4529f44bde;kg
15666f96-3758-3bdb-9a34-13b5ce7d33e4;2becddd1-aa5a-4c35-be0e-aefb9bd469f8;1;Formamide;emissions to air/high. pop.;;Formamide;Elementary flows/Emission to air/high population density;;;;93a60a56-a3c8-11da-a746-0800200b9a66;Mass;;kg;20aadc24-a391-41cf-b340-3e4529f44bde;kg
ab87dffa-3f27-3e7a-9236-3acf25032856;ad09c031-7fd4-4f8a-ad15-3a4727cd44c5;1;Formamide;emissions to water/river;;Formamide;Elementary flows/Emission to water/fresh water;;;;93a60a56-a3c8-11da-a746-0800200b9a66;Mass;;kg;20aadc24-a391-41cf-b340-3e4529f44bde;kg
cb33e1f3-d76c-3a67-bf5f-a14ff80575a6;e05d2993-7fa1-4108-801f-625a19d52b3c;1;Formate;emissions to water/river;;Formate;Elementary flows/Emission to water/fresh water;;;;93a60a56-a3c8-11da-a746-0800200b9a66;Mass;;kg;20aadc24-a391-41cf-b340-3e4529f44bde;kg
0802e8cb-3c52-33b6-913b-2d47b7c228e5;2cbe35d9-052c-4fe8-8eb2-08769f10b2c7;1;Formic acid;emissions to air/high. pop.;;Formic acid;Elementary flows/Emission to air/high population density;;;;93a60a56-a3c8-11da-a746-0800200b9a66;Mass;;kg;20aadc24-a391-41cf-b340-3e4529f44bde;kg
bce5e547-3eeb-3839-9930-bfc197a12229;e7f7fd97-a1c8-4be9-8a21-68ef06437d20;1;Formic acid;emissions to air/low. pop.;;Formic acid;Elementary flows/Emission to air/low population density;;;;93a60a56-a3c8-11da-a746-0800200b9a66;Mass;;kg;20aadc24-a391-41cf-b340-3e4529f44bde;kg
64910eef-f60c-389f-9579-a19e5da5774b;27804c78-5eee-47f9-9a91-1f6126ccfe45;1;Formic acid;emissions to air/unspecified;;Formic acid;Elementary flows/Emission to air/unspecified;;;;93a60a56-a3c8-11da-a746-0800200b9a66;Mass;;kg;20aadc24-a391-41cf-b340-3e4529f44bde;kg
ea031908-1241-3fec-a437-eed5c5f9d95b;4991c714-c124-4148-aebd-b32cdc2eaa18;1;Formic acid;emissions to water/river;;Formic acid;Elementary flows/Emission to water/fresh water;;;;93a60a56-a3c8-11da-a746-0800200b9a66;Mass;;kg;20aadc24-a391-41cf-b340-3e4529f44bde;kg
80e677db-79ee-3b6f-85bb-838979f37865;706d6d97-74cf-4fa6-a196-36c1bb95f4e0;1;Fosetyl-aluminium;emissions to soil/agricultural;;Fosetyl Al;Elementary flows/Emission to soil/agricultural;;;;93a60a56-a3c8-11da-a746-0800200b9a66;Mass;;kg;20aadc24-a391-41cf-b340-3e4529f44bde;kg
53485e9e-3e8d-3e67-a823-adaa3ac0870c;2b6c2cee-deb2-49f1-a552-a666a41fc14e;1;Fungicides, unspecified;emissions to soil/agricultural;;Fungicides, unspecified;Elementary flows/Emission to soil/agricultural;;;;93a60a56-a3c8-11da-a746-0800200b9a66;Mass;;kg;20aadc24-a391-41cf-b340-3e4529f44bde;kg
0251f495-9196-30d4-80fc-065cee5ecfc9;142ce3b0-4bd6-47a3-9991-7c657c947ffe;1;Furan;emissions to air/low. pop.;;Furan;Elementary flows/Emission to air/low population density;;;;93a60a56-a3c8-11da-a746-0800200b9a66;Mass;;kg;20aadc24-a391-41cf-b340-3e4529f44bde;kg
e6c479cc-1fcb-3972-8d23-4bd3556ad171;284d6491-de2c-4124-95db-7732cbb5136c;1;Furan;emissions to air/unspecified;;Furan;Elementary flows/Emission to air/unspecified;;;;93a60a56-a3c8-11da-a746-0800200b9a66;Mass;;kg;20aadc24-a391-41cf-b340-3e4529f44bde;kg
1730d06e-7075-3b44-ae29-172671887ebd;0878c1c6-4c1d-4f90-a2de-a9383855d5c6;1;Gallium;resources/in ground;;Gallium;Elementary flows/Resource/in ground;;;;93a60a56-a3c8-11da-a746-0800200b9a66;Mass;;kg;20aadc24-a391-41cf-b340-3e4529f44bde;kg
9b3b94ed-c672-38ff-8ca7-65e732e98097;d080e6a4-42c6-484e-b5d7-d74693aec7d9;1;Gold;resources/in ground;;Gold;Elementary flows/Resource/in ground;;;;93a60a56-a3c8-11da-a746-0800200b9a66;Mass;;kg;20aadc24-a391-41cf-b340-3e4529f44bde;kg
3d6d5892-c97b-380a-b418-47d4f6ef9abe;a76ab6e5-c67b-35b1-963a-5dc06af130e4;1;Gas, mine, off-gas, process, coal mining/m3;resources/in ground;;Gas, mine, off-gas, process, coal mining/m3;Elementary flows/Resource/in ground;;;;93a60a56-a3c8-22da-a746-0800200c9a66;Volume;;Nm3;1c3a9695-398d-4b1f-b07e-a8715b610f70;m3
05b4b4d0-41ba-33ed-b8c2-b94c4e0b1f64;7c337428-fb1b-45c7-bbb2-2ee4d29e17ba;1;Gas, natural/m3;resources/in ground;;Gas, natural;Elementary flows/Resource/in ground;;;;93a60a56-a3c8-22da-a746-0800200c9a66;Volume;;Nm3;1c3a9695-398d-4b1f-b07e-a8715b610f70;m3
70464f1b-f4a9-302f-9a14-74d3b606eb65;b7a0a14a-b0b2-4aeb-923f-5c2ec1251dd5;1;Glufosinate;emissions to soil/agricultural;;Glufosinate;Elementary flows/Emission to soil/agricultural;;;;93a60a56-a3c8-11da-a746-0800200b9a66;Mass;;kg;20aadc24-a391-41cf-b340-3e4529f44bde;kg
0e22b60a-44fe-3779-91ad-551cc4cd95bc;2f1d0962-be5d-4e6d-9c9b-0846722d9c65;1;Glutaraldehyde;emissions to water/ocean;;Glutaraldehyde;Elementary flows/Emission to water/ocean;;;;93a60a56-a3c8-11da-a746-0800200b9a66;Mass;;kg;20aadc24-a391-41cf-b340-3e4529f44bde;kg
c3642502-e3bb-3aed-8bf9-d0750d405117;c0246545-bda6-4d9e-ba74-307f3c1d2157;1;Glyphosate;emissions to air/unspecified;;Glyphosate;Elementary flows/Emission to air/unspecified;;;;93a60a56-a3c8-11da-a746-0800200b9a66;Mass;;kg;20aadc24-a391-41cf-b340-3e4529f44bde;kg
53ac365a-0e7f-3135-878a-18fee42d900e;3850d44e-8919-47bc-9c0a-51ccc4ec9d9f;1;Glyphosate;emissions to soil/agricultural;;Glyphosate;Elementary flows/Emission to soil/agricultural;;;;93a60a56-a3c8-11da-a746-0800200b9a66;Mass;;kg;20aadc24-a391-41cf-b340-3e4529f44bde;kg
be90c7ce-122a-39a8-967d-5a4654c426f0;b4f9a201-2a20-4f41-a572-eabc98c75e1b;1;Glyphosate;emissions to soil/industrial;;Glyphosate;Elementary flows/Emission to soil/industrial;;;;93a60a56-a3c8-11da-a746-0800200b9a66;Mass;;kg;20aadc24-a391-41cf-b340-3e4529f44bde;kg
343b97be-0a47-3ef2-81a2-460caeaf6a8d;15480380-fe67-4936-bac4-6d18f973b7e3;1;Glyphosate;emissions to water/river;;Glyphosate;Elementary flows/Emission to water/fresh water;;;;93a60a56-a3c8-11da-a746-0800200b9a66;Mass;;kg;20aadc24-a391-41cf-b340-3e4529f44bde;kg
942d7ae8-0840-36a8-ac72-dcf1bba32515;a4375a18-172c-4f82-90b7-bca972f75548;1;Granite;resources/in ground;;Granite;Elementary flows/Resource/in ground;;;;93a60a56-a3c8-11da-a746-0800200b9a66;Mass;;kg;20aadc24-a391-41cf-b340-3e4529f44bde;kg
a9a3ba55-d8a3-3492-89cf-06da2081b711;ff741136-d6ee-444a-a15b-3b308e376db8;1;Gold, Au 1.1E-4%, Ag 4.2E-3%, in ore;resources/in ground;;Gold, Au 1.1E-4%, Ag 4.2E-3%, in ore;Elementary flows/Resource/in ground;;;;93a60a56-a3c8-11da-a746-0800200b9a66;Mass;;kg;20aadc24-a391-41cf-b340-3e4529f44bde;kg
4f7c56b8-1e13-3a1e-92d1-1cf642029520;7cd1d217-70a7-4452-abc4-3b1100763d6d;1;Gold, Au 1.3E-4%, Ag 4.6E-5%, in ore;resources/in ground;;Gold, Au 1.3E-4%, Ag 4.6E-5%, in ore;Elementary flows/Resource/in ground;;;;93a60a56-a3c8-11da-a746-0800200b9a66;Mass;;kg;20aadc24-a391-41cf-b340-3e4529f44bde;kg
364bafa6-79a4-33ae-9beb-6d2d48a2badc;2d65a3f7-2a10-4a10-ac9e-a0cc7cd57979;1;Gold, Au 2.1E-4%, Ag 2.1E-4%, in ore;resources/in ground;;Gold, Au 2.1E-4%, Ag 2.1E-4%, in ore;Elementary flows/Resource/in ground;;;;93a60a56-a3c8-11da-a746-0800200b9a66;Mass;;kg;20aadc24-a391-41cf-b340-3e4529f44bde;kg
459797ee-0e2b-3b66-b8de-a5ec5829e029;95268685-7bea-4883-a412-119d7e88372c;1;Gold, Au 4.3E-4%, in ore;resources/in ground;;Gold, Au 4.3E-4%, in ore;Elementary flows/Resource/in ground;;;;93a60a56-a3c8-11da-a746-0800200b9a66;Mass;;kg;20aadc24-a391-41cf-b340-3e4529f44bde;kg
0e50688a-36ac-37f2-95b3-a1c19de2af66;8c888d2b-d608-4dac-bad5-1c2a17050838;1;Gold, Au 4.9E-5%, in ore;resources/in ground;;Gold, Au 4.9E-5%, in ore;Elementary flows/Resource/in ground;;;;93a60a56-a3c8-11da-a746-0800200b9a66;Mass;;kg;20aadc24-a391-41cf-b340-3e4529f44bde;kg
c9e92ced-ccd9-3a24-9dfc-bdc1b9ccb83e;3eece329-cf79-4167-93c2-b8d7d7eb5058;1;Gold, Au 6.7E-4%, in ore;resources/in ground;;Gold, Au 6.7E-4%, in ore;Elementary flows/Resource/in ground;;;;93a60a56-a3c8-11da-a746-0800200b9a66;Mass;;kg;20aadc24-a391-41cf-b340-3e4529f44bde;kg
8ca301ba-72ac-34ce-8cb1-6b354940fa1f;d28f9d42-5df5-41c3-be59-fdfa7ff57112;1;Gold, Au 7.1E-4%, in ore;resources/in ground;;Gold, Au 7.1E-4%, in ore;Elementary flows/Resource/in ground;;;;93a60a56-a3c8-11da-a746-0800200b9a66;Mass;;kg;20aadc24-a391-41cf-b340-3e4529f44bde;kg
bd02c122-aee9-3e4c-a17d-feacc9dc73b8;cf3d3dbc-0e4b-402d-92a1-8ea6b4869ed5;1;Gold, Au 9.7E-4%, Ag 9.7E-4%, Zn 0.63%, Cu 0.38%, Pb 0.014%, in ore;resources/in ground;;Gold, Au 9.7E-4%, Ag 9.7E-4%, Zn 0.63%, Cu 0.38%, Pb 0.014%, in ore;Elementary flows/Resource/in ground;;;;93a60a56-a3c8-11da-a746-0800200b9a66;Mass;;kg;20aadc24-a391-41cf-b340-3e4529f44bde;kg
a90c3b44-7d46-36d9-9ab7-e525acb259a0;04abe114-7939-4935-9281-49e5d89cc1bc;1;Hydrocarbons, aromatic;emissions to water/unspecified;;Hydrocarbons, aromatic;Elementary flows/Emission to water/unspecified;;;;93a60a56-a3c8-11da-a746-0800200b9a66;Mass;;kg;20aadc24-a391-41cf-b340-3e4529f44bde;kg
94ce23ab-1684-3093-a5b8-8ce23ccc6e4c;238f8ea9-98df-41dc-ab93-ea5b549a0b96;1;Gravel;resources/in ground;;Gravel;Elementary flows/Resource/in ground;;;;93a60a56-a3c8-11da-a746-0800200b9a66;Mass;;kg;20aadc24-a391-41cf-b340-3e4529f44bde;kg
c9d0a2a5-40e9-3a8d-a535-c2b677fd4485;567f77f8-2016-30ad-92dd-188c0d428f7e;1;Gravel, resource correction;resources/in ground;;Gravel, resource correction;Elementary flows/Resource/unspecified;;;;93a60a56-a3c8-11da-a746-0800200b9a66;Mass;;kg;20aadc24-a391-41cf-b340-3e4529f44bde;kg
22b37bda-e297-3272-9026-3557beb4f22f;11a2a7b1-ab2f-47b8-9e29-6f33d5207fa6;1;Gypsum;resources/in ground;;Gypsum;Elementary flows/Resource/in ground;;;;93a60a56-a3c8-11da-a746-0800200b9a66;Mass;;kg;20aadc24-a391-41cf-b340-3e4529f44bde;kg
42d8ddcf-b754-3d9c-8856-7058e4f38d68;b59aad72-50dd-4938-93bd-9ed99ab720af;1;Halosulfuron-methyl;emissions to soil/agricultural;;Halosulfuron-methyl;Elementary flows/Emission to soil/agricultural;;;;93a60a56-a3c8-11da-a746-0800200b9a66;Mass;;kg;20aadc24-a391-41cf-b340-3e4529f44bde;kg
6528cc25-da76-3001-80e4-ebb849c140ea;b411ec8b-c60a-4235-a3b2-8bf8443cbc55;1;Heat, waste;emissions to air/high. pop.;;Heat, waste;Elementary flows/Emission to air/high population density;;;;f6811440-ee37-11de-8a39-0800200c9a66;Energy;;MJ;52765a6c-3896-43c2-b2f4-c679acf13efe;MJ
7226b543-49b0-3c81-8acd-62697bfc4ffe;07f704a2-2746-4364-bcfd-606cefc30715;1;Heat, waste;emissions to air/low. pop.;;Heat, waste;Elementary flows/Emission to air/low population density;;;;f6811440-ee37-11de-8a39-0800200c9a66;Energy;;MJ;52765a6c-3896-43c2-b2f4-c679acf13efe;MJ
2c5655be-c68c-33a4-899e-43649854c25a;c377b25d-c52c-4b0f-aa2a-8c51ff1dab31;1;Heat, waste;emissions to air/low. pop., long-term;;Heat, waste;Elementary flows/Emission to air/low population density, long-term;;;;f6811440-ee37-11de-8a39-0800200c9a66;Energy;;MJ;52765a6c-3896-43c2-b2f4-c679acf13efe;MJ
40d27cf1-d70b-3ddd-9a68-baf0349509b9;ef7b0b7e-16e2-4e14-af28-94d9dd3c675d;1;Heat, waste;emissions to air/stratosphere + troposphere;;Heat, waste;Elementary flows/Emission to air/lower stratosphere + upper troposphere;;;;f6811440-ee37-11de-8a39-0800200c9a66;Energy;;MJ;52765a6c-3896-43c2-b2f4-c679acf13efe;MJ
8d9466e4-7e99-308f-8ebe-a7d874a0b5c1;f2d84834-d0b3-42e5-b41a-f04cc80337a4;1;Heat, waste;emissions to air/unspecified;;Heat, waste;Elementary flows/Emission to air/unspecified;;;;f6811440-ee37-11de-8a39-0800200c9a66;Energy;;MJ;52765a6c-3896-43c2-b2f4-c679acf13efe;MJ
bf2d29ad-b749-30d5-8faa-3142f4e75da6;7966394e-6a5b-4069-97a1-1b99f8b7bcb0;1;Heat, waste;emissions to soil/agricultural;;Heat, waste;Elementary flows/Emission to soil/agricultural;;;;f6811440-ee37-11de-8a39-0800200c9a66;Energy;;MJ;52765a6c-3896-43c2-b2f4-c679acf13efe;MJ
e98e12ab-6749-30bc-a67a-3c4eefeb1333;dab33577-e9d4-4f6d-b141-a456521d4c1b;1;Heat, waste;emissions to soil/industrial;;Heat, waste;Elementary flows/Emission to soil/industrial;;;;f6811440-ee37-11de-8a39-0800200c9a66;Energy;;MJ;52765a6c-3896-43c2-b2f4-c679acf13efe;MJ
d70f5356-8512-3587-96c3-0231bf0af233;dfbe093a-f470-4ae7-a207-50444f1f23f1;1;Heat, waste;emissions to soil/unspecified;;Heat, waste;Elementary flows/Emission to soil/unspecified;;;;f6811440-ee37-11de-8a39-0800200c9a66;Energy;;MJ;52765a6c-3896-43c2-b2f4-c679acf13efe;MJ
98e41a1e-d0fb-3aa8-9f50-5a090281fcdb;dca43ede-b779-47a7-b2e7-cb4e7b12c3da;1;Heat, waste;emissions to water/groundwater, long-term;;Heat, waste;Elementary flows/Emission to water/ground water, long-term;;;;f6811440-ee37-11de-8a39-0800200c9a66;Energy;;MJ;52765a6c-3896-43c2-b2f4-c679acf13efe;MJ
015ac178-6180-3c7f-bcc4-6d83a443e5cd;6c25a476-4506-4003-8f8e-567eebfa27ae;1;Heat, waste;emissions to water/lake;;Heat, waste;Elementary flows/Emission to water/lake;;;;f6811440-ee37-11de-8a39-0800200c9a66;Energy;;MJ;52765a6c-3896-43c2-b2f4-c679acf13efe;MJ
92fca9cf-e91b-365d-b66b-010ee62468e6;a649f89b-2e2a-48e9-9677-b85b4cbcc30c;1;Heat, waste;emissions to water/ocean;;Heat, waste;Elementary flows/Emission to water/ocean;;;;f6811440-ee37-11de-8a39-0800200c9a66;Energy;;MJ;52765a6c-3896-43c2-b2f4-c679acf13efe;MJ
a6ee2ba6-446b-3230-adec-5f6405b84bac;5dc5d0e8-b46b-446f-ba69-4a7ee3d79413;1;Heat, waste;emissions to water/river;;Heat, waste;Elementary flows/Emission to water/fresh water;;;;93a60a56-a3c8-11da-a746-0800200c9a66;Net calorific value;;MJ;52765a6c-3896-43c2-b2f4-c679acf13efe;MJ
8bfd7fe1-cd88-31b4-b854-74c45c2edfe9;9b83f2bb-7d61-4e55-b37a-443f164c5f30;1;Heat, waste;emissions to water/unspecified;;Heat, waste;Elementary flows/Emission to water/unspecified;;;;f6811440-ee37-11de-8a39-0800200c9a66;Energy;;MJ;52765a6c-3896-43c2-b2f4-c679acf13efe;MJ
8a58eceb-4676-3c06-89d2-836bfd6a693c;a91c4052-de24-456d-a1d5-4e2d9db201e3;1;Helium;emissions to air/high. pop.;;Helium;Elementary flows/Emission to air/high population density;;;;93a60a56-a3c8-11da-a746-0800200b9a66;Mass;;kg;20aadc24-a391-41cf-b340-3e4529f44bde;kg
3e7793f9-774c-3b61-8b26-6c9061698581;76c79f4e-3cda-428e-b8f0-0ba8bbf272b6;1;Helium;emissions to air/low. pop.;;Helium;Elementary flows/Emission to air/low population density;;;;93a60a56-a3c8-11da-a746-0800200b9a66;Mass;;kg;20aadc24-a391-41cf-b340-3e4529f44bde;kg
bb8617b0-85f0-355a-886a-1b54f6d2cda8;f2e74872-f56d-4e49-8dfd-1428c6fbd59c;1;Helium;emissions to air/unspecified;;Helium;Elementary flows/Emission to air/unspecified;;;;93a60a56-a3c8-11da-a746-0800200b9a66;Mass;;kg;20aadc24-a391-41cf-b340-3e4529f44bde;kg
62e9ddf1-2ed6-3b62-a468-35a4c894a904;5bbb8989-54ed-45c9-ab2d-b356a9f3270c;1;Helium;resources/in ground;;Helium;Elementary flows/Resource/in ground;;;;93a60a56-a3c8-11da-a746-0800200b9a66;Mass;;kg;20aadc24-a391-41cf-b340-3e4529f44bde;kg
31bf2740-a2d0-3beb-baea-a5d31ef74b61;f4bb66f1-c78c-409f-8368-85c1205a3573;1;Heptane;emissions to air/high. pop.;;Heptane;Elementary flows/Emission to air/high population density;;;;93a60a56-a3c8-11da-a746-0800200b9a66;Mass;;kg;20aadc24-a391-41cf-b340-3e4529f44bde;kg
1dc8e918-1c2b-3fae-90a7-768e1951d8a6;025fcb20-0591-4bae-80fc-7c34e9af2e7b;1;Heptane;emissions to air/low. pop.;;Heptane;Elementary flows/Emission to air/low population density;;;;93a60a56-a3c8-11da-a746-0800200b9a66;Mass;;kg;20aadc24-a391-41cf-b340-3e4529f44bde;kg
b214e1fa-4577-305f-86ee-200cdeb4c53d;1ec6c4b4-ee5f-4788-8683-c95a84d6d63c;1;Heptane;emissions to air/unspecified;;Heptane;Elementary flows/Emission to air/unspecified;;;;93a60a56-a3c8-11da-a746-0800200b9a66;Mass;;kg;20aadc24-a391-41cf-b340-3e4529f44bde;kg
aae83e31-9d8d-328f-9a0f-fa7c96ac6479;08a91e70-3ddc-11dd-9473-0050c2490048;1;Hexamethylene diamine;emissions to air/unspecified;;Hexamethylene diamine;Elementary flows/Emission to air/unspecified;;;;93a60a56-a3c8-11da-a746-0800200b9a66;Mass;;kg;20aadc24-a391-41cf-b340-3e4529f44bde;kg
d3233942-85c7-3b4b-97a7-0639d7cbb84f;3bbc78d0-08c4-48ef-a863-704e32fddcb3;1;Hexane;emissions to air/high. pop.;;Hexane;Elementary flows/Emission to air/high population density;;;;93a60a56-a3c8-11da-a746-0800200b9a66;Mass;;kg;20aadc24-a391-41cf-b340-3e4529f44bde;kg
f2b71a73-49eb-3d44-b03b-528186621cb9;41067ac7-bf36-47ef-a19f-683d9b758a28;1;Hexane;emissions to air/low. pop.;;Hexane;Elementary flows/Emission to air/low population density;;;;93a60a56-a3c8-11da-a746-0800200b9a66;Mass;;kg;20aadc24-a391-41cf-b340-3e4529f44bde;kg
936cbeaa-adb4-39a7-ba2c-676a1dd9ca47;6b248529-b754-4be7-8b1a-91b9756fc2bc;1;Hexane;emissions to air/unspecified;;Hexane;Elementary flows/Emission to air/unspecified;;;;93a60a56-a3c8-11da-a746-0800200b9a66;Mass;;kg;20aadc24-a391-41cf-b340-3e4529f44bde;kg
674795b1-bcd0-39c9-8e50-419cf5dc4927;8f62b772-7c20-4b8f-9bf8-5c02509a45a2;1;Hexane;emissions to water/ocean;;Hexane;Elementary flows/Emission to water/ocean;;;;93a60a56-a3c8-11da-a746-0800200b9a66;Mass;;kg;20aadc24-a391-41cf-b340-3e4529f44bde;kg
85d4ac8b-29b5-358c-bc8e-084012fc640a;d02e018f-d996-4cd8-9306-ddedb781efde;1;Hexane;emissions to water/river;;Hexane;Elementary flows/Emission to water/fresh water;;;;93a60a56-a3c8-11da-a746-0800200b9a66;Mass;;kg;20aadc24-a391-41cf-b340-3e4529f44bde;kg
372a6592-8a59-3ea9-a360-6440067e165a;18282ab8-5b46-4c56-9038-588ed28a4a95;1;Hydrocarbons, aliphatic, alkanes, cyclic;emissions to air/high. pop.;;Hydrocarbons, aliphatic, alkanes, cyclic;Elementary flows/Emission to air/high population density;;;;93a60a56-a3c8-11da-a746-0800200b9a66;Mass;;kg;20aadc24-a391-41cf-b340-3e4529f44bde;kg
dba346f8-0c03-3582-8503-752429af8fa5;5f4baaf6-055e-491e-9852-258897ab5194;1;Hydrocarbons, aliphatic, alkanes, cyclic;emissions to air/low. pop.;;Hydrocarbons, aliphatic, alkanes, cyclic;Elementary flows/Emission to air/low population density;;;;93a60a56-a3c8-11da-a746-0800200b9a66;Mass;;kg;20aadc24-a391-41cf-b340-3e4529f44bde;kg
03d68347-b466-342b-9f60-1f1df0afa353;5c9ec415-12f1-4390-bcff-3ff0fcd7ba73;1;Hydrocarbons, aliphatic, alkanes, cyclic;emissions to air/unspecified;;Hydrocarbons, aliphatic, alkanes, cyclic;Elementary flows/Emission to air/unspecified;;;;93a60a56-a3c8-11da-a746-0800200b9a66;Mass;;kg;20aadc24-a391-41cf-b340-3e4529f44bde;kg
6c6381fa-86bb-34e3-96b7-b846384fc833;bfa26b15-5340-441e-acb4-0bb19a4028d3;1;Hydrocarbons, aliphatic, alkanes, unspecified;emissions to air/high. pop.;;Hydrocarbons, aliphatic, alkanes, unspecified;Elementary flows/Emission to air/high population density;;;;93a60a56-a3c8-11da-a746-0800200b9a66;Mass;;kg;20aadc24-a391-41cf-b340-3e4529f44bde;kg
6885e7be-c585-3bf8-bec2-c380963ec311;17a98e7f-a8fd-431d-9bb6-6c4bf3fc5517;1;Hydrocarbons, aliphatic, alkanes, unspecified;emissions to air/low. pop.;;Hydrocarbons, aliphatic, alkanes, unspecified;Elementary flows/Emission to air/low population density;;;;93a60a56-a3c8-11da-a746-0800200b9a66;Mass;;kg;20aadc24-a391-41cf-b340-3e4529f44bde;kg
27a2d79f-862a-34a2-acf1-b454fb6cd5b6;2451f9df-0596-49ec-8380-08e4ad75a153;1;Hydrocarbons, aliphatic, alkanes, unspecified;emissions to air/unspecified;;Hydrocarbons, aliphatic, alkanes, unspecified;Elementary flows/Emission to air/unspecified;;;;93a60a56-a3c8-11da-a746-0800200b9a66;Mass;;kg;20aadc24-a391-41cf-b340-3e4529f44bde;kg
ed68ff97-9637-3b5d-b0b2-7b622b108a54;faf05b06-da29-4af5-aa37-cfa4b802a297;1;Hydrocarbons, aliphatic, alkanes, unspecified;emissions to water/ocean;;Hydrocarbons, aliphatic, alkanes, unspecified;Elementary flows/Emission to water/ocean;;;;93a60a56-a3c8-11da-a746-0800200b9a66;Mass;;kg;20aadc24-a391-41cf-b340-3e4529f44bde;kg
b1d0ad0d-19f6-33bc-9658-b079b300eb35;c2f9d30a-618f-4d06-a77b-a5440a5d47d2;1;Hydrocarbons, aliphatic, alkanes, unspecified;emissions to water/river;;Hydrocarbons, aliphatic, alkanes, unspecified;Elementary flows/Emission to water/river;;;;93a60a56-a3c8-11da-a746-0800200b9a66;Mass;;kg;20aadc24-a391-41cf-b340-3e4529f44bde;kg
a7ff77e8-40e7-320c-9c9b-0079fcb4749d;34837fe3-4332-493c-86bb-95a207d9c234;1;Hydrocarbons, aliphatic, unsaturated;emissions to air/high. pop.;;Hydrocarbons, aliphatic, unsaturated;Elementary flows/Emission to air/high population density;;;;93a60a56-a3c8-11da-a746-0800200b9a66;Mass;;kg;20aadc24-a391-41cf-b340-3e4529f44bde;kg
9a309a2a-6600-3351-8213-caee8972741c;2d50f4c8-a917-4496-a7d9-470b080faf68;1;Hydrocarbons, aliphatic, unsaturated;emissions to air/low. pop.;;Hydrocarbons, aliphatic, unsaturated;Elementary flows/Emission to air/low population density;;;;93a60a56-a3c8-11da-a746-0800200b9a66;Mass;;kg;20aadc24-a391-41cf-b340-3e4529f44bde;kg
ee324140-b0bf-3bd4-be17-7c7d6f594e87;4cff006f-c6df-42a8-9dee-cc064f14326e;1;Hydrocarbons, aliphatic, unsaturated;emissions to air/unspecified;;Hydrocarbons, aliphatic, unsaturated;Elementary flows/Emission to air/unspecified;;;;93a60a56-a3c8-11da-a746-0800200b9a66;Mass;;kg;20aadc24-a391-41cf-b340-3e4529f44bde;kg
71c33115-005b-3049-beb4-d94d64c8215c;b066708e-5bab-45ee-9244-e1be2fa5b5f3;1;Hydrocarbons, aliphatic, unsaturated;emissions to water/ocean;;Hydrocarbons, aliphatic, unsaturated;Elementary flows/Emission to water/ocean;;;;93a60a56-a3c8-11da-a746-0800200b9a66;Mass;;kg;20aadc24-a391-41cf-b340-3e4529f44bde;kg
25e0e6eb-3c34-3e9c-b730-1bc46a6c2b04;9bbe6c91-6bdf-4e79-bc80-e01f369be4cf;1;Hydrocarbons, aliphatic, unsaturated;emissions to water/river;;Hydrocarbons, aliphatic, unsaturated;Elementary flows/Emission to water/river;;;;93a60a56-a3c8-11da-a746-0800200b9a66;Mass;;kg;20aadc24-a391-41cf-b340-3e4529f44bde;kg
789685bb-36c0-37f5-9167-22e3b9c5cabf;ef7bc7b8-f85b-4687-9cb1-eb60384650fa;1;Hydrocarbons, aliphatic, unsaturated;emissions to water/unspecified;;Hydrocarbons, aliphatic, unsaturated;Elementary flows/Emission to water/unspecified;;;;93a60a56-a3c8-11da-a746-0800200b9a66;Mass;;kg;20aadc24-a391-41cf-b340-3e4529f44bde;kg
a4eb1a1b-4d60-368d-90b3-c4b0c831905a;8b5d5c1d-c786-4367-94f0-fae42cd3ac0a;1;Hydrocarbons, aromatic;emissions to air/high. pop.;;Hydrocarbons, aromatic;Elementary flows/Emission to air/high population density;;;;93a60a56-a3c8-11da-a746-0800200b9a66;Mass;;kg;20aadc24-a391-41cf-b340-3e4529f44bde;kg
985530e3-2ec3-3092-9a7d-e9640546a68a;c67be924-e68d-4bc1-9dd9-25f33a6cad34;1;Hydrocarbons, aromatic;emissions to air/low. pop.;;Hydrocarbons, aromatic;Elementary flows/Emission to air/low population density;;;;93a60a56-a3c8-11da-a746-0800200b9a66;Mass;;kg;20aadc24-a391-41cf-b340-3e4529f44bde;kg
1c532c22-367f-36c5-b415-1e87e6a0ee95;3cca7f02-58b0-4b49-9938-e0f8bea03064;1;Hydrocarbons, aromatic;emissions to air/unspecified;;Hydrocarbons, aromatic;Elementary flows/Emission to air/unspecified;;;;93a60a56-a3c8-11da-a746-0800200b9a66;Mass;;kg;20aadc24-a391-41cf-b340-3e4529f44bde;kg
2a81d2ca-34ec-3588-a966-26c11b8c7249;67799e83-54c8-4c89-90dc-1a7fa7780d2b;1;Hydrocarbons, aromatic;emissions to water/ocean;;Hydrocarbons, aromatic;Elementary flows/Emission to water/ocean;;;;93a60a56-a3c8-11da-a746-0800200b9a66;Mass;;kg;20aadc24-a391-41cf-b340-3e4529f44bde;kg
5a3693ba-3cb9-3a6b-80f7-e9291a59f175;0330e73b-c9ba-4440-b153-284c6a9210d0;1;Hydrocarbons, aromatic;emissions to water/river;;Hydrocarbons, aromatic;Elementary flows/Emission to water/fresh water;;;;93a60a56-a3c8-11da-a746-0800200b9a66;Mass;;kg;20aadc24-a391-41cf-b340-3e4529f44bde;kg
6499d8c7-e5e1-3442-8fb0-6be2568899ca;76608f33-7127-47f2-9718-383b3efe3b43;1;Indeno(1,2,3-cd)pyrene;emissions to air/unspecified;;Indeno(1,2,3-cd)pyrene;Elementary flows/Emission to air/unspecified;;;;93a60a56-a3c8-11da-a746-0800200b9a66;Mass;;kg;20aadc24-a391-41cf-b340-3e4529f44bde;kg
bb643f76-deba-34f4-bea7-9105e20c9e52;626dd1d8-5355-40cb-8569-9c87c2c6ab18;1;Hydrocarbons, chlorinated;emissions to air/high. pop.;;Hydrocarbons, chlorinated;Elementary flows/Emission to air/high population density;;;;93a60a56-a3c8-11da-a746-0800200b9a66;Mass;;kg;20aadc24-a391-41cf-b340-3e4529f44bde;kg
a90abac8-f929-32ad-a2df-dc66c7c3b509;d6626dfb-3ac8-4169-9e75-54c41ef2a582;1;Hydrocarbons, chlorinated;emissions to air/low. pop.;;Hydrocarbons, chlorinated;Elementary flows/Emission to air/low population density;;;;93a60a56-a3c8-11da-a746-0800200b9a66;Mass;;kg;20aadc24-a391-41cf-b340-3e4529f44bde;kg
d9280e5e-1b2f-339f-a9b4-eaf1b8557330;d14eb0da-95fd-46c3-90db-55ca33d78701;1;Hydrocarbons, chlorinated;emissions to air/unspecified;;Hydrocarbons, chlorinated;Elementary flows/Emission to air/unspecified;;;;93a60a56-a3c8-11da-a746-0800200b9a66;Mass;;kg;20aadc24-a391-41cf-b340-3e4529f44bde;kg
250cf012-e78f-3248-beef-43f225c1730c;63e7d74d-8549-11e0-9d78-0800200c9a66;1;Hydrocarbons, unspecified;emissions to air/unspecified;;Hydrocarbons, unspecified;Elementary flows/Emission to air/unspecified;;;;93a60a56-a3c8-11da-a746-0800200b9a66;Mass;;kg;20aadc24-a391-41cf-b340-3e4529f44bde;kg
4800ddba-89dc-33ca-b9d1-7ef9d41c91ac;df82c564-20c9-37c7-8875-de860156439a;1;Hydrocarbons, unspecified;emissions to water/lake;;Hydrocarbons, unspecified;Elementary flows/Emission to water/lake;;;;93a60a56-a3c8-11da-a746-0800200b9a66;Mass;;kg;20aadc24-a391-41cf-b340-3e4529f44bde;kg
28335ffb-2891-3d12-9669-71b44ec3d0f4;049a1473-3a62-4121-982b-5d15d0f2c683;1;Hydrocarbons, unspecified;emissions to water/ocean;;Hydrocarbons, unspecified;Elementary flows/Emission to water/ocean;;;;93a60a56-a3c8-11da-a746-0800200b9a66;Mass;;kg;20aadc24-a391-41cf-b340-3e4529f44bde;kg
33e6b78a-c9b5-3c71-af7c-32a936b651a7;b30b71c1-459c-4f65-b0aa-7d8b391a8ed4;1;Hydrocarbons, unspecified;emissions to water/river;;Hydrocarbons, unspecified;Elementary flows/Emission to water/fresh water;;;;93a60a56-a3c8-11da-a746-0800200b9a66;Mass;;kg;20aadc24-a391-41cf-b340-3e4529f44bde;kg
a8fa6de0-f341-3a5f-87ac-8f2cfae429ef;e620a933-c348-4e7e-8893-ab0a0f681c7e;1;Hydrocarbons, unspecified;emissions to water/unspecified;;Hydrocarbons, unspecified;Elementary flows/Emission to water/unspecified;;;;93a60a56-a3c8-11da-a746-0800200b9a66;Mass;;kg;20aadc24-a391-41cf-b340-3e4529f44bde;kg
593a82b5-dbe7-3544-a52b-ba5e7d865f48;8e906def-6bd5-4248-ac2b-94e6eedde3c9;1;Hydrogen;emissions to air/high. pop.;;Hydrogen;Elementary flows/Emission to air/high population density;;;;93a60a56-a3c8-11da-a746-0800200b9a66;Mass;;kg;20aadc24-a391-41cf-b340-3e4529f44bde;kg
ddffa8d0-feaa-3c69-90ad-f28841c5fa8f;b301fa9a-ba60-4eac-8ccc-6ccbdf099b35;1;Hydrogen;emissions to air/unspecified;;Hydrogen;Elementary flows/Emission to air/unspecified;;;;93a60a56-a3c8-11da-a746-0800200b9a66;Mass;;kg;20aadc24-a391-41cf-b340-3e4529f44bde;kg
550fb6f4-4c25-36fa-b8b0-74f5eb116eaf;fe0acd60-3ddc-11dd-aaaa-0050c2490048;1;Hydrogen bromide;emissions to air/unspecified;;Hydrogen bromide;Elementary flows/Emission to air/unspecified;;;;93a60a56-a3c8-11da-a746-0800200b9a66;Mass;;kg;20aadc24-a391-41cf-b340-3e4529f44bde;kg
0d689407-22bf-3157-adee-2390e7783a64;afcbd980-14c2-4e1d-a0aa-5f6464e5c76b;1;Hydrogen chloride;emissions to air/high. pop.;;Hydrochloric acid;Elementary flows/Emission to air/high population density;;;;93a60a56-a3c8-11da-a746-0800200b9a66;Mass;;kg;20aadc24-a391-41cf-b340-3e4529f44bde;kg
2fde702e-4110-391e-848f-b312bc50baba;68e32537-beae-41c2-be72-74df4d273c11;1;Hydrogen chloride;emissions to air/low. pop.;;Hydrochloric acid;Elementary flows/Emission to air/low population density;;;;93a60a56-a3c8-11da-a746-0800200b9a66;Mass;;kg;20aadc24-a391-41cf-b340-3e4529f44bde;kg
7f80c903-d893-338b-9ff5-bf52f0423651;50f3bc1e-fafc-44a2-9800-4468d8c3b643;1;Hydrogen chloride;emissions to air/stratosphere + troposphere;;Hydrochloric acid;Elementary flows/Emission to air/lower stratosphere + upper troposphere;;;;93a60a56-a3c8-11da-a746-0800200b9a66;Mass;;kg;20aadc24-a391-41cf-b340-3e4529f44bde;kg
6571b2c9-00ea-3d55-bbf6-e8809e898252;c941d6d0-a56c-4e6c-95de-ac685635218d;1;Hydrogen chloride;emissions to air/unspecified;;Hydrogen chloride;Elementary flows/Emission to air/unspecified;;;;93a60a56-a3c8-11da-a746-0800200b9a66;Mass;;kg;20aadc24-a391-41cf-b340-3e4529f44bde;kg
e90081e4-73b0-3ad8-bcf9-cf1e6dad2960;9f2d488e-c37a-4507-86c3-0b35f628ca30;1;Hydrogen chloride;emissions to water/river;;Hydrochloric acid;Elementary flows/Emission to water/fresh water;;;;93a60a56-a3c8-11da-a746-0800200b9a66;Mass;;kg;20aadc24-a391-41cf-b340-3e4529f44bde;kg
3ca663ba-9157-3f81-a3aa-9c442f316134;0125d40c-b7e8-4f98-a5ac-09115efeb568;1;Hydrogen cyanide;emissions to air/unspecified;;Hydrocyanic acid;Elementary flows/Emission to air/unspecified;;;;93a60a56-a3c8-11da-a746-0800200b9a66;Mass;;kg;20aadc24-a391-41cf-b340-3e4529f44bde;kg
754b70ff-5f46-3acf-b8ec-ca77c13f8dca;ff9c08e1-b700-435a-85ad-895546dad2c8;1;Hydrogen cyanide;emissions to water/river;;Hydrocyanic acid;Elementary flows/Emission to water/unspecified;;;;93a60a56-a3c8-11da-a746-0800200b9a66;Mass;;kg;20aadc24-a391-41cf-b340-3e4529f44bde;kg
af908797-323a-36ca-b63b-aba1172e74b0;257eacb9-96fe-4a3d-961a-f5e6c7823ff0;1;Hydrogen fluoride;emissions to air/high. pop.;;Hydrogen fluoride;Elementary flows/Emission to air/high population density;;;;93a60a56-a3c8-11da-a746-0800200b9a66;Mass;;kg;20aadc24-a391-41cf-b340-3e4529f44bde;kg
8fa8e6f1-aa27-3548-86fe-77b6f21aad7f;8b7dc667-f04e-492c-a161-80b1482126b0;1;Hydrogen fluoride;emissions to air/low. pop.;;Hydrogen fluoride;Elementary flows/Emission to air/low population density;;;;93a60a56-a3c8-11da-a746-0800200b9a66;Mass;;kg;20aadc24-a391-41cf-b340-3e4529f44bde;kg
f0534fbe-9cc5-3f07-a583-d64a85683af9;24541c8c-9f11-49ae-9de5-456f238a3f5e;1;Hydrogen fluoride;emissions to air/unspecified;;Hydrogen fluoride;Elementary flows/Emission to air/unspecified;;;;93a60a56-a3c8-11da-a746-0800200b9a66;Mass;;kg;20aadc24-a391-41cf-b340-3e4529f44bde;kg
063ffd90-8ccb-3ae5-85a8-e290068a1454;2ae53816-d258-4a14-83a6-ca8454eb361e;1;Hydrogen fluoride;emissions to water/river;;Hydrogen fluoride;Elementary flows/Emission to water/fresh water;;;;93a60a56-a3c8-11da-a746-0800200b9a66;Mass;;kg;20aadc24-a391-41cf-b340-3e4529f44bde;kg
146b42b5-1519-3af0-9208-3268b89499d9;fe0acd60-3ddc-11dd-a95a-0050c2490048;1;Hydrogen iodide;emissions to air/unspecified;;Hydrogen iodide;Elementary flows/Emission to air/unspecified;;;;93a60a56-a3c8-11da-a746-0800200b9a66;Mass;;kg;20aadc24-a391-41cf-b340-3e4529f44bde;kg
a4cf2211-116c-341a-8efa-cdb98b82c7f3;8d179ea0-7b52-441e-954b-b5349d66340f;1;Hydrogen peroxide;emissions to air/high. pop.;;Hydrogen peroxide;Elementary flows/Emission to air/high population density;;;;93a60a56-a3c8-11da-a746-0800200b9a66;Mass;;kg;20aadc24-a391-41cf-b340-3e4529f44bde;kg
5619e714-e500-34ca-969c-635f50c4a875;fdefdf7a-897d-4213-ba2c-4e04d560fb00;1;Hydrogen peroxide;emissions to water/river;;Hydrogen peroxide;Elementary flows/Emission to water/fresh water;;;;93a60a56-a3c8-11da-a746-0800200b9a66;Mass;;kg;20aadc24-a391-41cf-b340-3e4529f44bde;kg
ffbbd0f9-cb01-3e8b-a084-49c07782077d;e3cfaa07-9b68-4461-a06f-a0e4e59d41d3;1;Hydrogen sulfide;emissions to air/high. pop.;;Hydrogen sulfide;Elementary flows/Emission to air/high population density;;;;93a60a56-a3c8-11da-a746-0800200b9a66;Mass;;kg;20aadc24-a391-41cf-b340-3e4529f44bde;kg
d7c6d2ec-e12e-331b-af75-815a471afe6e;0b0ea9d1-9c54-4e23-bcfc-1b8fc2cf0358;1;Hydrogen sulfide;emissions to air/low. pop.;;Hydrogen sulfide;Elementary flows/Emission to air/low population density;;;;93a60a56-a3c8-11da-a746-0800200b9a66;Mass;;kg;20aadc24-a391-41cf-b340-3e4529f44bde;kg
df9e65ba-eeb2-3e6b-aebe-68829a14484b;20d4d821-f4f7-4017-8810-f822fcdf619e;1;Hydrogen sulfide;emissions to air/unspecified;;Hydrogen sulfide;Elementary flows/Emission to air/unspecified;;;;93a60a56-a3c8-11da-a746-0800200b9a66;Mass;;kg;20aadc24-a391-41cf-b340-3e4529f44bde;kg
21903125-3b66-30cc-976c-84bed53b7c52;554be2fb-9bb9-46c6-a4df-46df0d53cb65;1;Hydrogen sulfide;emissions to water/groundwater, long-term;;Hydrogen sulfide;Elementary flows/Emission to water/ground water, long-term;;;;93a60a56-a3c8-11da-a746-0800200b9a66;Mass;;kg;20aadc24-a391-41cf-b340-3e4529f44bde;kg
f591420d-ce79-3c80-802e-6ba473fbf215;ed9c7879-2c8f-47ab-943d-c4363cf08b5b;1;Hydrogen sulfide;emissions to water/river;;Hydrogen sulfide;Elementary flows/Emission to water/fresh water;;;;93a60a56-a3c8-11da-a746-0800200b9a66;Mass;;kg;20aadc24-a391-41cf-b340-3e4529f44bde;kg
b93d5780-0f76-3a7a-b5e7-c17d1e3c40b8;42d33bc4-cdea-4b1d-896c-090e792183be;1;Hydrogen sulfide;emissions to water/unspecified;;Hydrogen sulfide;Elementary flows/Emission to water/unspecified;;;;93a60a56-a3c8-11da-a746-0800200b9a66;Mass;;kg;20aadc24-a391-41cf-b340-3e4529f44bde;kg
2eaa8279-0c3e-34ed-8b14-1766b3bf9190;0cdaaa7e-3c23-419d-8ad5-12dc93c2e1e3;1;Hydrogen-3, Tritium;emissions to air/low. pop.;;Tritium;Elementary flows/Emission to air/low population density;;;;93a60a56-a3c8-17da-a746-0800200c9a66;Radioactivity;;kBq;e9773595-284e-46dd-9671-5fc9ff406833;kBq
fb81518c-e212-3f46-9c8b-ae2cf7f1c186;22043b06-1981-45a5-bfbb-20ae6f253191;1;Hydrogen-3, Tritium;emissions to air/unspecified;;Tritium;Elementary flows/Emission to air/unspecified;;;;93a60a56-a3c8-17da-a746-0800200c9a66;Radioactivity;;kBq;e9773595-284e-46dd-9671-5fc9ff406833;kBq
2c1e1b29-2605-390b-bf65-b764e071fcd5;58fabee9-b4b6-48ee-857a-e16ed31bb354;1;Hydrogen-3, Tritium;emissions to water/ocean;;Tritium;Elementary flows/Emission to water/ocean;;;;93a60a56-a3c8-17da-a746-0800200c9a66;Radioactivity;;kBq;e9773595-284e-46dd-9671-5fc9ff406833;kBq
250826b2-2e8a-331c-af18-0409dbb11eb8;1d75a540-c7f2-4cae-8b02-0f0d41c0cef7;1;Hydrogen-3, Tritium;emissions to water/river;;Hydrogen-3, Tritium;Elementary flows/Emission to water/fresh water;;;;93a60a56-a3c8-17da-a746-0800200c9a66;Radioactivity;;kBq;e9773595-284e-46dd-9671-5fc9ff406833;kBq
ed4aaedb-75b2-3ba4-8f54-d825481121c1;9be02ae0-3170-4544-8665-f03a1b43f2bd;1;Hydrogen-3, Tritium;emissions to water/unspecified;;Tritium;Elementary flows/Emission to water/unspecified;;;;93a60a56-a3c8-17da-a746-0800200c9a66;Radioactivity;;kBq;e9773595-284e-46dd-9671-5fc9ff406833;kBq
c0ef6410-bdd2-383e-87af-32854fc7ed8d;550b099c-dfeb-4fe3-bcdc-f11b97ff8876;1;Hydroxide;emissions to water/river;;Hydroxide;Elementary flows/Emission to water/fresh water;;;;93a60a56-a3c8-11da-a746-0800200b9a66;Mass;;kg;20aadc24-a391-41cf-b340-3e4529f44bde;kg
b709357d-9a31-31d9-bf7e-95d853a21fe6;d4f02ee2-ecb5-4572-91c8-c20cd2abb2c3;1;Hypochlorite;emissions to water/ocean;;Hypochlorite;Elementary flows/Emission to water/ocean;;;;93a60a56-a3c8-11da-a746-0800200b9a66;Mass;;kg;20aadc24-a391-41cf-b340-3e4529f44bde;kg
df4cdd4b-cbe5-3729-b461-409fed7a8501;26966946-81f2-4023-ab6d-f072a6d0a873;1;Hypochlorite;emissions to water/river;;Hypochlorite;Elementary flows/Emission to water/fresh water;;;;93a60a56-a3c8-11da-a746-0800200b9a66;Mass;;kg;20aadc24-a391-41cf-b340-3e4529f44bde;kg
7e828419-f1be-3e9c-8f29-e4a86bd53b56;f5613910-92ec-4bf3-9585-926749432289;1;Imazamox;emissions to soil/agricultural;;Imazamox;Elementary flows/Emission to soil/agricultural;;;;93a60a56-a3c8-11da-a746-0800200b9a66;Mass;;kg;20aadc24-a391-41cf-b340-3e4529f44bde;kg
59bfc951-8f7d-3e72-a62f-7883718d7956;a72e7983-329f-4fb7-9b05-77efe97717e4;1;Imazapyr;emissions to soil/agricultural;;Imazapyr;Elementary flows/Emission to soil/agricultural;;;;93a60a56-a3c8-11da-a746-0800200b9a66;Mass;;kg;20aadc24-a391-41cf-b340-3e4529f44bde;kg
7a42cb99-529a-31cf-88bb-a6c06a678f12;3bf44c34-e91e-449a-878c-9a6e8220cb63;1;Imazethapyr;emissions to soil/agricultural;;Imazethapyr;Elementary flows/Emission to soil/agricultural;;;;93a60a56-a3c8-11da-a746-0800200b9a66;Mass;;kg;20aadc24-a391-41cf-b340-3e4529f44bde;kg
991533f4-0ee5-3e4a-abe0-5ed9551cb0b1;10507b66-45a2-4f20-ae9c-609e8b4d07c8;1;Imidacloprid;emissions to soil/agricultural;;Imidacloprid;Elementary flows/Emission to soil/agricultural;;;;93a60a56-a3c8-11da-a746-0800200b9a66;Mass;;kg;20aadc24-a391-41cf-b340-3e4529f44bde;kg
c99fd63d-3fb9-31c9-a25b-7cb0c2207944;9b6d6f07-ebc6-447d-a3c0-f2017d77d852;1;Iron;emissions to water/groundwater, long-term;;Iron ion;Elementary flows/Emission to water/ground water, long-term;;;;93a60a56-a3c8-11da-a746-0800200b9a66;Mass;;kg;20aadc24-a391-41cf-b340-3e4529f44bde;kg
27ea55e8-4203-37a4-8734-c62f2c3c256c;e5cbe371-d33e-46ef-a832-a176f5e28520;1;Indium;resources/in ground;;Indium, 0.005% in sulfide, In 0.003%, Pb, Zn, Ag, Cd;Elementary flows/Resource/in ground;;;;93a60a56-a3c8-11da-a746-0800200b9a66;Mass;;kg;20aadc24-a391-41cf-b340-3e4529f44bde;kg
5f7a1e52-f15e-3fd3-8c97-47883c6fd123;faa118a7-50b6-4ea9-94bb-40a55a0e39f2;1;Indoxacarb;emissions to soil/agricultural;;Indoxacarb;Elementary flows/Emission to soil/agricultural;;;;93a60a56-a3c8-11da-a746-0800200b9a66;Mass;;kg;20aadc24-a391-41cf-b340-3e4529f44bde;kg
7986aa8c-f167-3777-a511-4efc01d9ecab;c672fec5-5d1d-4353-9af3-2528b073a262;1;Iodide;emissions to soil/agricultural;;Iodide;Elementary flows/Emission to soil/agricultural;;;;93a60a56-a3c8-11da-a746-0800200b9a66;Mass;;kg;20aadc24-a391-41cf-b340-3e4529f44bde;kg
46c17b54-b697-36ae-ac40-652ca20121c4;2ef56ffc-fa69-4b57-a936-3d588923ea8b;1;Iodide;emissions to water/groundwater;;Iodide;Elementary flows/Emission to water/ground water;;;;93a60a56-a3c8-11da-a746-0800200b9a66;Mass;;kg;20aadc24-a391-41cf-b340-3e4529f44bde;kg
b19fd6ce-d92e-3b67-9072-9b40adc19a31;b5fae91e-cff0-4513-a997-cdb6922f1ab4;1;Iodide;emissions to water/groundwater, long-term;;Iodide;Elementary flows/Emission to water/ground water, long-term;;;;93a60a56-a3c8-11da-a746-0800200b9a66;Mass;;kg;20aadc24-a391-41cf-b340-3e4529f44bde;kg
1b2cf477-c9f4-378e-adf9-c71ca126b111;4b09c2cb-937f-43a5-a3f8-b20ff8f047d3;1;Iodide;emissions to water/ocean;;Iodide;Elementary flows/Emission to water/ocean;;;;93a60a56-a3c8-11da-a746-0800200b9a66;Mass;;kg;20aadc24-a391-41cf-b340-3e4529f44bde;kg
1dfca8d9-7057-3d60-a7ca-29b3117d830c;795b9f74-ca43-4acc-8d29-79165973500a;1;Iodide;emissions to water/river;;Iodide;Elementary flows/Emission to water/fresh water;;;;93a60a56-a3c8-11da-a746-0800200b9a66;Mass;;kg;20aadc24-a391-41cf-b340-3e4529f44bde;kg
2b7687d6-6f71-369d-b3a9-0cc286cade68;ddc51f31-6807-4e02-9fab-490f3357abbf;1;Iodide;emissions to water/unspecified;;Iodide;Elementary flows/Emission to water/unspecified;;;;93a60a56-a3c8-11da-a746-0800200b9a66;Mass;;kg;20aadc24-a391-41cf-b340-3e4529f44bde;kg
53f7481f-ed3d-3457-aec3-5dfb5e9dc3b9;f9923ae7-bdab-44d8-897c-44310aea76b7;1;Iodine;emissions to air/high. pop.;;Iodine;Elementary flows/Emission to air/high population density;;;;93a60a56-a3c8-11da-a746-0800200b9a66;Mass;;kg;20aadc24-a391-41cf-b340-3e4529f44bde;kg
0a22431f-54ba-32a1-9a8d-3430fdef63e8;1471acca-34ab-4e04-9bd6-e3825b20580f;1;Iodine;emissions to air/low. pop.;;Iodine;Elementary flows/Emission to air/low population density;;;;93a60a56-a3c8-11da-a746-0800200b9a66;Mass;;kg;20aadc24-a391-41cf-b340-3e4529f44bde;kg
121d7bfc-1c72-38b7-8e68-409a67520bba;446d8fe4-fde6-4640-bc23-f04a663bbc04;1;Iodine;emissions to air/unspecified;;Iodine;Elementary flows/Emission to air/unspecified;;;;93a60a56-a3c8-11da-a746-0800200b9a66;Mass;;kg;20aadc24-a391-41cf-b340-3e4529f44bde;kg
ae5bc3ed-6290-362c-a4b4-b9b8bbfdc02c;36a3d172-7373-507f-85bd-12b8ba31a6d4;1;Iodine;resources/in water;;Iodine;Elementary flows/Resource/in water;;;;93a60a56-a3c8-11da-a746-0800200b9a66;Mass;;kg;20aadc24-a391-41cf-b340-3e4529f44bde;kg
3894bba7-77fc-3769-a256-618dd96cc958;4649902d-edc5-4d34-ae55-59993fe732d9;1;Iodine-129;emissions to air/low. pop.;;Iodine-129;Elementary flows/Emission to air/low population density;;;;93a60a56-a3c8-17da-a746-0800200c9a66;Radioactivity;;kBq;e9773595-284e-46dd-9671-5fc9ff406833;kBq
167b7c49-a91e-3ce5-a8e0-bd084bd45aa4;106689fa-52d8-4f7d-aa5b-920122aaf1aa;1;Iodine-129;emissions to air/unspecified;;Iodine-129;Elementary flows/Emission to air/unspecified;;;;93a60a56-a3c8-17da-a746-0800200c9a66;Radioactivity;;kBq;e9773595-284e-46dd-9671-5fc9ff406833;kBq
1a44ee91-7491-3646-a676-6e110a036453;acea51a5-41e4-42ab-9912-f46287df3f50;1;Iodine-129;emissions to water/river;;Iodine-129;Elementary flows/Emission to water/fresh water;;;;93a60a56-a3c8-17da-a746-0800200c9a66;Radioactivity;;kBq;e9773595-284e-46dd-9671-5fc9ff406833;kBq
577e7f6b-f716-388c-a998-3e9e18920358;777160e1-99a9-4a03-b189-8c1af57ee560;1;Iodine-129;emissions to water/unspecified;;Iodine-129;Elementary flows/Emission to water/unspecified;;;;93a60a56-a3c8-17da-a746-0800200c9a66;Radioactivity;;kBq;e9773595-284e-46dd-9671-5fc9ff406833;kBq
f0893e04-4ae1-3ca6-b9f6-2cca420ae254;03e91172-fca0-47f3-9014-22ae3136251b;1;Iodine-131;emissions to air/low. pop.;;Iodine-131;Elementary flows/Emission to air/low population density;;;;93a60a56-a3c8-17da-a746-0800200c9a66;Radioactivity;;kBq;e9773595-284e-46dd-9671-5fc9ff406833;kBq
de15d66b-0223-3d81-8e37-e8bcc9f9d0d5;c317b216-2668-40f8-9e24-1ce183d53697;1;Iodine-131;emissions to air/unspecified;;Iodine-131;Elementary flows/Emission to air/unspecified;;;;93a60a56-a3c8-17da-a746-0800200c9a66;Radioactivity;;kBq;e9773595-284e-46dd-9671-5fc9ff406833;kBq
46fa64dc-d56d-3860-9531-1ac2f6dd03f2;897ec6a5-af78-453f-abdf-32233d0a30bf;1;Iodine-131;emissions to water/ocean;;Iodine-131;Elementary flows/Emission to water/ocean;;;;93a60a56-a3c8-17da-a746-0800200c9a66;Radioactivity;;kBq;e9773595-284e-46dd-9671-5fc9ff406833;kBq
6f8878ef-c54b-3906-986a-8c66a9ec61fe;3ac3442a-ca4d-4b4b-a486-3584bb29f9e0;1;Iodine-131;emissions to water/river;;Iodine-131;Elementary flows/Emission to water/fresh water;;;;93a60a56-a3c8-17da-a746-0800200c9a66;Radioactivity;;kBq;e9773595-284e-46dd-9671-5fc9ff406833;kBq
cf513565-3428-30c1-900b-43b53dd7eae0;618c3a74-5b36-4d8a-b94f-26b8270448f8;1;Iodine-131;emissions to water/unspecified;;Iodine-131;Elementary flows/Emission to water/unspecified;;;;93a60a56-a3c8-17da-a746-0800200c9a66;Radioactivity;;kBq;e9773595-284e-46dd-9671-5fc9ff406833;kBq
8e007c3d-37d7-317a-9377-0d2a6bb69b1e;eadea134-34d3-4581-9b0b-a59533dfd526;1;Iodine-133;emissions to air/low. pop.;;Iodine-133;Elementary flows/Emission to air/low population density;;;;93a60a56-a3c8-17da-a746-0800200c9a66;Radioactivity;;kBq;e9773595-284e-46dd-9671-5fc9ff406833;kBq
c6d1cbce-5cfe-3c19-9b30-c14fc337ab6f;dab14b58-e435-4a70-a186-55d64ed3b6b4;1;Iodine-133;emissions to water/river;;Iodine-133;Elementary flows/Emission to water/fresh water;;;;93a60a56-a3c8-17da-a746-0800200c9a66;Radioactivity;;kBq;e9773595-284e-46dd-9671-5fc9ff406833;kBq
9ae4417d-b257-3e05-8c4d-62971abf2b83;46c4bd1f-30da-448c-897e-6aca882d78a4;1;Iodine-135;emissions to air/low. pop.;;Iodine-135;Elementary flows/Emission to air/low population density;;;;93a60a56-a3c8-17da-a746-0800200c9a66;Radioactivity;;kBq;e9773595-284e-46dd-9671-5fc9ff406833;kBq
55e65e81-5cb3-3717-990b-eef4f10532f4;df1cc3ea-7a3c-40ca-8349-42b89ff59063;1;Iodosulfuron;emissions to soil/agricultural;;Iodosulfuron;Elementary flows/Emission to soil/agricultural;;;;93a60a56-a3c8-11da-a746-0800200b9a66;Mass;;kg;20aadc24-a391-41cf-b340-3e4529f44bde;kg
1f8af423-0564-3921-8eb8-b51f7b5fac9a;c4ab841c-b243-45fe-b5f9-258a00016fc9;1;Iodosulfuron-methyl-sodium;emissions to soil/agricultural;;Iodosulfuron-methyl-sodium;Elementary flows/Emission to soil/agricultural;;;;93a60a56-a3c8-11da-a746-0800200b9a66;Mass;;kg;20aadc24-a391-41cf-b340-3e4529f44bde;kg
7fe2ac4d-2efc-33b6-bb7e-0e1561afa647;6744b13d-2908-4725-88a3-1afd6696c899;1;Ioxynil;emissions to soil/agricultural;;Ioxynil;Elementary flows/Emission to soil/agricultural;;;;93a60a56-a3c8-11da-a746-0800200b9a66;Mass;;kg;20aadc24-a391-41cf-b340-3e4529f44bde;kg
07dcc60f-d3b7-3b47-897d-a9918a440d62;299f371a-61c1-4ea2-8c38-901aa74acf7d;1;Iprodione;emissions to soil/agricultural;;Iprodione;Elementary flows/Emission to soil/agricultural;;;;93a60a56-a3c8-11da-a746-0800200b9a66;Mass;;kg;20aadc24-a391-41cf-b340-3e4529f44bde;kg
d03257b5-f658-362b-8cbe-9f78b1ae2991;afb5140a-1ed1-4c08-becb-6fc27781d831;1;Iridium;resources/in ground;;Iridium;Elementary flows/Resource/in ground;;;;93a60a56-a3c8-11da-a746-0800200b9a66;Mass;;kg;20aadc24-a391-41cf-b340-3e4529f44bde;kg
f61988c0-f238-3477-9c11-29acfd82a528;60b25e78-1d4f-39f3-9894-2338422a0351;1;Iridium;resources/unspecified;;Iridium;Elementary flows/Resource/unspecified;;;;93a60a56-a3c8-11da-a746-0800200b9a66;Mass;;kg;20aadc24-a391-41cf-b340-3e4529f44bde;kg
731a3fc0-006f-3aed-be82-f0b32d0d2187;32cd0492-c0cb-4898-a2b1-675eedc5b688;1;Iron;emissions to air/high. pop.;;Iron ion;Elementary flows/Emission to air/high population density;;;;93a60a56-a3c8-11da-a746-0800200b9a66;Mass;;kg;20aadc24-a391-41cf-b340-3e4529f44bde;kg
2b2f1c06-906a-34d2-ba7f-4b1a5769e3d9;76152de4-9499-48f7-af98-a5d41842484a;1;Iron;emissions to air/low. pop.;;Iron ion;Elementary flows/Emission to air/low population density;;;;93a60a56-a3c8-11da-a746-0800200b9a66;Mass;;kg;20aadc24-a391-41cf-b340-3e4529f44bde;kg
2882ea88-ca2b-33b6-bba1-a07fde4b83d9;e8bd2edd-f937-49f6-9e8b-9f445278775e;1;Iron;emissions to air/low. pop., long-term;;Iron ion;Elementary flows/Emission to air/low population density, long-term;;;;93a60a56-a3c8-11da-a746-0800200b9a66;Mass;;kg;20aadc24-a391-41cf-b340-3e4529f44bde;kg
f84bde23-4638-3942-8d6e-2aaf0a1af680;8dba66e2-0f2e-4038-84ef-1e40b4f573a6;1;Iron;emissions to air/unspecified;;Iron ion;Elementary flows/Emission to air/unspecified;;;;93a60a56-a3c8-11da-a746-0800200b9a66;Mass;;kg;20aadc24-a391-41cf-b340-3e4529f44bde;kg
28ef59c2-7fbb-3386-935d-1bee4669705d;db364689-e1a3-4629-8835-e6c59d6daf09;1;Iron;emissions to soil/agricultural;;Iron ion;Elementary flows/Emission to soil/agricultural;;;;93a60a56-a3c8-11da-a746-0800200b9a66;Mass;;kg;20aadc24-a391-41cf-b340-3e4529f44bde;kg
33b722e1-6312-3fcf-ae1f-efe7b2d5f48b;98693cdf-d9fc-43ed-bfe6-78dfe5742d33;1;Iron;emissions to soil/industrial;;Iron ion;Elementary flows/Emission to soil/industrial;;;;93a60a56-a3c8-11da-a746-0800200b9a66;Mass;;kg;20aadc24-a391-41cf-b340-3e4529f44bde;kg
716150aa-86d6-3556-8040-68ff4ab7fefd;ce567bdc-76ec-4ca0-be79-8bb796e448b3;1;Iron;emissions to soil/unspecified;;Iron ion;Elementary flows/Emission to soil/unspecified;;;;93a60a56-a3c8-11da-a746-0800200b9a66;Mass;;kg;20aadc24-a391-41cf-b340-3e4529f44bde;kg
31257665-9810-373a-b909-2fe82e01d53d;33fd8342-58e7-45c9-ad92-0951c002c403;1;Iron;emissions to water/groundwater;;Iron ion;Elementary flows/Emission to water/ground water;;;;93a60a56-a3c8-11da-a746-0800200b9a66;Mass;;kg;20aadc24-a391-41cf-b340-3e4529f44bde;kg
9b9e1847-fc47-3ea2-b873-3172853553d1;3640ef93-b2d0-32ad-8f4a-cfc6f4ab3d84;1;Iron;emissions to water/lake;;Iron ion;Elementary flows/Emission to water/lake;;;;93a60a56-a3c8-11da-a746-0800200b9a66;Mass;;kg;20aadc24-a391-41cf-b340-3e4529f44bde;kg
6fcd0a96-37ac-311e-85f1-6e980b68d4df;08a91e70-3ddc-11dd-9599-0050c2490048;1;Iron;emissions to water/ocean;;Iron ion;Elementary flows/Emission to water/ocean;;;;93a60a56-a3c8-11da-a746-0800200b9a66;Mass;;kg;20aadc24-a391-41cf-b340-3e4529f44bde;kg
da638181-a2e8-34f5-ad3b-2197dd30fffb;63e7d74e-8549-11e0-9d78-0800200c9a66;1;Iron;emissions to water/unspecified;;Iron ion;Elementary flows/Emission to water/unspecified;;;;93a60a56-a3c8-11da-a746-0800200b9a66;Mass;;kg;20aadc24-a391-41cf-b340-3e4529f44bde;kg
03e1b7e0-d0cb-329e-9ee1-de5acf509b25;6c445f1d-db0f-431c-a2f0-d25aa28bdfd1;1;Iron;emissions to water/river;;Iron ion;Elementary flows/Emission to water/fresh water;;;;93a60a56-a3c8-11da-a746-0800200b9a66;Mass;;kg;20aadc24-a391-41cf-b340-3e4529f44bde;kg
72711896-669c-35b7-8540-c7c6511598d6;63e7d74e-8549-11e0-9d78-0800200c9a66;1;Iron, ion;emissions to water/unspecified;;Iron ion;Elementary flows/Emission to water/unspecified;;;;93a60a56-a3c8-11da-a746-0800200b9a66;Mass;;kg;20aadc24-a391-41cf-b340-3e4529f44bde;kg
a1d69cd8-9491-3d1e-8a05-97d2385fd082;8ce3ff02-7a1e-48e3-881e-3248b944f28a;1;Iron;resources/in ground;;Iron;Elementary flows/Resource/in ground;;;;93a60a56-a3c8-11da-a746-0800200b9a66;Mass;;kg;20aadc24-a391-41cf-b340-3e4529f44bde;kg
54c511c6-ea73-3cda-9c48-034099ea6860;81ff5c0b-c44f-534e-a55e-8fc017e33dd2;1;Kaolinite;resources/in ground;;Kaolinite;Elementary flows/Resource/in ground;;;;93a60a56-a3c8-11da-a746-0800200b9a66;Mass;;kg;20aadc24-a391-41cf-b340-3e4529f44bde;kg
8b8a7ff4-ceb2-3c50-a387-7fd9988c796d;62e06bac-012e-3a83-a8f1-db2141c946a6;1;Iron, resource correction;resources/in ground;;Iron, resource correction;Elementary flows/Resource/unspecified;;;;93a60a56-a3c8-11da-a746-0800200b9a66;Mass;;kg;20aadc24-a391-41cf-b340-3e4529f44bde;kg
1f6197b5-518d-367b-8fc6-7cef3894091d;62e06bac-012e-3a83-a8f1-db2141c946a6;1;Iron, resource correction;resources/unspecified;;Iron, resource correction;Elementary flows/Resource/unspecified;;;;93a60a56-a3c8-11da-a746-0800200b9a66;Mass;;kg;20aadc24-a391-41cf-b340-3e4529f44bde;kg
e90f6720-7c35-3d20-a7ad-52cbf3f321d7;b09f5508-e2a9-4cf4-8499-afffd4d1d206;1;Iron-59;emissions to water/river;;Iron-59;Elementary flows/Emission to water/fresh water;;;;93a60a56-a3c8-17da-a746-0800200c9a66;Radioactivity;;kBq;e9773595-284e-46dd-9671-5fc9ff406833;kBq
a5758bc7-b383-3eb6-9b05-87ca4cc5a144;83db4ab2-cdb5-4e0e-828b-42fe208b0f13;1;Isobutane;emissions to air/unspecified;;isobutane;Elementary flows/Emission to air/unspecified;;;;93a60a56-a3c8-11da-a746-0800200b9a66;Mass;;kg;20aadc24-a391-41cf-b340-3e4529f44bde;kg
68b50a93-9a22-3534-a04b-0f864c689994;6a8bd6ee-9a3e-447b-9ecb-26a7e606a6fa;1;Isobutene;emissions to air/unspecified;;isobutene;Elementary flows/Emission to air/unspecified;;;;93a60a56-a3c8-11da-a746-0800200b9a66;Mass;;kg;20aadc24-a391-41cf-b340-3e4529f44bde;kg
b364b524-de21-3b09-8ad1-8d19e8762de8;b465eb7f-dfe9-4057-ad17-c451d58fd753;1;Isocyanic acid;emissions to air/high. pop.;;Isocyanic acid;Elementary flows/Emission to air/high population density;;;;93a60a56-a3c8-11da-a746-0800200b9a66;Mass;;kg;20aadc24-a391-41cf-b340-3e4529f44bde;kg
16e3da2b-0a4b-3a77-9ba7-317bb4b0c712;bf633941-aa40-4c37-b361-b5cbfb1089f5;1;Isoprene;emissions to air/low. pop.;;Isoprene;Elementary flows/Emission to air/low population density;;;;93a60a56-a3c8-11da-a746-0800200b9a66;Mass;;kg;20aadc24-a391-41cf-b340-3e4529f44bde;kg
307d92a1-a2b9-36ed-8f40-c72d314da8c4;0c209634-80bb-4909-8442-3189b7cb01d7;1;Isoprene;emissions to air/unspecified;;Isoprene;Elementary flows/Emission to air/unspecified;;;;93a60a56-a3c8-11da-a746-0800200b9a66;Mass;;kg;20aadc24-a391-41cf-b340-3e4529f44bde;kg
8778ed36-ef13-36fb-bd83-bb50bc768649;f72fe27e-d3bf-45f7-8950-542c72cb4502;1;Isopropylamine;emissions to air/high. pop.;;Isopropylamine;Elementary flows/Emission to air/high population density;;;;93a60a56-a3c8-11da-a746-0800200b9a66;Mass;;kg;20aadc24-a391-41cf-b340-3e4529f44bde;kg
b5d06fa6-0b74-3946-bcc1-57d99c0ccf08;5c68cf3b-a49d-40e8-bee1-359182e054a7;1;Isopropylamine;emissions to water/river;;Isopropylamine;Elementary flows/Emission to water/fresh water;;;;93a60a56-a3c8-11da-a746-0800200b9a66;Mass;;kg;20aadc24-a391-41cf-b340-3e4529f44bde;kg
34aaf05b-961a-3cbf-a803-9d9a69809613;04f9be83-433e-4564-af72-98e463e5b616;1;Isoproturon;emissions to soil/agricultural;;Isoproturon;Elementary flows/Emission to soil/agricultural;;;;93a60a56-a3c8-11da-a746-0800200b9a66;Mass;;kg;20aadc24-a391-41cf-b340-3e4529f44bde;kg
dcc93448-1d46-3bb3-aa32-22f83bb9683e;90f7c1f9-e57e-4806-a154-5be9a6e1ac2e;1;Isoxaflutole;emissions to soil/agricultural;;Isoxaflutole;Elementary flows/Emission to soil/agricultural;;;;93a60a56-a3c8-11da-a746-0800200b9a66;Mass;;kg;20aadc24-a391-41cf-b340-3e4529f44bde;kg
c501718d-6a72-33fe-bb42-6193e0c9a0ef;f3380341-7f76-5423-9704-c25ccf777a39;1;Kieserite;resources/in ground;;Kieserite;Elementary flows/Resource/in ground;;;;93a60a56-a3c8-11da-a746-0800200b9a66;Mass;;kg;20aadc24-a391-41cf-b340-3e4529f44bde;kg
626e64c5-2561-334c-ae15-9bca8b2ad7f6;0d1997d4-1921-3db7-98c6-6395c50c87cb;1;Kerosene;emissions to air/high. pop.;;Kerosene;Elementary flows/Emission to air/high population density;;;;93a60a56-a3c8-11da-a746-0800200b9a66;Mass;;kg;20aadc24-a391-41cf-b340-3e4529f44bde;kg
fa163620-9b31-3ef4-b6a5-52f9f56960bd;176598c1-699c-5dd8-8c33-d269ff7f5edd;1;Lanthanum;resources/in ground;;Lanthanum;Elementary flows/Resource/in ground;;;;93a60a56-a3c8-11da-a746-0800200b9a66;Mass;;kg;20aadc24-a391-41cf-b340-3e4529f44bde;kg
a6e180ac-867f-31b6-8846-0a69913965e1;e7c5db65-775c-4ada-8a63-32c67792bd52;1;Kresoxim-methyl;emissions to soil/agricultural;;Kresoxim-methyl;Elementary flows/Emission to soil/agricultural;;;;93a60a56-a3c8-11da-a746-0800200b9a66;Mass;;kg;20aadc24-a391-41cf-b340-3e4529f44bde;kg
954fc351-0891-3220-a837-b95baeba713d;4602b501-1c9b-4af7-bb1c-864c70c3e855;1;Krypton;resources/in air;;Krypton;Elementary flows/Resource/in air;;;;93a60a56-a3c8-11da-a746-0800200b9a66;Mass;;kg;20aadc24-a391-41cf-b340-3e4529f44bde;kg
2a447d51-a7df-30cd-804d-c1b5d7931d9a;28be1d65-6b09-4ebd-8599-4366c3c2abab;1;Krypton-85;emissions to air/low. pop.;;Krypton-85;Elementary flows/Emission to air/low population density;;;;93a60a56-a3c8-17da-a746-0800200c9a66;Radioactivity;;kBq;e9773595-284e-46dd-9671-5fc9ff406833;kBq
e55903aa-da3c-3148-afd2-8004441be41b;8653eab9-c010-4d0b-ae9f-71694cb5291f;1;Krypton-85;emissions to air/unspecified;;Krypton-85;Elementary flows/Emission to air/unspecified;;;;93a60a56-a3c8-17da-a746-0800200c9a66;Radioactivity;;kBq;e9773595-284e-46dd-9671-5fc9ff406833;kBq
3decd1bc-98de-3ccf-b430-79308be90a80;8aa45af3-ff38-4330-9870-81fd360db53b;1;Krypton-85m;emissions to air/low. pop.;;Krypton-85m;Elementary flows/Emission to air/low population density;;;;93a60a56-a3c8-17da-a746-0800200c9a66;Radioactivity;;kBq;e9773595-284e-46dd-9671-5fc9ff406833;kBq
754f2b54-d022-358d-8434-850437fd5393;c5cd9e97-8986-4cb5-b3a5-adac2cc40d1a;1;Krypton-87;emissions to air/low. pop.;;Krypton-87;Elementary flows/Emission to air/low population density;;;;93a60a56-a3c8-17da-a746-0800200c9a66;Radioactivity;;kBq;e9773595-284e-46dd-9671-5fc9ff406833;kBq
6b28bb23-13f3-31c6-9b69-71c2bd5c73c4;56ce80e5-9a77-4a80-ad65-6208db560be5;1;Krypton-88;emissions to air/low. pop.;;Krypton-88;Elementary flows/Emission to air/low population density;;;;93a60a56-a3c8-17da-a746-0800200c9a66;Radioactivity;;kBq;e9773595-284e-46dd-9671-5fc9ff406833;kBq
78191a01-9708-38ad-b81d-1c07dab9b40f;24594cef-c50b-4e02-a5e3-c40cb06fea18;1;Krypton-89;emissions to air/low. pop.;;Krypton-89;Elementary flows/Emission to air/low population density;;;;93a60a56-a3c8-17da-a746-0800200c9a66;Radioactivity;;kBq;e9773595-284e-46dd-9671-5fc9ff406833;kBq
a0c94d43-c284-31c2-9743-7da52cc9a909;7ad7644f-8796-438e-a15b-86345622886b;1;Lactic acid;emissions to air/high. pop.;;Lactic acid;Elementary flows/Emission to air/high population density;;;;93a60a56-a3c8-11da-a746-0800200b9a66;Mass;;kg;20aadc24-a391-41cf-b340-3e4529f44bde;kg
dbba7907-12e3-32fc-98ac-4c67fda7cf94;e4343ebf-a8a4-480b-adcf-fc9cc88324a8;1;Lactic acid;emissions to water/river;;Lactic acid;Elementary flows/Emission to water/fresh water;;;;93a60a56-a3c8-11da-a746-0800200b9a66;Mass;;kg;20aadc24-a391-41cf-b340-3e4529f44bde;kg
505c123d-896d-319c-94ec-bf909e54a5a2;8c823f73-5fc6-4334-8a96-651365e7b542;1;Lactofen;emissions to soil/agricultural;;Lactofen;Elementary flows/Emission to soil/agricultural;;;;93a60a56-a3c8-11da-a746-0800200b9a66;Mass;;kg;20aadc24-a391-41cf-b340-3e4529f44bde;kg
e71601b0-73c0-31a0-bf8e-2e2cfdc18e45;f1b48f46-77aa-4dba-bd83-87e220816f42;1;Lambda-cyhalothrin;emissions to soil/agricultural;;Lambda-cyhalothrin;Elementary flows/Emission to soil/agricultural;;;;93a60a56-a3c8-11da-a746-0800200b9a66;Mass;;kg;20aadc24-a391-41cf-b340-3e4529f44bde;kg
ec7c8b05-9bee-3680-a1ea-9b327552efb0;fe4613d7-1ed8-427d-9b06-c8e8f4f5e1b1;1;Lead;emissions to air/stratosphere + troposphere;;Lead II;Elementary flows/Emission to air/lower stratosphere + upper troposphere;;;;93a60a56-a3c8-11da-a746-0800200b9a66;Mass;;kg;20aadc24-a391-41cf-b340-3e4529f44bde;kg
3443e20f-f429-377e-8fe4-c8a63f7f91c8;201afd00-a74f-4ede-bbf7-770e39ed6471;1;Lanthanum-140;emissions to air/low. pop.;;Lanthanum-140;Elementary flows/Emission to air/low population density;;;;93a60a56-a3c8-17da-a746-0800200c9a66;Radioactivity;;kBq;e9773595-284e-46dd-9671-5fc9ff406833;kBq
32d923c3-56a8-3e23-be57-2cc513250f28;3ea62da6-8b25-4c50-9d24-1d22cddc02c5;1;Lanthanum-140;emissions to water/river;;Lanthanum-140;Elementary flows/Emission to water/fresh water;;;;93a60a56-a3c8-17da-a746-0800200c9a66;Radioactivity;;kBq;e9773595-284e-46dd-9671-5fc9ff406833;kBq
51cbffb8-78fd-3218-a7ef-f2536ff11f00;6a903634-c97f-4c49-a7c0-88f0e6ac7a23;1;Lead;emissions to air/high. pop.;;Lead II;Elementary flows/Emission to air/high population density;;;;93a60a56-a3c8-11da-a746-0800200b9a66;Mass;;kg;20aadc24-a391-41cf-b340-3e4529f44bde;kg
6f10edee-aad8-3ae3-a249-376863136d87;2718482b-8399-442e-b89a-52fbcc22d2e6;1;Lead;emissions to air/low. pop.;;Lead II;Elementary flows/Emission to air/low population density;;;;93a60a56-a3c8-11da-a746-0800200b9a66;Mass;;kg;20aadc24-a391-41cf-b340-3e4529f44bde;kg
9363aa3c-a6ce-38cc-a936-0a0e9457525c;9ee7f4ab-b826-47ae-8623-e138f944b42e;1;Lead;emissions to air/low. pop., long-term;;Lead II;Elementary flows/Emission to air/low population density, long-term;;;;93a60a56-a3c8-11da-a746-0800200b9a66;Mass;;kg;20aadc24-a391-41cf-b340-3e4529f44bde;kg
46e41ebd-0d3b-30f4-87f5-793f058daefa;8e123669-94d3-41d8-9480-a79211fe7c43;1;Lead;emissions to air/unspecified;;Lead II;Elementary flows/Emission to air/unspecified;;;;93a60a56-a3c8-11da-a746-0800200b9a66;Mass;;kg;20aadc24-a391-41cf-b340-3e4529f44bde;kg
a0821394-3e04-30e1-b32f-9669701900b5;4010918f-7fd0-4925-8fbb-8fd7a44a806c;1;Lead;emissions to soil/agricultural;;Lead II;Elementary flows/Emission to soil/agricultural;;;;93a60a56-a3c8-11da-a746-0800200b9a66;Mass;;kg;20aadc24-a391-41cf-b340-3e4529f44bde;kg
43511531-749c-37c9-a35d-ea631acaa427;739234c8-5359-48b4-983f-9cb170d68c8d;1;Lead;emissions to soil/unspecified;;Lead II;Elementary flows/Emission to soil/unspecified;;;;93a60a56-a3c8-11da-a746-0800200b9a66;Mass;;kg;20aadc24-a391-41cf-b340-3e4529f44bde;kg
34fb7481-354e-3c7a-926b-93376ae668b2;67652827-017f-4856-8d0a-c97bac4c6562;1;Lead;emissions to soil/industrial;;Lead II;Elementary flows/Emission to soil/industrial;;;;93a60a56-a3c8-11da-a746-0800200b9a66;Mass;;kg;20aadc24-a391-41cf-b340-3e4529f44bde;kg
179c11f1-9a4f-3975-943c-489cf2b385fb;31c4d160-b21e-41b3-b9c1-3d7a72377653;1;Lead;emissions to water/unspecified;;Lead II;Elementary flows/Emission to water/unspecified;;;;93a60a56-a3c8-11da-a746-0800200b9a66;Mass;;kg;20aadc24-a391-41cf-b340-3e4529f44bde;kg
c17b987e-9e21-35f0-9586-3b77f4b759fd;c864aa15-0abc-41ad-9889-348106e485d8;1;Lead;emissions to water/groundwater;;Lead II;Elementary flows/Emission to water/ground water;;;;93a60a56-a3c8-11da-a746-0800200b9a66;Mass;;kg;20aadc24-a391-41cf-b340-3e4529f44bde;kg
54b1162d-5ae1-344a-bb2d-f17cae390246;0ff15165-d761-48c9-9814-2d1dcdd56857;1;Lead;emissions to water/groundwater, long-term;;Lead II;Elementary flows/Emission to water/ground water, long-term;;;;93a60a56-a3c8-11da-a746-0800200b9a66;Mass;;kg;20aadc24-a391-41cf-b340-3e4529f44bde;kg
090958a5-46a7-358c-ae4c-95fd75f8b1e2;540106ac-eb8e-446b-91f5-3fdbad5a5886;1;Lead;emissions to water/lake;;Lead II;Elementary flows/Emission to water/lake;;;;93a60a56-a3c8-11da-a746-0800200b9a66;Mass;;kg;20aadc24-a391-41cf-b340-3e4529f44bde;kg
cca6f56e-ec99-3e7b-8b8e-4f14f4bcdb80;e9e856c2-868e-435e-8425-8df1c9297cfc;1;Lead;emissions to water/ocean;;Lead II;Elementary flows/Emission to water/ocean;;;;93a60a56-a3c8-11da-a746-0800200b9a66;Mass;;kg;20aadc24-a391-41cf-b340-3e4529f44bde;kg
91f2a8c4-1d47-3b31-81e6-b63e1d8b71fa;80b3c2a1-af98-4dde-b298-abf7e78e38ee;1;Lead;emissions to water/river;;Lead II;Elementary flows/Emission to water/fresh water;;;;93a60a56-a3c8-11da-a746-0800200b9a66;Mass;;kg;20aadc24-a391-41cf-b340-3e4529f44bde;kg
f222a2a7-c5d8-30ee-b04e-f5b12a8d6273;7d2c1cdd-a64a-5936-a577-5b82db0c0d1b;1;Lithium;resources/in ground;;Lithium;Elementary flows/Resource/in ground;;;;93a60a56-a3c8-11da-a746-0800200b9a66;Mass;;kg;20aadc24-a391-41cf-b340-3e4529f44bde;kg
d3f44224-dfbf-3af9-adda-3ca0ff51a6a8;fbcb9c7a-eea7-4694-ba6c-568e01d28883;1;Lead;resources/in ground;;Lead;Elementary flows/Resource/in ground;;;;93a60a56-a3c8-11da-a746-0800200b9a66;Mass;;kg;20aadc24-a391-41cf-b340-3e4529f44bde;kg
ed6fe384-69d0-3289-ace4-ccb8d64a0b9f;fe0acd60-3ddc-11dd-9f5a-0050c2490048;1;Lead dioxide;emissions to air/unspecified;;Lead dioxide;Elementary flows/Emission to air/unspecified;;;;93a60a56-a3c8-11da-a746-0800200b9a66;Mass;;kg;20aadc24-a391-41cf-b340-3e4529f44bde;kg
c4fcc820-6e5e-3399-84a2-8718aa093a93;6a903634-c97f-4c49-a7c0-88f0e6ac7a23;1;Lead II;emissions to air/high. pop.;;Lead II;Elementary flows/Emission to air/high population density;;;;93a60a56-a3c8-11da-a746-0800200b9a66;Mass;;kg;20aadc24-a391-41cf-b340-3e4529f44bde;kg
22c0e26c-a84a-34e0-8da7-33fe6d15209f;2d9f9c6b-8dca-4641-8ff9-53cb8beabd13;1;Lead, Pb 0.014%, Au 9.7E-4%, Ag 9.7E-4%, Zn 0.63%, Cu 0.38%, in ore;resources/in ground;;Lead, Pb 0.014%, Au 9.7E-4%, Ag 9.7E-4%, Zn 0.63%, Cu 0.38%, in ore;Elementary flows/Resource/in ground;;;;93a60a56-a3c8-11da-a746-0800200b9a66;Mass;;kg;20aadc24-a391-41cf-b340-3e4529f44bde;kg
ac14b6d7-d54c-3a9d-aa52-0eaff7a8cab0;d900b8e2-8d79-3b72-9a95-3c9b0898be9f;1;Lead, resource correction;resources/in ground;;Lead, resource correction;Elementary flows/Resource/unspecified;;;;93a60a56-a3c8-11da-a746-0800200b9a66;Mass;;kg;20aadc24-a391-41cf-b340-3e4529f44bde;kg
1aada454-d424-31e8-b59e-11a58bc8fe2f;356c6086-4835-4a0d-b1f2-10f8b6656d23;1;Lead-210;emissions to air/high. pop.;;Lead-210;Elementary flows/Emission to air/high population density;;;;93a60a56-a3c8-17da-a746-0800200c9a66;Radioactivity;;kBq;e9773595-284e-46dd-9671-5fc9ff406833;kBq
a8cbeda4-2b2e-38ac-8e9e-0406099e933d;e8783a01-d3f5-4c08-b7b0-12af0f33c20d;1;Lead-210;emissions to air/low. pop.;;Lead-210;Elementary flows/Emission to air/low population density;;;;93a60a56-a3c8-17da-a746-0800200c9a66;Radioactivity;;kBq;e9773595-284e-46dd-9671-5fc9ff406833;kBq
7eaa57f5-c0e4-3b94-810a-bf480d6a8d04;00e73fdb-98df-4a03-8290-79931cddfd12;1;Lead-210;emissions to air/unspecified;;Lead-210;Elementary flows/Emission to air/unspecified;;;;93a60a56-a3c8-17da-a746-0800200c9a66;Radioactivity;;kBq;e9773595-284e-46dd-9671-5fc9ff406833;kBq
1a083dd9-67b5-3c7a-bca2-1fd90a4b480c;85365e41-8102-4f9b-afb7-d7d7e6e07249;1;Lead-210;emissions to water/groundwater;;Lead-210;Elementary flows/Emission to water/ground water;;;;93a60a56-a3c8-17da-a746-0800200c9a66;Radioactivity;;kBq;e9773595-284e-46dd-9671-5fc9ff406833;kBq
e710ed6f-8c25-3b3c-b378-38c11897ca7c;e721a68c-18a3-45a4-b41b-4c0a3b3e7dff;1;Lead-210;emissions to water/lake;;Lead-210;Elementary flows/Emission to water/lake;;;;93a60a56-a3c8-17da-a746-0800200c9a66;Radioactivity;;kBq;e9773595-284e-46dd-9671-5fc9ff406833;kBq
cdf62d7e-e759-3895-bf77-4f60deb2c8ff;8844a749-f21f-4968-bff9-c4d970efe790;1;Lead-210;emissions to water/ocean;;Lead-210;Elementary flows/Emission to water/ocean;;;;93a60a56-a3c8-17da-a746-0800200c9a66;Radioactivity;;kBq;e9773595-284e-46dd-9671-5fc9ff406833;kBq
0b454457-a98a-3b94-ac2a-3488fbdb4717;2b13a545-f6de-46ac-8172-f644e12099fc;1;Lead-210;emissions to water/river;;Lead-210;Elementary flows/Emission to water/fresh water;;;;93a60a56-a3c8-17da-a746-0800200c9a66;Radioactivity;;kBq;e9773595-284e-46dd-9671-5fc9ff406833;kBq
25f2a6c3-6cd0-36b5-aba4-ef8cfc1d2720;2cfc5ba4-3db2-4193-9e81-b61e75ba1706;1;Lead-210;emissions to water/unspecified;;Lead-210;Elementary flows/Emission to water/unspecified;;;;93a60a56-a3c8-17da-a746-0800200c9a66;Radioactivity;;kBq;e9773595-284e-46dd-9671-5fc9ff406833;kBq
3083253c-d369-34da-be99-89b75fa50298;971f25e5-1501-454a-8a5a-2723f84d7974;1;Linuron;emissions to soil/agricultural;;Linuron;Elementary flows/Emission to soil/agricultural;;;;93a60a56-a3c8-11da-a746-0800200b9a66;Mass;;kg;20aadc24-a391-41cf-b340-3e4529f44bde;kg
ae44e9ef-5544-3ad1-88c6-027a5251cc72;324c8002-da6c-4b87-a8fe-d44e2d9b30ad;1;Lithium;emissions to air/high. pop.;;lithium;Elementary flows/Emission to air/high population density;;;;93a60a56-a3c8-11da-a746-0800200b9a66;Mass;;kg;20aadc24-a391-41cf-b340-3e4529f44bde;kg
571fad78-abe0-368f-a16a-8c95309f8968;65acbe76-a761-4a8c-8d66-940a677c69b0;1;Lithium;emissions to soil/unspecified;;lithium;Elementary flows/Emission to soil/unspecified;;;;93a60a56-a3c8-11da-a746-0800200b9a66;Mass;;kg;20aadc24-a391-41cf-b340-3e4529f44bde;kg
6665ad91-438f-3be2-9f8e-9ca3d0eb5ff6;aee98c0f-45d0-4b36-b660-a27b5ce46aa2;1;Lithium;emissions to water/groundwater;;lithium;Elementary flows/Emission to water/ground water;;;;93a60a56-a3c8-11da-a746-0800200b9a66;Mass;;kg;20aadc24-a391-41cf-b340-3e4529f44bde;kg
0b59bbcd-121c-393f-9724-e34024844b20;6a0dcabc-a85c-4a90-a989-afaf85d095b9;1;Lithium;emissions to water/ocean;;lithium;Elementary flows/Emission to water/ocean;;;;93a60a56-a3c8-11da-a746-0800200b9a66;Mass;;kg;20aadc24-a391-41cf-b340-3e4529f44bde;kg
a2a48fa2-8548-3114-8f57-43ab6db7505a;e98084d6-88a2-48cf-9ad5-6462fe9cf857;1;Lithium;emissions to water/river;;Lithium I;Elementary flows/Emission to water/surface water;;;;93a60a56-a3c8-11da-a746-0800200b9a66;Mass;;kg;20aadc24-a391-41cf-b340-3e4529f44bde;kg
f624ae1a-1717-3c0f-ac74-e9b557ab4221;47bf8e85-dd0a-4b61-b933-cf1e18f34d1e;1;Lithium;emissions to water/unspecified;;lithium;Elementary flows/Emission to water/unspecified;;;;93a60a56-a3c8-11da-a746-0800200b9a66;Mass;;kg;20aadc24-a391-41cf-b340-3e4529f44bde;kg
6dad97c2-b4da-37bc-af90-ae30554e0c76;a4bab069-74a9-5b4c-8d6e-5ca984cd9ecd;1;Magnesite;resources/in ground;;Magnesite;Elementary flows/Resource/in ground;;;;93a60a56-a3c8-11da-a746-0800200b9a66;Mass;;kg;20aadc24-a391-41cf-b340-3e4529f44bde;kg
7b9d554f-4a17-3350-bf8e-5df82c9a34d8;9e5823ad-9d9b-4b98-b627-e39611b6a8bd;1;Magnesium;resources/in ground;;Magnesium;Elementary flows/Resource/in ground;;;;93a60a56-a3c8-11da-a746-0800200b9a66;Mass;;kg;20aadc24-a391-41cf-b340-3e4529f44bde;kg
1545461b-9fb0-37e8-8770-febf67115a0b;ebfe261d-ab0d-4ade-8743-183c8c6bdcc6;1;Magnesium;emissions to air/high. pop.;;Magnesium;Elementary flows/Emission to air/high population density;;;;93a60a56-a3c8-11da-a746-0800200b9a66;Mass;;kg;20aadc24-a391-41cf-b340-3e4529f44bde;kg
a8df0546-fa56-3399-941f-6156f4fa4dec;0437e787-ef47-4a50-b11f-df7c743e860c;1;Magnesium;emissions to air/low. pop.;;Magnesium;Elementary flows/Emission to air/low population density;;;;93a60a56-a3c8-11da-a746-0800200b9a66;Mass;;kg;20aadc24-a391-41cf-b340-3e4529f44bde;kg
e7c69b65-650a-3f96-a0d8-71d1b9a0f98b;59542265-cf1b-4ad9-8477-699179fe2b2b;1;Magnesium;emissions to air/low. pop., long-term;;Magnesium;Elementary flows/Emission to air/low population density, long-term;;;;93a60a56-a3c8-11da-a746-0800200b9a66;Mass;;kg;20aadc24-a391-41cf-b340-3e4529f44bde;kg
1a9f4aaf-e227-3daf-870f-47ef1748f023;aeefa758-5f4f-4bb4-a28a-4075e81f2fde;1;Magnesium;emissions to air/unspecified;;Magnesium;Elementary flows/Emission to air/unspecified;;;;93a60a56-a3c8-11da-a746-0800200b9a66;Mass;;kg;20aadc24-a391-41cf-b340-3e4529f44bde;kg
04c07dff-9e8a-3a2d-b729-dd9d6439cdac;e8475907-2081-4fd5-9526-bfcef88380db;1;Magnesium;emissions to soil/agricultural;;Magnesium;Elementary flows/Emission to soil/agricultural;;;;93a60a56-a3c8-11da-a746-0800200b9a66;Mass;;kg;20aadc24-a391-41cf-b340-3e4529f44bde;kg
2f4b0d71-bd89-3f75-a780-cefb6b20be58;581ddcdf-82b7-4f87-83ee-761a44fea7f7;1;Magnesium;emissions to soil/industrial;;Magnesium;Elementary flows/Emission to soil/industrial;;;;93a60a56-a3c8-11da-a746-0800200b9a66;Mass;;kg;20aadc24-a391-41cf-b340-3e4529f44bde;kg
93c2904a-982d-3ae9-a740-166dbbfba526;24acc516-974c-4ff3-b7e1-5950b8d37206;1;Magnesium;emissions to water/groundwater;;Magnesium;Elementary flows/Emission to water/ground water;;;;93a60a56-a3c8-11da-a746-0800200b9a66;Mass;;kg;20aadc24-a391-41cf-b340-3e4529f44bde;kg
173604af-0380-3d15-81c3-06957e2b0daa;ce9fd912-233a-4807-a33e-0323b1e4a7a2;1;Magnesium;emissions to water/groundwater, long-term;;Magnesium;Elementary flows/Emission to water/ground water, long-term;;;;93a60a56-a3c8-11da-a746-0800200b9a66;Mass;;kg;20aadc24-a391-41cf-b340-3e4529f44bde;kg
d295576c-fd9e-30af-b6e7-c9874552097e;4d14c41d-82eb-33ee-a833-5c1e38e6be6f;1;Magnesium;emissions to water/lake;;Magnesium;Elementary flows/Emission to water/lake;;;;93a60a56-a3c8-11da-a746-0800200b9a66;Mass;;kg;20aadc24-a391-41cf-b340-3e4529f44bde;kg
3675d7df-617d-3bad-acd4-aaca6dfb0e01;1a217018-e3e5-499c-9eb5-5aacb9e6ae9a;1;Magnesium;emissions to water/ocean;;Magnesium;Elementary flows/Emission to water/ocean;;;;93a60a56-a3c8-11da-a746-0800200b9a66;Mass;;kg;20aadc24-a391-41cf-b340-3e4529f44bde;kg
b362e4d4-a263-3c61-9d20-050606b31b92;f069e9b3-0fb0-4e2c-adc7-bb7df6580cc7;1;Magnesium;emissions to water/river;;Magnesium;Elementary flows/Emission to water/fresh water;;;;93a60a56-a3c8-11da-a746-0800200b9a66;Mass;;kg;20aadc24-a391-41cf-b340-3e4529f44bde;kg
b9f036fa-f6a3-3232-99b6-22c41a6b8737;9783014c-4ec6-4c9c-84d7-d34c8b390a0b;1;Magnesium;emissions to water/unspecified;;Magnesium;Elementary flows/Emission to water/unspecified;;;;93a60a56-a3c8-11da-a746-0800200b9a66;Mass;;kg;20aadc24-a391-41cf-b340-3e4529f44bde;kg
8576a33f-0c37-39b9-8dfa-3b9b9f849873;48aa661d-be05-4c24-94fe-8d6feb3dcb31;1;Mercury;emissions to air/stratosphere + troposphere;;Mercury II;Elementary flows/Emission to air/lower stratosphere + upper troposphere;;;;93a60a56-a3c8-11da-a746-0800200b9a66;Mass;;kg;20aadc24-a391-41cf-b340-3e4529f44bde;kg
0b14ff79-4d60-348b-941e-0dcd7438f700;247f3d96-7da2-5adf-a399-65745bc042fb;1;Magnesium;resources/in water;;Magnesium;Elementary flows/Resource/in water;;;;93a60a56-a3c8-11da-a746-0800200b9a66;Mass;;kg;20aadc24-a391-41cf-b340-3e4529f44bde;kg
a4eb05f6-d5e7-31a0-8867-16dc75463176;fe0acd60-3ddc-11dd-acd8-0050c2490048;1;Magnesium chloride;resources/in ground;;Magnesium chloride;Elementary flows/Resource/in ground;;;;93a60a56-a3c8-11da-a746-0800200b9a66;Mass;;kg;20aadc24-a391-41cf-b340-3e4529f44bde;kg
5591dbc3-c783-3a59-bba4-64ca78345e05;dd7748c9-be28-4c89-b8b1-ed5ac14599a2;1;Malathion;emissions to soil/agricultural;;Malathion;Elementary flows/Emission to soil/agricultural;;;;93a60a56-a3c8-11da-a746-0800200b9a66;Mass;;kg;20aadc24-a391-41cf-b340-3e4529f44bde;kg
056b42a0-f754-31bb-ab16-e3c364c9904a;863ebe6d-0f48-4c32-94df-a6369f963a2e;1;Maleic hydrazide;emissions to soil/agricultural;;Maleic hydrazide;Elementary flows/Emission to soil/agricultural;;;;93a60a56-a3c8-11da-a746-0800200b9a66;Mass;;kg;20aadc24-a391-41cf-b340-3e4529f44bde;kg
70a5a6fc-040f-343f-a778-ce9aae03e3ce;312aaf26-d20f-4cb3-a556-e1ef03b10ab5;1;Mancozeb;emissions to air/unspecified;;Mancozeb;Elementary flows/Emission to air/unspecified;;;;93a60a56-a3c8-11da-a746-0800200b9a66;Mass;;kg;20aadc24-a391-41cf-b340-3e4529f44bde;kg
4f24bec4-5c4d-3d29-91c7-f2d9c2fb7316;4f6390e3-bca5-4d3b-aead-7d63f2534440;1;Mancozeb;emissions to soil/agricultural;;Mancozeb;Elementary flows/Emission to soil/agricultural;;;;93a60a56-a3c8-11da-a746-0800200b9a66;Mass;;kg;20aadc24-a391-41cf-b340-3e4529f44bde;kg
6462cd13-2bdf-358d-9050-8e1173318c5e;a7af86a7-9b67-45b7-ad3d-dede0adb9d15;1;Mancozeb;emissions to water/river;;Mancozeb;Elementary flows/Emission to water/fresh water;;;;93a60a56-a3c8-11da-a746-0800200b9a66;Mass;;kg;20aadc24-a391-41cf-b340-3e4529f44bde;kg
cf5e52ab-1e05-335a-b51e-9c4fecaa25c7;d689f35b-5ebf-4b87-bb12-c4e316219275;1;Maneb;emissions to soil/agricultural;;Maneb;Elementary flows/Emission to soil/agricultural;;;;93a60a56-a3c8-11da-a746-0800200b9a66;Mass;;kg;20aadc24-a391-41cf-b340-3e4529f44bde;kg
76fac853-b7ff-3a78-a448-27c05d51ab36;b0546417-3064-4878-bd6f-2da75cefdf63;1;Manganese;emissions to air/high. pop.;;Manganese II;Elementary flows/Emission to air/high population density;;;;93a60a56-a3c8-11da-a746-0800200b9a66;Mass;;kg;20aadc24-a391-41cf-b340-3e4529f44bde;kg
c9cf85a5-187e-3e2b-9034-1d5599bc845c;2460f868-54a9-404c-bec8-c809a44ae72c;1;Manganese;emissions to air/low. pop.;;Manganese II;Elementary flows/Emission to air/low population density;;;;93a60a56-a3c8-11da-a746-0800200b9a66;Mass;;kg;20aadc24-a391-41cf-b340-3e4529f44bde;kg
f7c1103c-8ed9-30e0-a16a-7515e6e9d32f;0af26a55-d357-469f-abad-8ced785cb4fb;1;Manganese;emissions to air/low. pop., long-term;;Manganese II;Elementary flows/Emission to air/low population density, long-term;;;;93a60a56-a3c8-11da-a746-0800200b9a66;Mass;;kg;20aadc24-a391-41cf-b340-3e4529f44bde;kg
82cc9995-47bf-31a0-86b4-b21567d319df;295060ba-3c3d-45e4-99ca-e17b1204b553;1;Manganese;emissions to air/unspecified;;Manganese II;Elementary flows/Emission to air/unspecified;;;;93a60a56-a3c8-11da-a746-0800200b9a66;Mass;;kg;20aadc24-a391-41cf-b340-3e4529f44bde;kg
005ebb45-e7e0-3f86-a23e-0805b4e52fc0;9ba8c05d-1593-45a5-8d3b-5c4f3e9fef32;1;Manganese;emissions to soil/agricultural;;Manganese II;Elementary flows/Emission to soil/agricultural;;;;93a60a56-a3c8-11da-a746-0800200b9a66;Mass;;kg;20aadc24-a391-41cf-b340-3e4529f44bde;kg
bb216a2b-82f2-3d58-b841-f21ee62726e6;9c706cff-cb82-4207-a589-95896e04dc08;1;Manganese;emissions to soil/industrial;;Manganese II;Elementary flows/Emission to soil/industrial;;;;93a60a56-a3c8-11da-a746-0800200b9a66;Mass;;kg;20aadc24-a391-41cf-b340-3e4529f44bde;kg
36b0492a-5b0b-3185-a0f0-5eef24942492;6b7fbea6-4a86-40f9-954d-3c9b3611abfd;1;Manganese;emissions to soil/unspecified;;Manganese II;Elementary flows/Emission to soil/unspecified;;;;93a60a56-a3c8-11da-a746-0800200b9a66;Mass;;kg;20aadc24-a391-41cf-b340-3e4529f44bde;kg
aaba5c98-ae82-34dc-ad15-12e4909dfab0;44f28e11-061d-44fd-8f25-dc62a9f1fa57;1;Manganese;emissions to water/groundwater;;Manganese II;Elementary flows/Emission to water/ground water;;;;93a60a56-a3c8-11da-a746-0800200b9a66;Mass;;kg;20aadc24-a391-41cf-b340-3e4529f44bde;kg
4c51f38d-ed2e-3222-ae9a-3ae03bda8129;835d0907-a668-4d92-b6b6-7b56fa343713;1;Manganese;emissions to water/groundwater, long-term;;Manganese II;Elementary flows/Emission to water/ground water, long-term;;;;93a60a56-a3c8-11da-a746-0800200b9a66;Mass;;kg;20aadc24-a391-41cf-b340-3e4529f44bde;kg
4acbc4b4-d933-30fb-8913-4fffa9547710;e14e7084-544e-4898-b6e9-79c10ae82f7d;1;Manganese;emissions to water/lake;;Manganese II;Elementary flows/Emission to water/lake;;;;93a60a56-a3c8-11da-a746-0800200b9a66;Mass;;kg;20aadc24-a391-41cf-b340-3e4529f44bde;kg
86830a49-c015-3a44-ba24-1a5b45c9a66b;c91fd4bf-ed70-4e2f-a34f-159773f981b6;1;Manganese;emissions to water/ocean;;Manganese II;Elementary flows/Emission to water/ocean;;;;93a60a56-a3c8-11da-a746-0800200b9a66;Mass;;kg;20aadc24-a391-41cf-b340-3e4529f44bde;kg
f8a2d54f-267e-3883-9b34-6f8cc7fd73a7;d3a50c57-7caf-4400-87f5-b0c10d69e760;1;Manganese;emissions to water/river;;Manganese II;Elementary flows/Emission to water/fresh water;;;;93a60a56-a3c8-11da-a746-0800200b9a66;Mass;;kg;20aadc24-a391-41cf-b340-3e4529f44bde;kg
8ddce1f4-05ae-3eb2-86d0-48016f94dbcf;10cbd2f7-c41b-4bb4-b636-d8fc15cf0282;1;Manganese;emissions to water/unspecified;;Manganese II;Elementary flows/Emission to water/unspecified;;;;93a60a56-a3c8-11da-a746-0800200b9a66;Mass;;kg;20aadc24-a391-41cf-b340-3e4529f44bde;kg
bd704e64-370f-3ea6-a7ac-25ed3171249f;c2586875-bb56-4b1e-84c5-5ff255a1108b;1;Manganese;resources/in ground;;Manganese;Elementary flows/Resource/in ground;;;;93a60a56-a3c8-11da-a746-0800200b9a66;Mass;;kg;20aadc24-a391-41cf-b340-3e4529f44bde;kg
8f31b17d-06b5-3930-871a-89b4ee96d133;46a9723a-aca5-4b66-9367-47412ec9e3a0;1;Manganese-54;emissions to air/low. pop.;;Manganese-54;Elementary flows/Emission to air/low population density;;;;93a60a56-a3c8-17da-a746-0800200c9a66;Radioactivity;;kBq;e9773595-284e-46dd-9671-5fc9ff406833;kBq
b0809e15-5cf3-3137-a27f-35bc730dce3f;16a6b0a2-16f4-4706-a75a-20e08e41f46e;1;Manganese-54;emissions to water/river;;Manganese-54;Elementary flows/Emission to water/fresh water;;;;93a60a56-a3c8-17da-a746-0800200c9a66;Radioactivity;;kBq;e9773595-284e-46dd-9671-5fc9ff406833;kBq
0a7ba705-1249-35a4-9744-79d4673b0970;729eac4f-0339-4d0f-8956-a71ebe20a527;1;Manganese-54;emissions to water/unspecified;;Manganese-54;Elementary flows/Emission to water/unspecified;;;;93a60a56-a3c8-17da-a746-0800200c9a66;Radioactivity;;kBq;e9773595-284e-46dd-9671-5fc9ff406833;kBq
6580c1d4-7450-36a0-a9c5-bd266914100a;415f43c0-3908-418d-95cd-fca46ec371b9;1;MCPB;emissions to soil/agricultural;;MCPB;Elementary flows/Emission to soil/agricultural;;;;93a60a56-a3c8-11da-a746-0800200b9a66;Mass;;kg;20aadc24-a391-41cf-b340-3e4529f44bde;kg
4c3992e8-fa1a-3a14-98ed-9bcb2f91f4c4;580aa85d-e40c-4509-8d97-4955f0df1971;1;m-Cresol;emissions to air/unspecified;;M-CRESOL;Elementary flows/Emission to air/unspecified;;;;93a60a56-a3c8-11da-a746-0800200b9a66;Mass;;kg;20aadc24-a391-41cf-b340-3e4529f44bde;kg
3a3d3441-4cc3-3b54-860f-1553c3c1c1ef;bef7c90d-9f65-483c-b6b6-4b5d1086c878;1;Mecoprop;emissions to soil/agricultural;;Mecoprop;Elementary flows/Emission to soil/agricultural;;;;93a60a56-a3c8-11da-a746-0800200b9a66;Mass;;kg;20aadc24-a391-41cf-b340-3e4529f44bde;kg
29b45a00-13a5-3323-9e38-8d9a92e87db7;0f901f59-84bd-42a5-9a4c-04bd8cac7fb9;1;Mecoprop-P;emissions to soil/agricultural;;Mecoprop-P;Elementary flows/Emission to soil/agricultural;;;;93a60a56-a3c8-11da-a746-0800200b9a66;Mass;;kg;20aadc24-a391-41cf-b340-3e4529f44bde;kg
c24e7773-8c97-35d4-a147-163849231a8d;8ebbd256-8114-4438-98c9-bbed994c140b;1;Mefenpyr;emissions to soil/agricultural;;Mefenpyr;Elementary flows/Emission to soil/agricultural;;;;93a60a56-a3c8-11da-a746-0800200b9a66;Mass;;kg;20aadc24-a391-41cf-b340-3e4529f44bde;kg
b74ee523-94e1-3ca3-90b9-8e6c055254d7;f97ee737-45ca-4a19-bbf4-30746bfa6fb4;1;Mefenpyr-diethyl;emissions to soil/agricultural;;Mefenpyr-diethyl;Elementary flows/Emission to soil/agricultural;;;;93a60a56-a3c8-11da-a746-0800200b9a66;Mass;;kg;20aadc24-a391-41cf-b340-3e4529f44bde;kg
409d6522-35fe-37bf-a934-ba683b03db9e;6008086f-5522-493a-8bfe-60e6d0d53b34;1;Mepiquat chloride;emissions to soil/agricultural;;Mepiquat chloride;Elementary flows/Emission to soil/agricultural;;;;93a60a56-a3c8-11da-a746-0800200b9a66;Mass;;kg;20aadc24-a391-41cf-b340-3e4529f44bde;kg
07ca9a74-65df-3d76-977a-8a983c7cef8d;a850e6de-a007-432f-be7f-ce6e2cf1f2ae;1;Mercury;emissions to air/high. pop.;;Mercury II;Elementary flows/Emission to air/high population density;;;;93a60a56-a3c8-11da-a746-0800200b9a66;Mass;;kg;20aadc24-a391-41cf-b340-3e4529f44bde;kg
9a233ee6-c19b-31b1-a2f5-ad146909f99c;5ec9c16a-959d-44cd-be7d-a935727d2151;1;Mercury;emissions to air/low. pop.;;Mercury II;Elementary flows/Emission to air/low population density;;;;93a60a56-a3c8-11da-a746-0800200b9a66;Mass;;kg;20aadc24-a391-41cf-b340-3e4529f44bde;kg
14c158ca-fdb6-318e-9db5-4332aece5808;dc90db73-6f27-403d-baf1-cb7e0b6cae31;1;Mercury;emissions to air/low. pop., long-term;;Mercury II;Elementary flows/Emission to air/low population density, long-term;;;;93a60a56-a3c8-11da-a746-0800200b9a66;Mass;;kg;20aadc24-a391-41cf-b340-3e4529f44bde;kg
9d1ca694-d9bf-327a-93b3-e54883280de6;ed2d49f8-110d-4db4-9488-f61c349e6117;1;Mercury;emissions to soil/agricultural;;Mercury II;Elementary flows/Emission to soil/agricultural;;;;93a60a56-a3c8-11da-a746-0800200b9a66;Mass;;kg;20aadc24-a391-41cf-b340-3e4529f44bde;kg
886480d3-42dc-3b84-9728-4c7b3bca7cbd;71234253-b3a7-4dfe-b166-a484ad15bee7;1;Mercury;emissions to air/unspecified;;Mercury II;Elementary flows/Emission to air/unspecified;;;;93a60a56-a3c8-11da-a746-0800200b9a66;Mass;;kg;20aadc24-a391-41cf-b340-3e4529f44bde;kg
f8de1be0-a980-33b5-9b9c-b39ee7603b11;9325957a-bee5-4f2d-8bd1-458729c5e49e;1;Mercury;emissions to water/unspecified;;Mercury II;Elementary flows/Emission to water/unspecified;;;;93a60a56-a3c8-11da-a746-0800200b9a66;Mass;;kg;20aadc24-a391-41cf-b340-3e4529f44bde;kg
f6556d3c-de56-30a3-8edf-b36e13c5d038;e2128dc4-e065-4030-81b3-c978d7bc48ec;1;Mercury;emissions to soil/industrial;;Mercury II;Elementary flows/Emission to soil/industrial;;;;93a60a56-a3c8-11da-a746-0800200b9a66;Mass;;kg;20aadc24-a391-41cf-b340-3e4529f44bde;kg
7e0286ff-4925-3e81-b5f1-5d1e9d7479a0;f7eca11f-546f-4712-ad80-724254685596;1;Mercury;emissions to soil/unspecified;;Mercury II;Elementary flows/Emission to soil/unspecified;;;;93a60a56-a3c8-11da-a746-0800200b9a66;Mass;;kg;20aadc24-a391-41cf-b340-3e4529f44bde;kg
a93cbb8c-0c6d-3955-b687-771aacce7be9;e1aa92d7-9297-452e-ade0-e5e2acc52ad7;1;Mercury;emissions to water/groundwater;;Mercury II;Elementary flows/Emission to water/ground water;;;;93a60a56-a3c8-11da-a746-0800200b9a66;Mass;;kg;20aadc24-a391-41cf-b340-3e4529f44bde;kg
ae9fd852-12a9-385d-b899-560c11bb8366;40f89b03-64f8-466d-9480-bca47d8a435c;1;Mercury;emissions to water/groundwater, long-term;;Mercury II;Elementary flows/Emission to water/ground water, long-term;;;;93a60a56-a3c8-11da-a746-0800200b9a66;Mass;;kg;20aadc24-a391-41cf-b340-3e4529f44bde;kg
dd58a891-4b76-381a-9ca9-dbf9e04baa08;aef694fb-8da8-4e26-8b7d-6769a6aa03a4;1;Mercury;emissions to water/lake;;Mercury II;Elementary flows/Emission to water/lake;;;;93a60a56-a3c8-11da-a746-0800200b9a66;Mass;;kg;20aadc24-a391-41cf-b340-3e4529f44bde;kg
9cbe1d1f-476b-3e37-97c9-e4191eb051a2;fd61d155-3b34-46d5-8769-efb3e806f545;1;Mercury;emissions to water/ocean;;Mercury II;Elementary flows/Emission to water/ocean;;;;93a60a56-a3c8-11da-a746-0800200b9a66;Mass;;kg;20aadc24-a391-41cf-b340-3e4529f44bde;kg
341d0fc5-17e7-37b4-bd34-10f9a5b2c932;e529c930-e3c6-4d2d-8a96-f052ec23f2e7;1;Mercury;emissions to water/river;;Mercury II;Elementary flows/Emission to water/fresh water;;;;93a60a56-a3c8-11da-a746-0800200b9a66;Mass;;kg;20aadc24-a391-41cf-b340-3e4529f44bde;kg
8e5aad24-9e6b-3613-a988-b548a5d8d6f8;f36aca7d-cee0-39f2-9d78-aeea99c95c38;1;Metaldehyde (tetramer);emissions to soil/agricultural;;Metaldehyde (tetramer);Elementary flows/Emission to soil/agricultural;;;;93a60a56-a3c8-11da-a746-0800200b9a66;Mass;;kg;20aadc24-a391-41cf-b340-3e4529f44bde;kg
6dce9538-46c3-3ef5-b89f-dc2381855d05;54b9cbd0-65df-4fd3-8a19-dd3b8eccc619;1;Mercury;resources/in ground;;Mercury;Elementary flows/Resource/in ground;;;;93a60a56-a3c8-11da-a746-0800200b9a66;Mass;;kg;20aadc24-a391-41cf-b340-3e4529f44bde;kg
21400e66-0b7a-3a2f-a1cc-3e92d756ddd3;a850e6de-a007-432f-be7f-ce6e2cf1f2ae;1;Mercury II;emissions to air/high. pop.;;Mercury II;Elementary flows/Emission to air/high population density;;;;93a60a56-a3c8-11da-a746-0800200b9a66;Mass;;kg;20aadc24-a391-41cf-b340-3e4529f44bde;kg
e8aceb81-eb5b-32d6-81ba-55e7eb4cae8f;6248aeed-1ce1-49ee-be1c-3471ebf0a82e;1;Mesosulfuron-methyl (prop);emissions to soil/agricultural;;Mesosulfuron-methyl (prop);Elementary flows/Emission to soil/agricultural;;;;93a60a56-a3c8-11da-a746-0800200b9a66;Mass;;kg;20aadc24-a391-41cf-b340-3e4529f44bde;kg
290d2dbc-80fd-3623-ab49-ace9ad16cfef;8b1020ea-0714-40df-8ea9-450e26963a43;1;Mesotrione;emissions to soil/agricultural;;Mesotrione;Elementary flows/Emission to soil/agricultural;;;;93a60a56-a3c8-11da-a746-0800200b9a66;Mass;;kg;20aadc24-a391-41cf-b340-3e4529f44bde;kg
495104b4-0685-3ef7-b5f7-a7de50c34357;08f3db43-3185-4d9d-846a-404e27928eaf;1;Metalaxil;emissions to soil/agricultural;;Metalaxil;Elementary flows/Emission to soil/agricultural;;;;93a60a56-a3c8-11da-a746-0800200b9a66;Mass;;kg;20aadc24-a391-41cf-b340-3e4529f44bde;kg
7583a832-176f-3c90-a2f7-c339a42cb21e;4fde8c19-5560-4fc4-a416-7b244f7439ec;1;Metalaxyl-M;emissions to soil/agricultural;;Metalaxyl-M;Elementary flows/Emission to soil/agricultural;;;;93a60a56-a3c8-11da-a746-0800200b9a66;Mass;;kg;20aadc24-a391-41cf-b340-3e4529f44bde;kg
c373adb1-ec1c-3e45-93b6-125d5fad3fd7;c126f8a0-6bc4-42e6-9220-d6ccfef3f2ed;1;Molybdenum;emissions to soil/industrial;;Molybdenum VI;Elementary flows/Emission to soil/industrial;;;;93a60a56-a3c8-11da-a746-0800200b9a66;Mass;;kg;20aadc24-a391-41cf-b340-3e4529f44bde;kg
004b1310-88f7-3142-b11f-33a4b6759c1e;a58d5976-a8cb-4925-9bbe-38f27d1b2388;1;Metals, unspecified;emissions to air/unspecified;;Metals, unspecified;Elementary flows/Emission to air/unspecified;;;;93a60a56-a3c8-11da-a746-0800200b9a66;Mass;;kg;20aadc24-a391-41cf-b340-3e4529f44bde;kg
02239ccf-9263-3f11-9938-ca3692367f4d;fbebc389-bce6-4540-8869-50076139f370;1;Metamitron;emissions to soil/agricultural;;Metamitron;Elementary flows/Emission to soil/agricultural;;;;93a60a56-a3c8-11da-a746-0800200b9a66;Mass;;kg;20aadc24-a391-41cf-b340-3e4529f44bde;kg
eb18fa41-ff71-3532-a678-4baa20125e1e;5666353e-2db2-41d3-8414-404709151422;1;Metamorphous rock, graphite containing;resources/in ground;;Graphite;Elementary flows/Resource/in ground;;;;93a60a56-a3c8-11da-a746-0800200b9a66;Mass;;kg;20aadc24-a391-41cf-b340-3e4529f44bde;kg
58a84d5d-6eb6-3b04-9a41-5732520416a5;00acb9f0-1640-4f8c-89ef-d857e1428be0;1;Metam-sodium dihydrate;emissions to soil/agricultural;;Metam-sodium;Elementary flows/Emission to soil/agricultural;;;;93a60a56-a3c8-11da-a746-0800200b9a66;Mass;;kg;20aadc24-a391-41cf-b340-3e4529f44bde;kg
bee30ea9-28f3-3a39-9c8b-624e45106b7d;89dd5dfb-aa72-4c48-aaf7-b0aa16497029;1;Metazachlor;emissions to soil/agricultural;;Metazachlor;Elementary flows/Emission to soil/agricultural;;;;93a60a56-a3c8-11da-a746-0800200b9a66;Mass;;kg;20aadc24-a391-41cf-b340-3e4529f44bde;kg
77bf9870-7b8a-30e2-97d1-657d6ad4b673;1defe52a-bc9b-4c03-90fb-91bd35f6ce49;1;Metconazole;emissions to soil/agricultural;;Metconazole;Elementary flows/Emission to soil/agricultural;;;;93a60a56-a3c8-11da-a746-0800200b9a66;Mass;;kg;20aadc24-a391-41cf-b340-3e4529f44bde;kg
9806beeb-2cd8-3a4d-99b1-9f1f51cac40e;1992f951-d2c6-428d-9ff9-dac673f2b532;1;Methamidophos;emissions to soil/agricultural;;Methamidophos;Elementary flows/Emission to soil/agricultural;;;;93a60a56-a3c8-11da-a746-0800200b9a66;Mass;;kg;20aadc24-a391-41cf-b340-3e4529f44bde;kg
5d476481-db1c-3c9f-ad19-5638ce395a31;baf58fc9-573c-419c-8c16-831ac03203b9;1;Methane, biogenic;emissions to air/high. pop.;;Methane, non-fossil;Elementary flows/Emission to air/high population density;;;;93a60a56-a3c8-11da-a746-0800200b9a66;Mass;;kg;20aadc24-a391-41cf-b340-3e4529f44bde;kg
1e886b8d-be3d-3100-aa59-d0d082a09a8a;57bdb443-d4a6-423d-8024-959b8261d02e;1;Methane, biogenic;emissions to air/low. pop.;;Methane, non-fossil;Elementary flows/Emission to air/low population density;;;;93a60a56-a3c8-11da-a746-0800200b9a66;Mass;;kg;20aadc24-a391-41cf-b340-3e4529f44bde;kg
4651fcfc-1920-3e88-986f-f7c94fa98a27;da1157e2-7593-4dfd-80dd-a3449b37a4d8;1;Methane, biogenic;emissions to air/unspecified;;Methane, non-fossil;Elementary flows/Emission to air/unspecified;;;;93a60a56-a3c8-11da-a746-0800200b9a66;Mass;;kg;20aadc24-a391-41cf-b340-3e4529f44bde;kg
a6367ee8-d254-3842-a17b-8ff38521b232;8c283de2-50d3-40c8-8bff-1e172c3398f8;1;Methane, bromo-, Halon 1001;emissions to air/unspecified;;Bromomethane;Elementary flows/Emission to air/unspecified;;;;93a60a56-a3c8-11da-a746-0800200b9a66;Mass;;kg;20aadc24-a391-41cf-b340-3e4529f44bde;kg
3e558de4-5cd3-3a10-ac08-a3558b604e22;494eb62d-3e16-4a81-b344-6d6dfd9fd4e2;1;Methane, bromochlorodifluoro-, Halon 1211;emissions to air/low. pop.;;Bromochlorodifluoromethane;Elementary flows/Emission to air/low population density;;;;93a60a56-a3c8-11da-a746-0800200b9a66;Mass;;kg;20aadc24-a391-41cf-b340-3e4529f44bde;kg
822a4518-8031-3a50-ba6a-8d22887d0c94;ee31ac2a-9336-4ed6-8077-9663003bc2f9;1;Methane, bromochlorodifluoro-, Halon 1211;emissions to air/unspecified;;Bromochlorodifluoromethane;Elementary flows/Emission to air/unspecified;;;;93a60a56-a3c8-11da-a746-0800200b9a66;Mass;;kg;20aadc24-a391-41cf-b340-3e4529f44bde;kg
9fc86ea1-241f-37e8-92eb-9b3f2d9c0c61;18ddd879-5496-4419-8ab7-e0d3864d977d;1;Methane, bromotrifluoro-, Halon 1301;emissions to air/high. pop.;;Bromotrifluoromethane;Elementary flows/Emission to air/high population density;;;;93a60a56-a3c8-11da-a746-0800200b9a66;Mass;;kg;20aadc24-a391-41cf-b340-3e4529f44bde;kg
246b6a24-cefb-3e5d-93ac-1f61adab44f9;82957257-07f3-4536-ac8b-175cb2353c75;1;Methane, bromotrifluoro-, Halon 1301;emissions to air/low. pop.;;Bromotrifluoromethane;Elementary flows/Emission to air/low population density;;;;93a60a56-a3c8-11da-a746-0800200b9a66;Mass;;kg;20aadc24-a391-41cf-b340-3e4529f44bde;kg
1956b83b-b029-3051-9b58-b25d33c2ee2d;4ac2ffc3-312e-4e2d-88c4-2630d4a73d8c;1;Methane, bromotrifluoro-, Halon 1301;emissions to air/unspecified;;Bromotrifluoromethane;Elementary flows/Emission to air/unspecified;;;;93a60a56-a3c8-11da-a746-0800200b9a66;Mass;;kg;20aadc24-a391-41cf-b340-3e4529f44bde;kg
46d0cf70-97ae-3c3e-b6ef-d9e7e09d3d82;8ca6c84b-7f56-47e6-8d17-4f2dbc49a943;1;Methane, chlorodifluoro-, HCFC-22;emissions to air/high. pop.;;Chlorodifluoromethane;Elementary flows/Emission to air/high population density;;;;93a60a56-a3c8-11da-a746-0800200b9a66;Mass;;kg;20aadc24-a391-41cf-b340-3e4529f44bde;kg
5962426a-daaf-3383-a03e-4f77e603b7e8;56b7d3b6-83d7-42b0-a65b-5ad23e29db47;1;Methane, chlorodifluoro-, HCFC-22;emissions to air/low. pop.;;Chlorodifluoromethane;Elementary flows/Emission to air/low population density;;;;93a60a56-a3c8-11da-a746-0800200b9a66;Mass;;kg;20aadc24-a391-41cf-b340-3e4529f44bde;kg
5dd40369-c063-3ef8-a954-6bdb404995dd;18c582fe-7336-4138-8797-2db8b7a754c7;1;Methane, chlorodifluoro-, HCFC-22;emissions to air/unspecified;;Chlorodifluoromethane;Elementary flows/Emission to air/unspecified;;;;93a60a56-a3c8-11da-a746-0800200b9a66;Mass;;kg;20aadc24-a391-41cf-b340-3e4529f44bde;kg
14547e2b-ac30-30ed-ad39-79277be0096b;e06e2e1e-ad87-49e2-a184-f2d1c48b7b46;1;Methane, chlorotrifluoro-, CFC-13;emissions to air/unspecified;;Chlorotrifluoromethane;Elementary flows/Emission to air/unspecified;;;;93a60a56-a3c8-11da-a746-0800200b9a66;Mass;;kg;20aadc24-a391-41cf-b340-3e4529f44bde;kg
aac46fb7-78a1-3810-b305-ac855cbf0354;2716807d-0266-48ff-bb7a-6e6c5fbfd5c5;1;Methane, dichloro-, HCC-30;emissions to air/high. pop.;;Dichloromethane;Elementary flows/Emission to air/high population density;;;;93a60a56-a3c8-11da-a746-0800200b9a66;Mass;;kg;20aadc24-a391-41cf-b340-3e4529f44bde;kg
fd485099-b0cc-3e0a-86b5-3e4863eaa2c0;d4b61c6c-a620-4a91-afc6-ca87ef97b55a;1;Methane, dichloro-, HCC-30;emissions to air/low. pop.;;Dichloromethane;Elementary flows/Emission to air/low population density;;;;93a60a56-a3c8-11da-a746-0800200b9a66;Mass;;kg;20aadc24-a391-41cf-b340-3e4529f44bde;kg
43bb928f-27b1-37a5-86aa-384a12c969c0;f903c2fb-71bf-4568-99fc-6aa7ed7bc922;1;Methane, dichloro-, HCC-30;emissions to air/low. pop., long-term;;Dichloromethane;Elementary flows/Emission to air/low population density, long-term;;;;93a60a56-a3c8-11da-a746-0800200b9a66;Mass;;kg;20aadc24-a391-41cf-b340-3e4529f44bde;kg
7029780e-1e59-31b1-87b7-dafde5e233aa;432a3326-73f8-4752-bc4d-06b7b4b1243c;1;Methane, dichloro-, HCC-30;emissions to air/unspecified;;Dichloromethane;Elementary flows/Emission to air/unspecified;;;;93a60a56-a3c8-11da-a746-0800200b9a66;Mass;;kg;20aadc24-a391-41cf-b340-3e4529f44bde;kg
7e2e1e7f-4e02-3964-a144-b54a57ddaa7a;09eca9fb-65fe-4d44-956f-c3143fee2192;1;Methane, dichloro-, HCC-30;emissions to water/river;;Methane, dichloro-, HCC-30;Elementary flows/Emission to water/fresh water;;;;93a60a56-a3c8-11da-a746-0800200b9a66;Mass;;kg;20aadc24-a391-41cf-b340-3e4529f44bde;kg
d4d24533-44fd-36bf-8114-13695288c01c;09eca9fb-65fe-4d44-956f-c3143fee2192;1;Methane, dichloro-, HCC-30;emissions to water/unspecified;;Methane, dichloro-, HCC-30;Elementary flows/Emission to water/fresh water;;;;93a60a56-a3c8-11da-a746-0800200b9a66;Mass;;kg;20aadc24-a391-41cf-b340-3e4529f44bde;kg
76dd5595-116a-3176-b7a5-0e0a4f319b00;31a3e44c-4098-461e-aba2-f79540e05087;1;Methane, dichlorodifluoro-, CFC-12;emissions to air/high. pop.;;Dichlorodifluoromethane;Elementary flows/Emission to air/high population density;;;;93a60a56-a3c8-11da-a746-0800200b9a66;Mass;;kg;20aadc24-a391-41cf-b340-3e4529f44bde;kg
1232f827-ac81-3a49-9c95-ce23ab29905f;e93ba406-3df8-4e34-be54-0d556b2bb629;1;Methane, dichlorodifluoro-, CFC-12;emissions to air/low. pop.;;Dichlorodifluoromethane;Elementary flows/Emission to air/low population density;;;;93a60a56-a3c8-11da-a746-0800200b9a66;Mass;;kg;20aadc24-a391-41cf-b340-3e4529f44bde;kg
474ea01e-1bfd-384d-b0b8-2f88d866b70a;c0e8ec60-a5ae-432e-97a5-cf76b6247a00;1;Methane, dichlorodifluoro-, CFC-12;emissions to air/unspecified;;Dichlorodifluoromethane;Elementary flows/Emission to air/unspecified;;;;93a60a56-a3c8-11da-a746-0800200b9a66;Mass;;kg;20aadc24-a391-41cf-b340-3e4529f44bde;kg
935cc8de-3947-3203-98ff-68cd17508b8a;3c8af80d-7ff8-43f4-b1a7-cef73b1b4682;1;Methane, dichlorofluoro-, HCFC-21;emissions to air/high. pop.;;Dichlorofluoromethane;Elementary flows/Emission to air/high population density;;;;93a60a56-a3c8-11da-a746-0800200b9a66;Mass;;kg;20aadc24-a391-41cf-b340-3e4529f44bde;kg
6dead6cc-0990-3306-973c-73b9aa9a7ebe;04a6edb8-624a-484e-8f85-d771657adae7;1;Methane, dichlorofluoro-, HCFC-21;emissions to air/unspecified;;Dichlorofluoromethane;Elementary flows/Emission to air/unspecified;;;;93a60a56-a3c8-11da-a746-0800200b9a66;Mass;;kg;20aadc24-a391-41cf-b340-3e4529f44bde;kg
1d92e7bd-10dc-3aad-8273-730b24e68df1;c9028b09-c12d-421b-9944-7d145e196ebc;1;Methane, difluoro-, HFC-32;emissions to air/high. pop.;;Difluoromethane;Elementary flows/Emission to air/high population density;;;;93a60a56-a3c8-11da-a746-0800200b9a66;Mass;;kg;20aadc24-a391-41cf-b340-3e4529f44bde;kg
c0dddba9-0902-3e44-834a-489f94489d55;151212b4-079b-43a2-96d5-a6eef59166ac;1;Methane, difluoro-, HFC-32;emissions to air/unspecified;;Difluoromethane;Elementary flows/Emission to air/unspecified;;;;93a60a56-a3c8-11da-a746-0800200b9a66;Mass;;kg;20aadc24-a391-41cf-b340-3e4529f44bde;kg
f9619a26-b00c-3a3e-823d-2bb4af88d2b3;5f7aad3d-566c-4d0d-ad59-e765f971aa0f;1;Methane, fossil;emissions to air/high. pop.;;Methane, fossil;Elementary flows/Emission to air/high population density;;;;93a60a56-a3c8-11da-a746-0800200b9a66;Mass;;kg;20aadc24-a391-41cf-b340-3e4529f44bde;kg
38acdf63-0774-32bf-a72d-f221351d5bc8;70ef743b-3ed5-4a6d-b192-fb6d62378555;1;Methane, fossil;emissions to air/low. pop.;;Methane, fossil;Elementary flows/Emission to air/low population density;;;;93a60a56-a3c8-11da-a746-0800200b9a66;Mass;;kg;20aadc24-a391-41cf-b340-3e4529f44bde;kg
7deb431d-8661-39b4-97c2-b0f5bc147a2a;6b1b495b-70ee-4be6-b1c2-3031aa4d6add;1;Methane, fossil;emissions to air/stratosphere + troposphere;;Methane, fossil;Elementary flows/Emission to air/lower stratosphere + upper troposphere;;;;93a60a56-a3c8-11da-a746-0800200b9a66;Mass;;kg;20aadc24-a391-41cf-b340-3e4529f44bde;kg
350d2176-295b-3763-a530-f8a85a27a812;0795345f-c7ae-410c-ad25-1845784c75f5;1;Methane, fossil;emissions to air/unspecified;;Methane, fossil;Elementary flows/Emission to air/unspecified;;;;93a60a56-a3c8-11da-a746-0800200b9a66;Mass;;kg;20aadc24-a391-41cf-b340-3e4529f44bde;kg
12ee28e5-47c4-3bde-8aba-b3537959585e;370447a7-70d1-47bd-8577-0a32c4f53570;1;Methane, monochloro-, R-40;emissions to air/high. pop.;;Methylchloride;Elementary flows/Emission to air/high population density;;;;93a60a56-a3c8-11da-a746-0800200b9a66;Mass;;kg;20aadc24-a391-41cf-b340-3e4529f44bde;kg
f34edfb6-ce34-37ed-a6cb-65c295c345ba;ed63abd0-7cc6-4825-8759-b367e560fe95;1;Methane, monochloro-, R-40;emissions to air/low. pop.;;Methylchloride;Elementary flows/Emission to air/low population density;;;;93a60a56-a3c8-11da-a746-0800200b9a66;Mass;;kg;20aadc24-a391-41cf-b340-3e4529f44bde;kg
f7706fa4-60ed-3a89-b841-5643516022d7;18ea247b-edc2-43fe-89bd-cedd04102bcc;1;Methane, monochloro-, R-40;emissions to air/unspecified;;Methylchloride;Elementary flows/Emission to air/unspecified;;;;93a60a56-a3c8-11da-a746-0800200b9a66;Mass;;kg;20aadc24-a391-41cf-b340-3e4529f44bde;kg
729e227f-452f-323a-a317-95c1931aebef;3302f7f2-5099-45be-92e0-73cda30f2832;1;Methane, monochloro-, R-40;emissions to water/river;;Methane, monochloro-, R-40;Elementary flows/Emission to water/fresh water;;;;93a60a56-a3c8-11da-a746-0800200b9a66;Mass;;kg;20aadc24-a391-41cf-b340-3e4529f44bde;kg
09038e7a-b90c-33f9-b6ef-c942a4e52d38;63e7d757-8549-11e0-9d78-0800200c9a66;1;Methane, monochloro-, R-40;emissions to water/unspecified;;Methane, monochloro-, R-40;Elementary flows/Emission to water/unspecified;;;;93a60a56-a3c8-11da-a746-0800200b9a66;Mass;;kg;20aadc24-a391-41cf-b340-3e4529f44bde;kg
5f8ce997-dbef-32e1-bc97-572dc9c8a561;e3787169-170a-3047-a5f2-16e292861643;1;Methane, tetrachloro-, CFC-10;emissions to air/high. pop.;;Methane, tetrachloro-, CFC-10;Elementary flows/Emission to air/high population density;;;;93a60a56-a3c8-11da-a746-0800200b9a66;Mass;;kg;20aadc24-a391-41cf-b340-3e4529f44bde;kg
c4e45415-fb0a-3af3-9c89-563daafb9efe;f2cb5577-b802-3bca-bd0a-502374b83e41;1;Methane, tetrachloro-, CFC-10;emissions to air/unspecified;;Methane, tetrachloro-, CFC-10;Elementary flows/Emission to air/unspecified;;;;93a60a56-a3c8-11da-a746-0800200b9a66;Mass;;kg;20aadc24-a391-41cf-b340-3e4529f44bde;kg
4a140f35-59ee-31c2-9ec3-caa612376fb3;4d93311d-5fc2-4f86-ab4f-b223ee9350e5;1;Methane, tetrachloro-, CFC-10;emissions to water/river;;Carbon tetrachloride;Elementary flows/Emission to water/surface water;;;;93a60a56-a3c8-11da-a746-0800200b9a66;Mass;;kg;20aadc24-a391-41cf-b340-3e4529f44bde;kg
83ce9992-74e3-362e-93d2-5a49d0146457;4d93311d-5fc2-4f86-ab4f-b223ee9350e5;1;Methane, tetrachloro-, CFC-10;emissions to water/river, long-term;;Carbon tetrachloride;Elementary flows/Emission to water/surface water;;;;93a60a56-a3c8-11da-a746-0800200b9a66;Mass;;kg;20aadc24-a391-41cf-b340-3e4529f44bde;kg
b29471a3-27bf-3000-b975-a527b0baa554;9a366c85-61a0-48bd-8af0-a2a96b327bc1;1;Methane, tetrachloro-, CFC-10;emissions to water/unspecified;;Carbon tetrachloride;Elementary flows/Emission to water/unspecified;;;;93a60a56-a3c8-11da-a746-0800200b9a66;Mass;;kg;20aadc24-a391-41cf-b340-3e4529f44bde;kg
25c11157-46d0-313f-b94e-e0688918a863;dfe1da1e-7756-4f7e-a393-6d5e2342a962;1;Methane, tetrafluoro-, CFC-14;emissions to air/high. pop.;;Tetrafluoromethane;Elementary flows/Emission to air/high population density;;;;93a60a56-a3c8-11da-a746-0800200b9a66;Mass;;kg;20aadc24-a391-41cf-b340-3e4529f44bde;kg
791d600f-f093-39e2-a171-334bb6e8809e;33681770-a0e1-4ce8-93c3-941fd607fa5f;1;Methane, tetrafluoro-, CFC-14;emissions to air/unspecified;;Tetrafluoromethane;Elementary flows/Emission to air/unspecified;;;;93a60a56-a3c8-11da-a746-0800200b9a66;Mass;;kg;20aadc24-a391-41cf-b340-3e4529f44bde;kg
65335ba5-ceef-37df-a413-9f92412b2cb0;33a69662-583b-45b8-8cb9-94f59fca9133;1;Methane, trichlorofluoro-, CFC-11;emissions to air/high. pop.;;Trichlorofluoromethane;Elementary flows/Emission to air/high population density;;;;93a60a56-a3c8-11da-a746-0800200b9a66;Mass;;kg;20aadc24-a391-41cf-b340-3e4529f44bde;kg
042e34db-2368-3170-884f-97e5067c0fdf;51e99a55-bcdb-4d18-9484-6de4b142e09d;1;Methane, trichlorofluoro-, CFC-11;emissions to air/unspecified;;Trichlorofluoromethane;Elementary flows/Emission to air/unspecified;;;;93a60a56-a3c8-11da-a746-0800200b9a66;Mass;;kg;20aadc24-a391-41cf-b340-3e4529f44bde;kg
cb5c5aa5-0192-366e-8b6f-c15df3eb9e9a;8f87dcf1-0177-4d62-bea0-a5dd8647ef8c;1;Methane, trifluoro-, HFC-23;emissions to air/high. pop.;;Trifluoromethane;Elementary flows/Emission to air/high population density;;;;93a60a56-a3c8-11da-a746-0800200b9a66;Mass;;kg;20aadc24-a391-41cf-b340-3e4529f44bde;kg
2fb8251a-b1d6-38bb-809d-5d2e328de51d;5e2e1740-1bb9-4157-b816-6cb5aa006437;1;Methane, trifluoro-, HFC-23;emissions to air/low. pop.;;Trifluoromethane;Elementary flows/Emission to air/low population density;;;;93a60a56-a3c8-11da-a746-0800200b9a66;Mass;;kg;20aadc24-a391-41cf-b340-3e4529f44bde;kg
f2559f5f-06fe-3cfe-9669-ca1a7fd3befd;dc78690a-2b0a-49fc-8272-b811fb25ff6c;1;Methane, trifluoro-, HFC-23;emissions to air/low. pop., long-term;;Trifluoromethane;Elementary flows/Emission to air/low population density, long-term;;;;93a60a56-a3c8-11da-a746-0800200b9a66;Mass;;kg;20aadc24-a391-41cf-b340-3e4529f44bde;kg
2dc51fac-6d71-3a35-bf6a-c181bab36e9e;e5ba3517-a93f-422e-9ce2-f1007fcf6c06;1;Methane, trifluoro-, HFC-23;emissions to air/unspecified;;Trifluoromethane;Elementary flows/Emission to air/unspecified;;;;93a60a56-a3c8-11da-a746-0800200b9a66;Mass;;kg;20aadc24-a391-41cf-b340-3e4529f44bde;kg
af1d12f0-dd02-382a-87c1-4958f25fdb30;6f3fd3ca-1340-421a-9149-98a21c102041;1;Methanesulfonic acid;emissions to air/high. pop.;;Methanesulfonic acid;Elementary flows/Emission to air/high population density;;;;93a60a56-a3c8-11da-a746-0800200b9a66;Mass;;kg;20aadc24-a391-41cf-b340-3e4529f44bde;kg
042e9666-799a-3c21-a644-3a994ed61f96;f873299d-0675-4fdc-ad01-c5a4b951b583;1;Methanol;emissions to air/high. pop.;;Methanol;Elementary flows/Emission to air/high population density;;;;93a60a56-a3c8-11da-a746-0800200b9a66;Mass;;kg;20aadc24-a391-41cf-b340-3e4529f44bde;kg
1b6b3eae-56a8-3331-9151-1c83bdfe468f;1d2439de-751b-469a-ba3e-fda8fe9802b2;1;Methanol;emissions to air/low. pop.;;Methanol;Elementary flows/Emission to air/low population density;;;;93a60a56-a3c8-11da-a746-0800200b9a66;Mass;;kg;20aadc24-a391-41cf-b340-3e4529f44bde;kg
07f41af5-8028-3e23-9b08-30b770ccba5e;0ebdb68a-f50d-4b0c-ad4b-3a1104d8b454;1;Methanol;emissions to air/unspecified;;Methanol;Elementary flows/Emission to air/unspecified;;;;93a60a56-a3c8-11da-a746-0800200b9a66;Mass;;kg;20aadc24-a391-41cf-b340-3e4529f44bde;kg
30c4b7d6-b856-3a79-a7b6-502cd1387918;9d9e8c2a-645e-4a88-bfcf-3b100b09196b;1;Methanol;emissions to water/ocean;;Methanol;Elementary flows/Emission to water/ocean;;;;93a60a56-a3c8-11da-a746-0800200b9a66;Mass;;kg;20aadc24-a391-41cf-b340-3e4529f44bde;kg
2f46ddcb-4f86-3717-918d-b68409b40e1e;4f2e5082-46e3-4bf1-a366-3fd79451800e;1;Methanol;emissions to water/river;;Methanol;Elementary flows/Emission to water/fresh water;;;;93a60a56-a3c8-11da-a746-0800200b9a66;Mass;;kg;20aadc24-a391-41cf-b340-3e4529f44bde;kg
0176ebee-297d-34a6-9b25-4d629cf1d456;ee2c5c6c-ff01-4151-8332-d4bf1508c759;1;Methanol;emissions to water/unspecified;;Methanol;Elementary flows/Emission to water/unspecified;;;;93a60a56-a3c8-11da-a746-0800200b9a66;Mass;;kg;20aadc24-a391-41cf-b340-3e4529f44bde;kg
9c8342a4-7775-34b8-8129-7b8e2a46096b;486ac967-6912-47ad-bd97-ee5774ae940e;1;Methomyl;emissions to air/unspecified;;Methomyl;Elementary flows/Emission to air/unspecified;;;;93a60a56-a3c8-11da-a746-0800200b9a66;Mass;;kg;20aadc24-a391-41cf-b340-3e4529f44bde;kg
291be07f-6cc3-31ef-9928-90e89650e6b5;2bf4e40e-ed11-457a-ae60-53a5cc43fdc7;1;Methomyl;emissions to soil/agricultural;;Methomyl;Elementary flows/Emission to soil/agricultural;;;;93a60a56-a3c8-11da-a746-0800200b9a66;Mass;;kg;20aadc24-a391-41cf-b340-3e4529f44bde;kg
bc5e3f2f-7dce-32e8-b503-75a334cd0507;7a310634-fe4e-4815-a971-ceaf4a4c982b;1;Methomyl;emissions to water/river;;Methomyl;Elementary flows/Emission to water/fresh water;;;;93a60a56-a3c8-11da-a746-0800200b9a66;Mass;;kg;20aadc24-a391-41cf-b340-3e4529f44bde;kg
e3c198a4-fd5a-39bf-853e-0a247af4c05c;ef06f2a4-4b8c-4740-9e06-0c2126d1839a;1;Methyl acetate;emissions to air/high. pop.;;Methyl acetate;Elementary flows/Emission to air/high population density;;;;93a60a56-a3c8-11da-a746-0800200b9a66;Mass;;kg;20aadc24-a391-41cf-b340-3e4529f44bde;kg
7a65a823-dd4d-3d11-8c9f-6b5713369543;bd70c699-1ea1-4bb1-b23d-bc771d7d6311;1;Methyl acetate;emissions to air/unspecified;;Methyl acetate;Elementary flows/Emission to air/unspecified;;;;93a60a56-a3c8-11da-a746-0800200b9a66;Mass;;kg;20aadc24-a391-41cf-b340-3e4529f44bde;kg
2d97c252-de16-3dcb-b436-977287494ba0;a3509543-8359-4e31-ba92-e82bb9d5351e;1;Methyl acetate;emissions to water/river;;Methyl acetate;Elementary flows/Emission to water/fresh water;;;;93a60a56-a3c8-11da-a746-0800200b9a66;Mass;;kg;20aadc24-a391-41cf-b340-3e4529f44bde;kg
84c38cc9-3431-3a8a-8589-e799983f3768;6994b171-4ce1-4877-9c17-c206180fcea3;1;Methyl acrylate;emissions to air/high. pop.;;Methyl acrylate;Elementary flows/Emission to air/high population density;;;;93a60a56-a3c8-11da-a746-0800200b9a66;Mass;;kg;20aadc24-a391-41cf-b340-3e4529f44bde;kg
5e4f510c-12ac-3b8e-90e6-882c5ab8ec4f;17d135a5-2367-40d1-864b-fe817cd2284e;1;Methyl acrylate;emissions to air/low. pop., long-term;;Methyl acrylate;Elementary flows/Emission to air/low population density, long-term;;;;93a60a56-a3c8-11da-a746-0800200b9a66;Mass;;kg;20aadc24-a391-41cf-b340-3e4529f44bde;kg
95bf6d8f-e321-3ca1-b467-0061759800e1;39c49db2-409a-4d5d-93f5-454535398965;1;Methyl acrylate;emissions to air/unspecified;;Methyl acrylate;Elementary flows/Emission to air/unspecified;;;;93a60a56-a3c8-11da-a746-0800200b9a66;Mass;;kg;20aadc24-a391-41cf-b340-3e4529f44bde;kg
e1f72d8c-b397-3d04-8e4b-13062ec4b979;8217561a-01c7-4275-9574-ae8f76f7602f;1;Methyl acrylate;emissions to water/river;;Methyl acrylate;Elementary flows/Emission to water/fresh water;;;;93a60a56-a3c8-11da-a746-0800200b9a66;Mass;;kg;20aadc24-a391-41cf-b340-3e4529f44bde;kg
7427e703-79c5-3e33-8557-44fedd742599;055bf521-b162-4172-b7db-da4df197d671;1;Methyl borate;emissions to air/high. pop.;;Trimethyl borate;Elementary flows/Emission to air/high population density;;;;93a60a56-a3c8-11da-a746-0800200b9a66;Mass;;kg;20aadc24-a391-41cf-b340-3e4529f44bde;kg
80b19d22-0e16-3bb2-b90f-97054f3247b9;971246f7-14d9-4ad5-98da-fc147dd8800f;1;Methyl borate;emissions to air/unspecified;;Trimethyl borate;Elementary flows/Emission to air/unspecified;;;;93a60a56-a3c8-11da-a746-0800200b9a66;Mass;;kg;20aadc24-a391-41cf-b340-3e4529f44bde;kg
ef0357a0-2ce6-3425-b604-3e180f92564f;26b5c174-e20e-430a-a4b1-44de4af8b40f;1;Methyl ethyl ketone;emissions to air/high. pop.;;Methyl ethyl ketone;Elementary flows/Emission to air/high population density;;;;93a60a56-a3c8-11da-a746-0800200b9a66;Mass;;kg;20aadc24-a391-41cf-b340-3e4529f44bde;kg
dccdcbad-323c-3fb1-8e78-f9e42acbdfb9;54b35742-21ff-4454-8a3d-f31577e308b3;1;Methyl ethyl ketone;emissions to air/low. pop.;;Methyl ethyl ketone;Elementary flows/Emission to air/low population density;;;;93a60a56-a3c8-11da-a746-0800200b9a66;Mass;;kg;20aadc24-a391-41cf-b340-3e4529f44bde;kg
716e1d80-9fcc-3fe4-a015-aa501b5633fe;d3709c7e-7c61-45a4-92e4-f7cf95ebe3a2;1;Methyl ethyl ketone;emissions to air/unspecified;;Methyl ethyl ketone;Elementary flows/Emission to air/unspecified;;;;93a60a56-a3c8-11da-a746-0800200b9a66;Mass;;kg;20aadc24-a391-41cf-b340-3e4529f44bde;kg
96b9f180-90fc-384b-b8ae-23f0a5f4695e;a71b27f2-3bcb-4bcc-a0c6-b6a123f0b42e;1;Methyl formate;emissions to air/high. pop.;;Methyl formate;Elementary flows/Emission to air/high population density;;;;93a60a56-a3c8-11da-a746-0800200b9a66;Mass;;kg;20aadc24-a391-41cf-b340-3e4529f44bde;kg
2117af5b-4cd3-3af9-8254-120971341c90;4877b7b5-0ac1-47f7-96bd-677179544c9f;1;Methyl formate;emissions to air/unspecified;;Methyl formate;Elementary flows/Emission to air/unspecified;;;;93a60a56-a3c8-11da-a746-0800200b9a66;Mass;;kg;20aadc24-a391-41cf-b340-3e4529f44bde;kg
b3aa95c3-ba8b-3510-81be-467378e5c4bd;f311cac9-ba20-4b5a-824a-e9ad5bf8ea59;1;Methyl formate;emissions to water/river;;Methyl formate;Elementary flows/Emission to water/fresh water;;;;93a60a56-a3c8-11da-a746-0800200b9a66;Mass;;kg;20aadc24-a391-41cf-b340-3e4529f44bde;kg
ad8c885d-ad2c-3d26-938e-b0cee0109eb8;80ef64e4-312c-485a-be3d-30856adc0c11;1;Methyl lactate;emissions to air/high. pop.;;Methyl lactate;Elementary flows/Emission to air/high population density;;;;93a60a56-a3c8-11da-a746-0800200b9a66;Mass;;kg;20aadc24-a391-41cf-b340-3e4529f44bde;kg
ee098990-b736-3e6c-9fa8-e44ece4bb535;b3ac5da9-ea25-34da-b1ac-a6b9adc9c9d6;1;Methyl mercaptan;emissions to air/unspecified;;Methyl mercaptan;Elementary flows/Emission to air/unspecified;;;;93a60a56-a3c8-11da-a746-0800200b9a66;Mass;;kg;20aadc24-a391-41cf-b340-3e4529f44bde;kg
58419d5b-1bcd-31b7-9c7f-fd9f4d9e2098;1ddb3480-3426-4541-a201-592d4c6fe6aa;1;Methyl methacrylate;emissions to air/unspecified;;Methyl methacrylate;Elementary flows/Emission to air/unspecified;;;;93a60a56-a3c8-11da-a746-0800200b9a66;Mass;;kg;20aadc24-a391-41cf-b340-3e4529f44bde;kg
93c4b6c1-2183-3ead-9296-af10af70d326;693d1072-abb1-4e4a-9313-d94e03b6f9ea;1;Methyl pentane;emissions to water/river;;Methyl pentane;Elementary flows/Emission to water/river;;;;93a60a56-a3c8-11da-a746-0800200b9a66;Mass;;kg;20aadc24-a391-41cf-b340-3e4529f44bde;kg
9410769f-323d-3d83-b38b-d8a9c36666f8;7238734e-18ef-4759-914d-61e9ed11bd4e;1;Methylamine;emissions to air/high. pop.;;Methylamine;Elementary flows/Emission to air/high population density;;;;93a60a56-a3c8-11da-a746-0800200b9a66;Mass;;kg;20aadc24-a391-41cf-b340-3e4529f44bde;kg
8d28c06a-3297-37b8-8244-4c935c35d1a6;be13179a-7e8b-57f8-9852-137ce88a1525;1;Methylamine;emissions to air/unspecified;;Methylamine;Elementary flows/Emission to air/unspecified;;;;93a60a56-a3c8-11da-a746-0800200b9a66;Mass;;kg;20aadc24-a391-41cf-b340-3e4529f44bde;kg
48884ee7-6b9a-3461-9b8d-3c4a3b152b81;93542876-9c52-4cfb-96b0-acd82e5d15e8;1;Methylamine;emissions to water/river;;Methylamine;Elementary flows/Emission to water/river;;;;93a60a56-a3c8-11da-a746-0800200b9a66;Mass;;kg;20aadc24-a391-41cf-b340-3e4529f44bde;kg
e27b2b0b-10d0-30a4-a473-601d626438b8;d3ac53b1-17d5-40e7-b51d-422e16316404;1;Methylamine;emissions to water/unspecified;;Methylamine;Elementary flows/Emission to water/unspecified;;;;93a60a56-a3c8-11da-a746-0800200b9a66;Mass;;kg;20aadc24-a391-41cf-b340-3e4529f44bde;kg
efdeae11-e758-307b-8f98-9e0172176086;4412a76b-eb71-4fd3-afc9-6871a58cae5f;1;Metiram;emissions to soil/agricultural;;Metiram;Elementary flows/Emission to soil/agricultural;;;;93a60a56-a3c8-11da-a746-0800200b9a66;Mass;;kg;20aadc24-a391-41cf-b340-3e4529f44bde;kg
603c27d3-1b9a-3ce2-8227-684567457c58;d2885a24-b728-4832-8638-15697630eff9;1;Metolachlor;emissions to soil/agricultural;;Metolachlor;Elementary flows/Emission to soil/agricultural;;;;93a60a56-a3c8-11da-a746-0800200b9a66;Mass;;kg;20aadc24-a391-41cf-b340-3e4529f44bde;kg
ad20b0cc-c0d4-38d8-add6-469546d9022c;b7feaed4-a5d3-4601-894c-e10f9dc7575b;1;Metosulam;emissions to soil/agricultural;;Metosulam;Elementary flows/Emission to soil/agricultural;;;;93a60a56-a3c8-11da-a746-0800200b9a66;Mass;;kg;20aadc24-a391-41cf-b340-3e4529f44bde;kg
296cf1ce-a57a-38c2-86e9-d9b78fbf1b76;171aebab-b5e0-493f-8776-43e1a694666f;1;Metribuzin;emissions to soil/agricultural;;Metribuzin;Elementary flows/Emission to soil/agricultural;;;;93a60a56-a3c8-11da-a746-0800200b9a66;Mass;;kg;20aadc24-a391-41cf-b340-3e4529f44bde;kg
3f57a66c-adf4-3881-a371-06da51e3f2c2;c2c2b2c4-0a30-4c79-8d1f-0735a95a8962;1;Metsulfuron-methyl;emissions to soil/agricultural;;Metsulfuron-methyl;Elementary flows/Emission to soil/agricultural;;;;93a60a56-a3c8-11da-a746-0800200b9a66;Mass;;kg;20aadc24-a391-41cf-b340-3e4529f44bde;kg
4771ea7f-7198-31c7-b7bf-4662a3af0e61;aa2f15ce-fc50-4252-89d8-89e06b4f588a;1;Molinate;emissions to soil/agricultural;;Molinate;Elementary flows/Emission to soil/agricultural;;;;93a60a56-a3c8-11da-a746-0800200b9a66;Mass;;kg;20aadc24-a391-41cf-b340-3e4529f44bde;kg
445602d6-7b8a-3878-bfb1-55add814708f;c26d4716-ce1e-43da-a662-cd9498b1e8bc;1;Molybdenum;emissions to air/high. pop.;;Molybdenum VI;Elementary flows/Emission to air/high population density;;;;93a60a56-a3c8-11da-a746-0800200b9a66;Mass;;kg;20aadc24-a391-41cf-b340-3e4529f44bde;kg
a987f9f7-9b34-37d7-b7d0-813fd2705c10;5fa36ce3-aed0-443b-a09d-4cdf25b41995;1;Molybdenum;emissions to air/low. pop.;;Molybdenum VI;Elementary flows/Emission to air/low population density;;;;93a60a56-a3c8-11da-a746-0800200b9a66;Mass;;kg;20aadc24-a391-41cf-b340-3e4529f44bde;kg
01237381-4078-3e41-abb6-bd6fd5b14ec7;35b4d818-1019-413b-b99d-d351d8a67ac4;1;Molybdenum;emissions to air/low. pop., long-term;;Molybdenum VI;Elementary flows/Emission to air/low population density, long-term;;;;93a60a56-a3c8-11da-a746-0800200b9a66;Mass;;kg;20aadc24-a391-41cf-b340-3e4529f44bde;kg
740e1438-e361-3312-a397-aba1814b0e4a;640e30d2-3158-4a1a-82ef-fd0c72922c9a;1;Molybdenum;emissions to air/unspecified;;Molybdenum VI;Elementary flows/Emission to air/unspecified;;;;93a60a56-a3c8-11da-a746-0800200b9a66;Mass;;kg;20aadc24-a391-41cf-b340-3e4529f44bde;kg
ef5f76e4-953b-3f4f-bd80-bb8a30c9eeb7;9cf3a683-ed3d-40e9-b039-7653e4fc9e20;1;Molybdenum;emissions to soil/agricultural;;Molybdenum VI;Elementary flows/Emission to soil/agricultural;;;;93a60a56-a3c8-11da-a746-0800200b9a66;Mass;;kg;20aadc24-a391-41cf-b340-3e4529f44bde;kg
04885847-ac78-3aa2-a371-bb3c713f43ed;b10642d6-cd29-4cf0-9ebe-755902c9a3ae;1;Myclobutanil;emissions to soil/agricultural;;Myclobutanil;Elementary flows/Emission to soil/agricultural;;;;93a60a56-a3c8-11da-a746-0800200b9a66;Mass;;kg;20aadc24-a391-41cf-b340-3e4529f44bde;kg
6ec18522-e088-3ba0-8334-e6b52ad6944a;8b531ec0-ca7a-49cd-bef0-56f110112f34;1;Molybdenum;emissions to soil/unspecified;;Molybdenum VI;Elementary flows/Emission to soil/unspecified;;;;93a60a56-a3c8-11da-a746-0800200b9a66;Mass;;kg;20aadc24-a391-41cf-b340-3e4529f44bde;kg
aa2f8571-cb5b-3587-a1e1-58ba55e9a641;3822809c-cc03-469d-ac2a-9f85842f8440;1;Molybdenum;emissions to water/groundwater;;Molybdenum VI;Elementary flows/Emission to water/ground water;;;;93a60a56-a3c8-11da-a746-0800200b9a66;Mass;;kg;20aadc24-a391-41cf-b340-3e4529f44bde;kg
3583e513-cd63-3be1-abd0-c519e170516d;7d3f7498-3596-478a-9fa1-72201ef94082;1;Molybdenum;emissions to water/groundwater, long-term;;Molybdenum VI;Elementary flows/Emission to water/ground water, long-term;;;;93a60a56-a3c8-11da-a746-0800200b9a66;Mass;;kg;20aadc24-a391-41cf-b340-3e4529f44bde;kg
0ef97330-e315-362c-8122-c7111b861196;142907e3-8285-4fd6-bef8-8101cb43e147;1;Molybdenum;emissions to water/lake;;Molybdenum VI;Elementary flows/Emission to water/lake;;;;93a60a56-a3c8-11da-a746-0800200b9a66;Mass;;kg;20aadc24-a391-41cf-b340-3e4529f44bde;kg
18992be1-d454-3fab-a12d-cebed80e4b51;163926e2-b4cc-42bb-ba7d-401028140985;1;Molybdenum;emissions to water/ocean;;Molybdenum VI;Elementary flows/Emission to water/ocean;;;;93a60a56-a3c8-11da-a746-0800200b9a66;Mass;;kg;20aadc24-a391-41cf-b340-3e4529f44bde;kg
234c58ac-420e-35ec-8a48-7ff07cb6df6e;408b3ab9-9ef7-4535-b7eb-975d55b3c6b6;1;Molybdenum;emissions to water/river;;Molybdenum VI;Elementary flows/Emission to water/fresh water;;;;93a60a56-a3c8-11da-a746-0800200b9a66;Mass;;kg;20aadc24-a391-41cf-b340-3e4529f44bde;kg
0ba92cc0-a30c-30c4-bd4d-54e56ee15cd3;fdaaef05-0d10-4032-b2e7-85cae3c7bd5c;1;Molybdenum;emissions to water/unspecified;;Molybdenum VI;Elementary flows/Emission to water/unspecified;;;;93a60a56-a3c8-11da-a746-0800200b9a66;Mass;;kg;20aadc24-a391-41cf-b340-3e4529f44bde;kg
78eb9fd4-7dcd-3092-a478-07ee6a3d1411;e5a3dff5-72dc-5287-893c-597dd4a19566;1;Molybdenum;resources/in ground;;Molybdenum;Elementary flows/Resource/in ground;;;;93a60a56-a3c8-11da-a746-0800200b9a66;Mass;;kg;20aadc24-a391-41cf-b340-3e4529f44bde;kg
e1ddbe77-5cde-3282-bed0-952a1bea1c4c;06874cbb-2daf-4981-a55e-2c38be5b7277;1;Molybdenum, 0.010% in sulfide, Mo 8.2E-3% and Cu 1.83% in crude ore;resources/in ground;;Molybdenum, 0.010% in sulfide, Mo 8.2E-3% and Cu 1.83% in crude ore;Elementary flows/Resource/in ground;;;;93a60a56-a3c8-11da-a746-0800200b9a66;Mass;;kg;20aadc24-a391-41cf-b340-3e4529f44bde;kg
a5c71b65-45b1-3cd6-8fde-2f1da6c65635;5514ccd2-469f-4074-9905-529154e7f742;1;Molybdenum, 0.014% in sulfide, Mo 8.2E-3% and Cu 0.81% in crude ore;resources/in ground;;Molybdenum, 0.014% in sulfide, Mo 8.2E-3% and Cu 0.81% in crude ore;Elementary flows/Resource/in ground;;;;93a60a56-a3c8-11da-a746-0800200b9a66;Mass;;kg;20aadc24-a391-41cf-b340-3e4529f44bde;kg
87d4c39e-3dbb-38de-a3f6-1b896b0b5810;ac8571b8-b00b-479d-93cf-b9374feaee05;1;Molybdenum, 0.016% in sulfide, Mo 8.2E-3% and Cu 0.27% in crude ore;resources/in ground;;Molybdenum, 0.016% in sulfide, Mo 8.2E-3% and Cu 0.27% in crude ore;Elementary flows/Resource/in ground;;;;93a60a56-a3c8-11da-a746-0800200b9a66;Mass;;kg;20aadc24-a391-41cf-b340-3e4529f44bde;kg
727cc72f-0669-329d-a8b6-f81598d18c2c;a76cf135-2be1-4e53-9423-9211acd100f1;1;Molybdenum, 0.022% in sulfide, Mo 8.2E-3% and Cu 0.22% in crude ore;resources/in ground;;Molybdenum, 0.022% in sulfide, Mo 8.2E-3% and Cu 0.22% in crude ore;Elementary flows/Resource/in ground;;;;93a60a56-a3c8-11da-a746-0800200b9a66;Mass;;kg;20aadc24-a391-41cf-b340-3e4529f44bde;kg
c962f2b1-8134-3cde-b71a-159948371deb;30fed59d-d722-482f-be4f-f3d93bdd2527;1;Molybdenum, 0.022% in sulfide, Mo 8.2E-3% and Cu 0.36% in crude ore;resources/in ground;;Molybdenum, 0.022% in sulfide, Mo 8.2E-3% and Cu 0.36% in crude ore;Elementary flows/Resource/in ground;;;;93a60a56-a3c8-11da-a746-0800200b9a66;Mass;;kg;20aadc24-a391-41cf-b340-3e4529f44bde;kg
c9c7e553-70a1-3186-a2d1-dd4c53f9d581;719def62-0941-4264-bc54-97093d847d7a;1;Molybdenum, 0.025% in sulfide, Mo 8.2E-3% and Cu 0.39% in crude ore;resources/in ground;;Molybdenum, 0.025% in sulfide, Mo 8.2E-3% and Cu 0.39% in crude ore;Elementary flows/Resource/in ground;;;;93a60a56-a3c8-11da-a746-0800200b9a66;Mass;;kg;20aadc24-a391-41cf-b340-3e4529f44bde;kg
9e364be6-d59d-368c-9be3-834312d27177;7ca6314d-4ca2-49ab-b1a5-83811a3a9b1f;1;Molybdenum-99;emissions to water/river;;Molybdenum-99;Elementary flows/Emission to water/fresh water;;;;93a60a56-a3c8-17da-a746-0800200c9a66;Radioactivity;;kBq;e9773595-284e-46dd-9671-5fc9ff406833;kBq
724695d1-1c6b-3c00-91f3-739b0ecf5230;33456751-d78b-465d-8635-52d71e77cf54;1;Monocrotophos;emissions to soil/agricultural;;Monocrotophos;Elementary flows/Emission to soil/agricultural;;;;93a60a56-a3c8-11da-a746-0800200b9a66;Mass;;kg;20aadc24-a391-41cf-b340-3e4529f44bde;kg
a1c3d196-10c0-34d5-8227-2a1d9384900e;b9f74a13-1d9c-444e-ba61-1ea1abac70b7;1;Monoethanolamine;emissions to air/high. pop.;;Monoethanolamine;Elementary flows/Emission to air/high population density;;;;93a60a56-a3c8-11da-a746-0800200b9a66;Mass;;kg;20aadc24-a391-41cf-b340-3e4529f44bde;kg
0a28989c-9c9c-341a-8538-5ab887527542;9f550c00-0f0f-45e7-a29c-a450752d4c7a;1;Monoethanolamine;emissions to air/unspecified;;Monoethanolamine;Elementary flows/Emission to air/unspecified;;;;93a60a56-a3c8-11da-a746-0800200b9a66;Mass;;kg;20aadc24-a391-41cf-b340-3e4529f44bde;kg
03aa9653-36c5-30f3-a827-16ca9180ebac;ef4884eb-c75d-4ef8-9170-11b20401cbca;1;Monosodium acid methanearsonate;emissions to soil/agricultural;;MSMA;Elementary flows/Emission to soil/agricultural;;;;93a60a56-a3c8-11da-a746-0800200b9a66;Mass;;kg;20aadc24-a391-41cf-b340-3e4529f44bde;kg
f3bffb11-efe2-3d79-9b41-180099044219;10571d92-ea97-4ac6-adb6-b25893a631cb;1;m-Xylene;emissions to air/high. pop.;;m-Xylene;Elementary flows/Emission to air/high population density;;;;93a60a56-a3c8-11da-a746-0800200b9a66;Mass;;kg;20aadc24-a391-41cf-b340-3e4529f44bde;kg
dd8305a9-5ecd-3e98-b7d4-ee664b3e6ed8;d24f41d7-279e-4f5a-9ac9-00f726dc3bcc;1;m-Xylene;emissions to air/low. pop.;;m-Xylene;Elementary flows/Emission to air/low population density;;;;93a60a56-a3c8-11da-a746-0800200b9a66;Mass;;kg;20aadc24-a391-41cf-b340-3e4529f44bde;kg
2a9a8388-244f-3b6e-b8ed-fec35aa61740;cfdbc576-e8dc-44ef-bdf2-ddd7009ce57e;1;m-Xylene;emissions to air/unspecified;;m-Xylene;Elementary flows/Emission to air/unspecified;;;;93a60a56-a3c8-11da-a746-0800200b9a66;Mass;;kg;20aadc24-a391-41cf-b340-3e4529f44bde;kg
190e8880-1dd5-3ed2-bcc8-20d487bb3594;309785ae-645a-4541-b225-5422d73b21a6;1;m-Xylene;emissions to water/river;;m-Xylene;Elementary flows/Emission to water/fresh water;;;;93a60a56-a3c8-11da-a746-0800200b9a66;Mass;;kg;20aadc24-a391-41cf-b340-3e4529f44bde;kg
e39ef9e1-177d-31c4-aa45-4808b27905aa;feb813f2-ff76-4f52-a966-55297494de4a;1;m-Xylene;emissions to water/unspecified;;m-Xylene;Elementary flows/Emission to water/unspecified;;;;93a60a56-a3c8-11da-a746-0800200b9a66;Mass;;kg;20aadc24-a391-41cf-b340-3e4529f44bde;kg
af44fdff-225e-39f9-abe8-ae77b00246dc;3df4c2f4-c854-4493-b514-f2f3accdc307;1;Naphthalene;emissions to air/unspecified;;Naphthalene;Elementary flows/Emission to air/unspecified;;;;93a60a56-a3c8-11da-a746-0800200b9a66;Mass;;kg;20aadc24-a391-41cf-b340-3e4529f44bde;kg
a36b9d84-92f4-36d2-a03b-9fe0e411944f;3abc10f5-6d9c-4526-bcc4-d9819689084c;1;N-(2,3-dichloro-4-hydroxyphenyl)-1-methylcyclohexane-1-carboxamide;emissions to soil/agricultural;;N-(2,3-dichloro-4-hydroxyphenyl)-1-methylcyclohexane-1-carboxamide;Elementary flows/Emission to soil/agricultural;;;;93a60a56-a3c8-11da-a746-0800200b9a66;Mass;;kg;20aadc24-a391-41cf-b340-3e4529f44bde;kg
cf168f51-6bcb-387a-a55e-cb1d9f00744c;f72b4424-929b-4c74-99e4-60b0ad364995;1;Naled;emissions to soil/agricultural;;Naled;Elementary flows/Emission to soil/agricultural;;;;93a60a56-a3c8-11da-a746-0800200b9a66;Mass;;kg;20aadc24-a391-41cf-b340-3e4529f44bde;kg
542b17e9-348a-3dfb-9411-2fa196a1ed09;93e6ef92-1ef2-479c-a908-1b487af9cef7;1;Naphthalene;emissions to air/high. pop.;;Naphthalene;Elementary flows/Emission to air/high population density;;;;93a60a56-a3c8-11da-a746-0800200b9a66;Mass;;kg;20aadc24-a391-41cf-b340-3e4529f44bde;kg
3792e147-009d-33d2-a038-b8ff6e3a0b9b;db0c855c-e9ef-58d9-97cc-960e646fc882;1;Neodymium;resources/in ground;;Neodymium;Elementary flows/Resource/in ground;;;;93a60a56-a3c8-11da-a746-0800200b9a66;Mass;;kg;20aadc24-a391-41cf-b340-3e4529f44bde;kg
7c3a5ca7-8ab6-3256-814e-1c2c2ae26ed6;fe0acd60-3ddc-11dd-a9e5-0050c2490048;1;Naphthalene;emissions to water/ocean;;Naphthalene;Elementary flows/Emission to water/ocean;;;;93a60a56-a3c8-11da-a746-0800200b9a66;Mass;;kg;20aadc24-a391-41cf-b340-3e4529f44bde;kg
63106c29-376c-36ef-b64f-423683b81834;eb3a772f-958c-4b2e-8d0c-68d98459f70f;1;Naphthalene;emissions to water/river;;Naphthalene;Elementary flows/Emission to water/fresh water;;;;93a60a56-a3c8-11da-a746-0800200b9a66;Mass;;kg;20aadc24-a391-41cf-b340-3e4529f44bde;kg
e3c76017-3806-3be3-ba05-92d634b7f1a0;9122eb15-12c8-4621-a036-209f6c06e3fb;1;Napropamide;emissions to soil/agricultural;;Napropamide;Elementary flows/Emission to soil/agricultural;;;;93a60a56-a3c8-11da-a746-0800200b9a66;Mass;;kg;20aadc24-a391-41cf-b340-3e4529f44bde;kg
566ff4f9-6ef4-3db7-8f67-639e9e48935b;0545c382-2312-43b6-9ec3-63dbb1438565;1;Nickel;emissions to air/stratosphere + troposphere;;Nickel II;Elementary flows/Emission to air/lower stratosphere + upper troposphere;;;;93a60a56-a3c8-11da-a746-0800200b9a66;Mass;;kg;20aadc24-a391-41cf-b340-3e4529f44bde;kg
69cb030f-abc2-34cc-a181-37ceb0e02a2a;e43a270f-4f88-4789-a0b8-7aba56677743;1;Nickel;emissions to air/high. pop.;;Nickel II;Elementary flows/Emission to air/high population density;;;;93a60a56-a3c8-11da-a746-0800200b9a66;Mass;;kg;20aadc24-a391-41cf-b340-3e4529f44bde;kg
456ab6cb-c0be-36d1-ba0e-e0b55cb67565;e8fc62ba-678e-4706-97d2-b79d83e227d5;1;Nickel;emissions to air/low. pop.;;Nickel II;Elementary flows/Emission to air/low population density;;;;93a60a56-a3c8-11da-a746-0800200b9a66;Mass;;kg;20aadc24-a391-41cf-b340-3e4529f44bde;kg
5f440454-3a52-37c0-9292-b7171d8c0742;c89873de-cd23-4323-a948-f5cfeebd2fc9;1;Nickel;emissions to air/low. pop., long-term;;Nickel II;Elementary flows/Emission to air/low population density, long-term;;;;93a60a56-a3c8-11da-a746-0800200b9a66;Mass;;kg;20aadc24-a391-41cf-b340-3e4529f44bde;kg
88476ddb-fdc0-36fa-a869-5cdcb298197b;a5506f4b-113f-4713-95c3-c819dde6e48b;1;Nickel;emissions to air/unspecified;;Nickel II;Elementary flows/Emission to air/unspecified;;;;93a60a56-a3c8-11da-a746-0800200b9a66;Mass;;kg;20aadc24-a391-41cf-b340-3e4529f44bde;kg
1b7bde2f-7717-3053-ac5f-a4f63b1ef0a5;b4580545-243d-48d2-a3a0-2633a4f46fb1;1;Nickel;emissions to soil/agricultural;;Nickel II;Elementary flows/Emission to soil/agricultural;;;;93a60a56-a3c8-11da-a746-0800200b9a66;Mass;;kg;20aadc24-a391-41cf-b340-3e4529f44bde;kg
60f47e7b-6703-3d75-b357-0d86f48c48e7;2bcad3b3-5305-481c-a166-ad5e6eac2675;1;Nickel;emissions to soil/unspecified;;Nickel II;Elementary flows/Emission to soil/unspecified;;;;93a60a56-a3c8-11da-a746-0800200b9a66;Mass;;kg;20aadc24-a391-41cf-b340-3e4529f44bde;kg
180bb50f-f920-35f5-95c7-8abfedd81d49;a72a45ee-395a-4d25-b893-9d183e43e76e;1;Nickel;emissions to soil/industrial;;Nickel II;Elementary flows/Emission to soil/industrial;;;;93a60a56-a3c8-11da-a746-0800200b9a66;Mass;;kg;20aadc24-a391-41cf-b340-3e4529f44bde;kg
0afa5e21-197d-3c7b-bcd0-dd796b1f21c1;e030108f-2125-4bcb-a73b-ad72130fcca3;1;Nickel;emissions to water/groundwater;;Nickel II;Elementary flows/Emission to water/ground water;;;;93a60a56-a3c8-11da-a746-0800200b9a66;Mass;;kg;20aadc24-a391-41cf-b340-3e4529f44bde;kg
79a6e6d5-c5ad-395f-8a6c-8eb0cd150cbc;77b23aa4-9f0a-4d3f-8857-29ee054cdae1;1;Nickel;emissions to water/river;;Nickel II;Elementary flows/Emission to water/fresh water;;;;93a60a56-a3c8-11da-a746-0800200b9a66;Mass;;kg;20aadc24-a391-41cf-b340-3e4529f44bde;kg
8b14caea-bf9e-3a4d-8128-3b02721054aa;9f69cb8e-51fe-447b-a1ac-4da74de8ebe4;1;Nickel;emissions to water/groundwater, long-term;;Nickel II;Elementary flows/Emission to water/ground water, long-term;;;;93a60a56-a3c8-11da-a746-0800200b9a66;Mass;;kg;20aadc24-a391-41cf-b340-3e4529f44bde;kg
cef380ce-2636-3595-9c95-7c4d010f8de7;c742a8cc-6f9c-4742-879c-a18be0d6e5ad;1;Nickel;emissions to water/lake;;Nickel II;Elementary flows/Emission to water/lake;;;;93a60a56-a3c8-11da-a746-0800200b9a66;Mass;;kg;20aadc24-a391-41cf-b340-3e4529f44bde;kg
263c07f9-566c-3b88-b95d-6356a313d4d5;08a91e70-3ddc-11dd-96d0-0050c2490048;1;Nickel;emissions to water/ocean;;Nickel II;Elementary flows/Emission to water/ocean;;;;93a60a56-a3c8-11da-a746-0800200b9a66;Mass;;kg;20aadc24-a391-41cf-b340-3e4529f44bde;kg
fb2fe87e-4e0c-3539-b406-4f9517c07ce0;63e7fe55-8549-11e0-9d78-0800200c9a66;1;Nickel;emissions to water/unspecified;;Nickel II;Elementary flows/Emission to water/unspecified;;;;93a60a56-a3c8-11da-a746-0800200b9a66;Mass;;kg;20aadc24-a391-41cf-b340-3e4529f44bde;kg
345a0013-45b6-3a44-a6ca-aef3f81c64ab;e5ea66ee-28e2-4e9b-9a25-4414551d821c;1;Nitrogen;emissions to air/unspecified;;Nitrogen;Elementary flows/Emission to air/unspecified;;;;93a60a56-a3c8-11da-a746-0800200b9a66;Mass;;kg;20aadc24-a391-41cf-b340-3e4529f44bde;kg
abc6eef6-8544-39c1-8162-315c5fdfe433;e43a270f-4f88-4789-a0b8-7aba56677743;1;Nickel II;emissions to air/high. pop.;;Nickel II;Elementary flows/Emission to air/high population density;;;;93a60a56-a3c8-11da-a746-0800200b9a66;Mass;;kg;20aadc24-a391-41cf-b340-3e4529f44bde;kg
113024c5-e41b-3ff7-a15e-c59d46ed45b9;86c6e6cd-c2f5-4977-bad6-ce9cd48cf721;1;Nickel, 1.13% in sulfide, Ni 0.76% and Cu 0.76% in crude ore;resources/in ground;;Nickel, 1.13% in sulfide, Ni 0.76% and Cu 0.76% in crude ore;Elementary flows/Resource/in ground;;;;93a60a56-a3c8-11da-a746-0800200b9a66;Mass;;kg;20aadc24-a391-41cf-b340-3e4529f44bde;kg
c952a044-3ff2-355c-a08d-0e5342df2272;e47e4e5f-6528-413d-a8fb-1cd1875fbd73;1;Nickel, 1.98% in silicates, 1.04% in crude ore;resources/in ground;;Nickel, 1.98% in silicates, 1.04% in crude ore;Elementary flows/Resource/in ground;;;;93a60a56-a3c8-11da-a746-0800200b9a66;Mass;;kg;20aadc24-a391-41cf-b340-3e4529f44bde;kg
c1a18987-9d4c-3388-a3b4-e73681750a1c;e63d51b1-5e9d-3db8-8d1f-2b72a4010636;1;Nickel, Ni 2.3E+0%, Pt 2.5E-4%, Pd 7.3E-4%, Rh 2.0E-5%, Cu 3.2E+0% in ore;resources/in ground;;Nickel, Ni 2.3E+0%, Pt 2.5E-4%, Pd 7.3E-4%, Rh 2.0E-5%, Cu 3.2E+0% in ore;Elementary flows/Resource/unspecified;;;;93a60a56-a3c8-11da-a746-0800200b9a66;Mass;;kg;20aadc24-a391-41cf-b340-3e4529f44bde;kg
9e829948-212f-315a-9f79-a24fe4374bba;17f04213-ecb8-3561-aac6-0fdb3295777a;1;Nickel, Ni 3.7E-2%, Pt 4.8E-4%, Pd 2.0E-4%, Rh 2.4E-5%, Cu 5.2E-2% in ore;resources/in ground;;Nickel, Ni 3.7E-2%, Pt 4.8E-4%, Pd 2.0E-4%, Rh 2.4E-5%, Cu 5.2E-2% in ore;Elementary flows/Resource/in ground;;;;93a60a56-a3c8-11da-a746-0800200b9a66;Mass;;kg;20aadc24-a391-41cf-b340-3e4529f44bde;kg
7b37e135-8c24-3e11-bbc2-f94f7be832a5;ff48fd98-bbf2-3488-ad4c-7dfbc5474ed9;1;Nickel, resource correction;resources/in ground;;Nickel, resource correction;Elementary flows/Resource/unspecified;;;;93a60a56-a3c8-11da-a746-0800200b9a66;Mass;;kg;20aadc24-a391-41cf-b340-3e4529f44bde;kg
c69ce450-f2e1-35f5-910e-0350a16da2a5;504672ba-784f-4c87-bf3e-ede17992e4a2;1;Nicosulfuron;emissions to soil/agricultural;;Nicosulfuron;Elementary flows/Emission to soil/agricultural;;;;93a60a56-a3c8-11da-a746-0800200b9a66;Mass;;kg;20aadc24-a391-41cf-b340-3e4529f44bde;kg
d4f3fb52-c05d-33e9-a46a-f12a5bcd7e74;6f1e995b-5915-4363-bd2c-d1e76ee446e0;1;Niobium-95;emissions to air/low. pop.;;Niobium-95;Elementary flows/Emission to air/low population density;;;;93a60a56-a3c8-17da-a746-0800200c9a66;Radioactivity;;kBq;e9773595-284e-46dd-9671-5fc9ff406833;kBq
ce7b86cb-8e3d-35df-b542-faa8f647dc01;8f4c51d1-8cb0-4c6e-8da4-0aae01c5bd64;1;Niobium-95;emissions to water/river;;Niobium-95;Elementary flows/Emission to water/fresh water;;;;93a60a56-a3c8-17da-a746-0800200c9a66;Radioactivity;;kBq;e9773595-284e-46dd-9671-5fc9ff406833;kBq
45e6aa97-45f0-375e-bcc1-162ce0f6b1ea;15ca802b-f541-44aa-bd33-35560a053193;1;Nitrate;emissions to air/high. pop.;;Nitrate;Elementary flows/Emission to air/high population density;;;;93a60a56-a3c8-11da-a746-0800200b9a66;Mass;;kg;20aadc24-a391-41cf-b340-3e4529f44bde;kg
02848138-357b-375e-bfdb-c3e8b2106273;cbd70647-6237-462a-9d01-d197a8b08506;1;Nitrate;emissions to air/low. pop.;;Nitrate;Elementary flows/Emission to air/low population density;;;;93a60a56-a3c8-11da-a746-0800200b9a66;Mass;;kg;20aadc24-a391-41cf-b340-3e4529f44bde;kg
11fe4b5d-3d0b-3de3-8e3d-0e7011ef488e;205617ae-ebc5-4245-8df6-8710d5d40615;1;Nitrate;emissions to air/low. pop., long-term;;Nitrate;Elementary flows/Emission to air/low population density, long-term;;;;93a60a56-a3c8-11da-a746-0800200b9a66;Mass;;kg;20aadc24-a391-41cf-b340-3e4529f44bde;kg
abcd913a-6d0a-305c-a271-85137fc85761;5e7cf95c-9cc3-4479-89af-55377b3db99c;1;Nitrate;emissions to air/unspecified;;Nitrate;Elementary flows/Emission to air/unspecified;;;;93a60a56-a3c8-11da-a746-0800200b9a66;Mass;;kg;20aadc24-a391-41cf-b340-3e4529f44bde;kg
b5f643da-6026-3fc9-bb97-3b07ef021159;02d76658-26bd-4b75-b52e-f1db3139d7a4;1;Nitrate;emissions to soil/industrial;;Nitrate;Elementary flows/Emission to soil/industrial;;;;93a60a56-a3c8-11da-a746-0800200b9a66;Mass;;kg;20aadc24-a391-41cf-b340-3e4529f44bde;kg
b3e5cfb0-a666-3f75-a4f9-2f913217e77f;774c181d-18a7-4096-aa99-56801ef6b909;1;Nitrate;emissions to soil/unspecified;;Nitrate;Elementary flows/Emission to soil/unspecified;;;;93a60a56-a3c8-11da-a746-0800200b9a66;Mass;;kg;20aadc24-a391-41cf-b340-3e4529f44bde;kg
ef928ad0-6c24-3f05-84a2-583ed2c16b24;b9291c72-4b1d-4275-8068-4c707dc3ce33;1;Nitrate;emissions to water/groundwater;;Nitrate;Elementary flows/Emission to water/ground water;;;;93a60a56-a3c8-11da-a746-0800200b9a66;Mass;;kg;20aadc24-a391-41cf-b340-3e4529f44bde;kg
ccd3daff-431a-36d7-be08-d0410f767b17;b61057a3-a0bc-4158-882e-b819c4797419;1;Nitrate;emissions to water/groundwater, long-term;;Nitrate;Elementary flows/Emission to water/ground water, long-term;;;;93a60a56-a3c8-11da-a746-0800200b9a66;Mass;;kg;20aadc24-a391-41cf-b340-3e4529f44bde;kg
f9878578-cbcb-3b6c-a69b-9cbbcee2be8a;2ccfa703-d0fe-4d27-9220-ba5ef2e97c6e;1;Nitrate;emissions to water/lake;;Nitrate;Elementary flows/Emission to water/lake;;;;93a60a56-a3c8-11da-a746-0800200b9a66;Mass;;kg;20aadc24-a391-41cf-b340-3e4529f44bde;kg
d85ba4dd-6d5b-3a22-bc2e-f12be44ab96d;43c700bb-0b3b-4fb1-8bd1-3d1da82b6844;1;Nitrate;emissions to water/ocean;;Nitrate;Elementary flows/Emission to water/ocean;;;;93a60a56-a3c8-11da-a746-0800200b9a66;Mass;;kg;20aadc24-a391-41cf-b340-3e4529f44bde;kg
7a444bc6-2ce6-3571-869d-ccbb047cea1e;180520a0-34e8-4058-bac9-27cbbb32c527;1;Nitrate;emissions to water/river;;Nitrate;Elementary flows/Emission to water/fresh water;;;;93a60a56-a3c8-11da-a746-0800200b9a66;Mass;;kg;20aadc24-a391-41cf-b340-3e4529f44bde;kg
f87f9373-1748-36b9-a496-ff69951438d3;5189de76-6bbb-44ba-8c42-5714f1b4371f;1;Nitrate;emissions to water/unspecified;;Nitrate;Elementary flows/Emission to water/unspecified;;;;93a60a56-a3c8-11da-a746-0800200b9a66;Mass;;kg;20aadc24-a391-41cf-b340-3e4529f44bde;kg
35ae537f-4eb2-3daf-bc82-3f56428bf572;37d014cb-8c2d-4c98-ab5c-2d4550822c2f;1;Nitric acid;emissions to air/high. pop.;;Nitric acid;Elementary flows/Emission to air/high population density;;;;93a60a56-a3c8-11da-a746-0800200b9a66;Mass;;kg;20aadc24-a391-41cf-b340-3e4529f44bde;kg
73e466bc-d6d6-3c7b-8ebe-db769b9b0f16;878e2773-1894-46c9-8fff-e19ba327f680;1;Nitric acid;emissions to water/unspecified;;Nitric acid;Elementary flows/Emission to water/unspecified;;;;93a60a56-a3c8-11da-a746-0800200b9a66;Mass;;kg;20aadc24-a391-41cf-b340-3e4529f44bde;kg
0f60330d-c7df-3171-82a3-96c6b60f98e6;f5d022f1-c26d-4044-ac88-d7c5bbff83c4;1;Nitrite;emissions to water/groundwater, long-term;;Nitrite;Elementary flows/Emission to water/ground water, long-term;;;;93a60a56-a3c8-11da-a746-0800200b9a66;Mass;;kg;20aadc24-a391-41cf-b340-3e4529f44bde;kg
bc015f42-9adc-37d7-b183-26258b3096a7;2f19a0af-a516-4f89-88ba-4c6b7cd52650;1;Nitrite;emissions to water/ocean;;Nitrite;Elementary flows/Emission to water/ocean;;;;93a60a56-a3c8-11da-a746-0800200b9a66;Mass;;kg;20aadc24-a391-41cf-b340-3e4529f44bde;kg
c677dd55-f234-3131-8c2a-f6f1ca424c5c;09257c34-f323-436a-81be-ef90e9171ed2;1;Nitrite;emissions to water/river;;Nitrite;Elementary flows/Emission to water/fresh water;;;;93a60a56-a3c8-11da-a746-0800200b9a66;Mass;;kg;20aadc24-a391-41cf-b340-3e4529f44bde;kg
a3233e69-9280-3356-a4b6-f57267b0af88;9f5bfac4-cbb6-4b38-afb9-cf563fc5ca15;1;Nitrite;emissions to water/unspecified;;Nitrite;Elementary flows/Emission to water/unspecified;;;;93a60a56-a3c8-11da-a746-0800200b9a66;Mass;;kg;20aadc24-a391-41cf-b340-3e4529f44bde;kg
4b7c6973-fd08-3390-b93f-ca1e26951838;1753af55-cfa1-4fb2-a059-33594a759982;1;Nitrobenzene;emissions to air/high. pop.;;Nitrobenzene;Elementary flows/Emission to air/high population density;;;;93a60a56-a3c8-11da-a746-0800200b9a66;Mass;;kg;20aadc24-a391-41cf-b340-3e4529f44bde;kg
e969be38-8a4f-3fe0-965b-658af49341bc;3be7ab07-a4fd-4d32-a31f-134d2c5b5143;1;Nitrobenzene;emissions to air/unspecified;;Nitrobenzene;Elementary flows/Emission to air/unspecified;;;;93a60a56-a3c8-11da-a746-0800200b9a66;Mass;;kg;20aadc24-a391-41cf-b340-3e4529f44bde;kg
6a748094-32a3-3a2a-8a2d-a869605b5be1;e3d5f160-6ed6-4d63-b0f4-2e1f05b9a590;1;Nitrobenzene;emissions to water/river;;Nitrobenzene;Elementary flows/Emission to water/fresh water;;;;93a60a56-a3c8-11da-a746-0800200b9a66;Mass;;kg;20aadc24-a391-41cf-b340-3e4529f44bde;kg
d730927b-21c6-3931-93dd-d736ebee705c;183aa819-941d-48b4-9d47-7e725d1813bb;1;Nitrobenzene;emissions to water/unspecified;;Nitrobenzene;Elementary flows/Emission to water/unspecified;;;;93a60a56-a3c8-11da-a746-0800200b9a66;Mass;;kg;20aadc24-a391-41cf-b340-3e4529f44bde;kg
65f63ad9-674e-3e36-bdad-87d4767be98f;c5aafa60-495c-461c-a1d4-b262a34c45b9;1;Occupation, annual crop;resources/land;;Occupation, annual crop;Elementary flows/Resource/land;;;;93a60a56-a3c8-21da-a746-0800200c9a66;Area*Time;;m2a;c7266b67-4ea2-457f-b391-9b94e26e195a;m2*a
70a69f57-6b03-3683-956c-3ffdb55135e2;7ce704ce-2a44-448b-b198-f00bf5928b4b;1;Nitrogen;emissions to soil/agricultural;;Nitrogen;Elementary flows/Emission to soil/agricultural;;;;93a60a56-a3c8-11da-a746-0800200b9a66;Mass;;kg;20aadc24-a391-41cf-b340-3e4529f44bde;kg
2fc556b9-5b45-37d7-9b1a-6f6a8975854e;eadc37a4-8b1e-4dd2-8f4a-39d89d5f39ba;1;Nitrogen;emissions to soil/industrial;;Nitrogen;Elementary flows/Emission to soil/industrial;;;;93a60a56-a3c8-11da-a746-0800200b9a66;Mass;;kg;20aadc24-a391-41cf-b340-3e4529f44bde;kg
e8444172-5650-3600-bc49-f124f70689a6;996829cc-2d40-418a-beda-7c50399952f9;1;Nitrogen;emissions to water/ocean;;Nitrogen;Elementary flows/Emission to water/ocean;;;;93a60a56-a3c8-11da-a746-0800200b9a66;Mass;;kg;20aadc24-a391-41cf-b340-3e4529f44bde;kg
faa90860-e96a-3b5b-a093-3abb150175a1;14855254-9651-473b-92a2-1d0e4438ddbd;1;Nitrogen;emissions to water/river;;Nitrogen;Elementary flows/Emission to water/fresh water;;;;93a60a56-a3c8-11da-a746-0800200b9a66;Mass;;kg;20aadc24-a391-41cf-b340-3e4529f44bde;kg
00bccf68-135f-36d0-966e-1f14050b53ee;dcfe0815-6fa3-4e1d-a55e-155b29904f1d;1;Nitrogen;emissions to water/unspecified;;Nitrogen;Elementary flows/Emission to water/unspecified;;;;93a60a56-a3c8-11da-a746-0800200b9a66;Mass;;kg;20aadc24-a391-41cf-b340-3e4529f44bde;kg
98a15eed-1e8f-328f-94e9-09688dbc34ea;1b8d1b12-8538-11e0-9d78-0800200c9a66;1;Nitrogen;resources/in air;;Nitrogen;Elementary flows/Resource/in air;;;;93a60a56-a3c8-11da-a746-0800200b9a66;Mass;;kg;20aadc24-a391-41cf-b340-3e4529f44bde;kg
e981d46c-18fa-3319-b6d5-08ef60ecf106;0b7e10a8-6ca0-4a50-a39b-f2a019cb3610;1;Nitrogen dioxide;emissions to air/unspecified;;Nitrogen dioxide;Elementary flows/Emission to air/unspecified;;;;93a60a56-a3c8-11da-a746-0800200b9a66;Mass;;kg;20aadc24-a391-41cf-b340-3e4529f44bde;kg
3ba5d219-3237-36cb-a1b1-ff4131c355a5;0b7e10a8-6ca0-4a50-a39b-f2a019cb3610;1;Nitrogen dioxide, RAF;emissions to air/unspecified;;Nitrogen dioxide;Elementary flows/Emission to air/unspecified;;;;93a60a56-a3c8-11da-a746-0800200b9a66;Mass;;kg;20aadc24-a391-41cf-b340-3e4529f44bde;kg
197fc558-9c7a-3bd0-b6bd-db013b1ec9ee;1fdc280a-34d3-4513-b110-3f526b17c443;1;Nitrogen fluoride;emissions to air/high. pop.;;Nitrogen fluoride;Elementary flows/Emission to air/high population density;;;;93a60a56-a3c8-11da-a746-0800200b9a66;Mass;;kg;20aadc24-a391-41cf-b340-3e4529f44bde;kg
06643bbe-aa18-3f50-9fff-160dd62677b3;e79e03c3-5b19-45f6-b3f3-bf710c6663d2;1;Nitrogen fluoride;emissions to air/unspecified;;Nitrogen fluoride;Elementary flows/Emission to air/unspecified;;;;93a60a56-a3c8-11da-a746-0800200b9a66;Mass;;kg;20aadc24-a391-41cf-b340-3e4529f44bde;kg
cd1dca34-7fba-30fe-91a6-4c627b648a8c;08a91e70-3ddc-11dd-96ee-0050c2490048;1;Nitrogen monoxide;emissions to air/unspecified;;Nitrogen monoxide;Elementary flows/Emission to air/unspecified;;;;93a60a56-a3c8-11da-a746-0800200b9a66;Mass;;kg;20aadc24-a391-41cf-b340-3e4529f44bde;kg
2b5925ae-b7f2-3ba4-912a-70014f35514d;d068f3e2-b033-417b-a359-ca4f25da9731;1;Nitrogen oxides;emissions to air/high. pop.;;Nitrogen oxides;Elementary flows/Emission to air/high population density;;;;93a60a56-a3c8-11da-a746-0800200b9a66;Mass;;kg;20aadc24-a391-41cf-b340-3e4529f44bde;kg
6a9cbc87-1583-3b4b-a75c-8cceb4991833;77357947-ccc5-438e-9996-95e65e1e1bce;1;Nitrogen oxides;emissions to air/low. pop.;;Nitrogen oxides;Elementary flows/Emission to air/low population density;;;;93a60a56-a3c8-11da-a746-0800200b9a66;Mass;;kg;20aadc24-a391-41cf-b340-3e4529f44bde;kg
80271a2f-fc93-3ea3-9122-8d24264932fe;4841a0fe-c250-4a39-94a1-1bc31426c0f1;1;Nitrogen oxides;emissions to air/stratosphere + troposphere;;Nitrogen oxides;Elementary flows/Emission to air/lower stratosphere + upper troposphere;;;;93a60a56-a3c8-11da-a746-0800200b9a66;Mass;;kg;20aadc24-a391-41cf-b340-3e4529f44bde;kg
bf218599-6e7f-3d48-89fb-decfe3dc641a;c1b91234-6f24-417b-8309-46111d09c457;1;Nitrogen oxides;emissions to air/unspecified;;Nitrogen oxides;Elementary flows/Emission to air/unspecified;;;;93a60a56-a3c8-11da-a746-0800200b9a66;Mass;;kg;20aadc24-a391-41cf-b340-3e4529f44bde;kg
8605f919-10c0-3006-8d0b-1091205d2e86;15cfc784-a719-4230-ad2e-f4104d56c427;1;Nitrogen, organic bound;emissions to water/groundwater, long-term;;Nitrogen, organic bound;Elementary flows/Emission to water/ground water, long-term;;;;93a60a56-a3c8-11da-a746-0800200b9a66;Mass;;kg;20aadc24-a391-41cf-b340-3e4529f44bde;kg
988fd566-2eee-3855-86de-8b303939e383;77c7dcf8-1d10-4725-9f8f-bcdccaed0836;1;Nitrogen, organic bound;emissions to water/ocean;;Nitrogen, organic bound;Elementary flows/Emission to water/ocean;;;;93a60a56-a3c8-11da-a746-0800200b9a66;Mass;;kg;20aadc24-a391-41cf-b340-3e4529f44bde;kg
7b32ff74-e3db-3b0b-99a1-665ee60d91ac;2732c215-d02a-4f48-84c5-c18ab6143d1d;1;Nitrogen, organic bound;emissions to water/river;;Nitrogen, organic bound;Elementary flows/Emission to water/fresh water;;;;93a60a56-a3c8-11da-a746-0800200b9a66;Mass;;kg;20aadc24-a391-41cf-b340-3e4529f44bde;kg
14cdaf6b-c285-32f7-af6e-343ce29a9c1c;a703733d-fabc-487b-826a-06c11ac4c0c6;1;Nitrogen, organic bound;emissions to water/unspecified;;Nitrogen, organic bound;Elementary flows/Emission to water/unspecified;;;;93a60a56-a3c8-11da-a746-0800200b9a66;Mass;;kg;20aadc24-a391-41cf-b340-3e4529f44bde;kg
fe63a3c9-312a-355a-a34c-df3073d24dba;175baa64-d985-4c5e-84ef-67cc3a1cf952;1;NMVOC, non-methane volatile organic compounds;emissions to air/high. pop.;;NMVOC, non-methane volatile organic compounds;Elementary flows/Emission to air/high population density;;;;93a60a56-a3c8-11da-a746-0800200b9a66;Mass;;kg;20aadc24-a391-41cf-b340-3e4529f44bde;kg
d7c040be-828d-3a61-95c7-e65354860279;175baa64-d985-4c5e-84ef-67cc3a1cf952;1;NMVOC, non-methane volatile organic compounds, unspecified origin;emissions to air/high. pop.;;NMVOC, non-methane volatile organic compounds;Elementary flows/Emission to air/high population density;;;;93a60a56-a3c8-11da-a746-0800200b9a66;Mass;;kg;20aadc24-a391-41cf-b340-3e4529f44bde;kg
32ed320a-67c5-3a69-867c-fd0366558ab0;33b38ccb-593b-4b11-b965-10d747ba3556;1;NMVOC, non-methane volatile organic compounds, unspecified origin;emissions to air/low. pop.;;NMVOC, non-methane volatile organic compounds;Elementary flows/Emission to air/low population density;;;;93a60a56-a3c8-11da-a746-0800200b9a66;Mass;;kg;20aadc24-a391-41cf-b340-3e4529f44bde;kg
24a787c2-40c9-3442-a5f1-e8f6b33cdc99;36c96aed-9335-4564-8cdd-46f01a13700c;1;NMVOC, non-methane volatile organic compounds, unspecified origin;emissions to air/stratosphere + troposphere;;NMVOC, non-methane volatile organic compounds;Elementary flows/Emission to air/lower stratosphere + upper troposphere;;;;93a60a56-a3c8-11da-a746-0800200b9a66;Mass;;kg;20aadc24-a391-41cf-b340-3e4529f44bde;kg
8228d917-a5ba-34c6-9559-0659c7384c55;d3260d0e-8203-4cbb-a45a-6a13131a5108;1;NMVOC, non-methane volatile organic compounds, unspecified origin;emissions to air/unspecified;;NMVOC, non-methane volatile organic compounds;Elementary flows/Emission to air/unspecified;;;;93a60a56-a3c8-11da-a746-0800200b9a66;Mass;;kg;20aadc24-a391-41cf-b340-3e4529f44bde;kg
71ac1fef-c292-3a2f-b016-7501ede3f5df;bd64a010-0115-47ca-942f-cbdac1d26b87;1;Noble gases, radioactive, unspecified;emissions to air/low. pop.;;Noble gases, radioactive, unspecified;Elementary flows/Emission to air/low population density;;;;93a60a56-a3c8-17da-a746-0800200c9a66;Radioactivity;;kBq;e9773595-284e-46dd-9671-5fc9ff406833;kBq
7f437c0f-27b3-3426-a8be-86d1f2360ece;1dc23713-5d50-3df2-9d1e-7701fa59fa39;1;N-octane;emissions to air/unspecified;;N-octane;Elementary flows/Emission to air/unspecified;;;;93a60a56-a3c8-11da-a746-0800200b9a66;Mass;;kg;20aadc24-a391-41cf-b340-3e4529f44bde;kg
27ebad4d-7a7e-3c07-8378-5febba5bf84b;fc4dbb89-5363-37ee-bbac-7a8d0bf53426;1;Noise, aircraft, freight;non material emissions/unspecified;;Noise, aircraft, freight;Elementary flows/Immaterial emission/unspecified;;;;838aaa20-0117-11db-92e3-0800200c9a66;Mass transport;;tkm;;t*km
ab25d82c-2859-3e97-b038-a6d57ab6e55e;e0a1cf01-4d3a-3333-bb55-33dafa357fd3;1;Noise, aircraft, passenger;non material emissions/unspecified;;Noise, aircraft, passenger;Elementary flows/Immaterial emission/unspecified;;;;8766e10f-9f41-4db0-8173-ad0d002a5b98;Person transport;;personkm;;p*km
946c9eb8-95fe-3311-80cf-a2446a320ef1;c24e2dc2-b141-376b-b4da-5d3d3b35c768;1;Noise, rail, freight train;non material emissions/unspecified;;Noise, rail, freight train;Elementary flows/Immaterial emission/unspecified;;;;838aaa20-0117-11db-92e3-0800200c9a66;Mass transport;;tkm;;t*km
9729db4c-e2ca-3746-8825-a8d69b1f64ae;dc398ffd-a5a1-3803-9b09-fb9ea5304d18;1;Noise, rail, passenger train, average;non material emissions/unspecified;;Noise, rail, passenger train, average;Elementary flows/Immaterial emission/unspecified;;;;8766e10f-9f41-4db0-8173-ad0d002a5b98;Person transport;;personkm;;p*km
8067c24f-e7c4-30f8-8d8b-fd93a9cb5294;307a17c2-6434-3cf4-9527-2bd1c2288f3e;1000;Noise, road, lorry, average;non material emissions/unspecified;;Noise, road, lorry, average;Elementary flows/Immaterial emission/unspecified;;;;838aaa23-0117-11db-92e3-0800200c9a66;Length;;km;;m
15542396-8d25-3148-bcdb-3092214e2e12;6fa59153-aeea-33db-89a5-dc8f2672908b;1000;Noise, road, passenger car, average;non material emissions/unspecified;;Noise, road, passenger car, average;Elementary flows/Immaterial emission/unspecified;;;;838aaa23-0117-11db-92e3-0800200c9a66;Length;;km;;m
1d2078eb-1b3f-3d36-8d1a-3af63515b9a5;50f05f8e-a062-4298-a805-0f230ef6ff5d;1;Norflurazon;emissions to soil/agricultural;;Norflurazon;Elementary flows/Emission to soil/agricultural;;;;93a60a56-a3c8-11da-a746-0800200b9a66;Mass;;kg;20aadc24-a391-41cf-b340-3e4529f44bde;kg
4d56833c-05f3-398f-b635-1c815c81cc48;5dbd8205-fa09-3895-90d3-5e1d7406c179;1;Occupation, agriculture;resources/land;;Occupation, agriculture;Elementary flows/Resource/land;;;;93a60a56-a3c8-21da-a746-0800200c9a66;Area*Time;;m2a;c7266b67-4ea2-457f-b391-9b94e26e195a;m2*a
731451ff-8ecc-35ac-b39d-56302dc95a85;310b68ea-1ea1-385f-add3-b49c49ac7293;1;Occupation, agriculture, mosaic;resources/land;;Occupation, agriculture, mosaic;Elementary flows/Resource/unspecified;;;;93a60a56-a3c8-21da-a746-0800200c9a66;Area*Time;;m2a;c7266b67-4ea2-457f-b391-9b94e26e195a;m2*a
d2402ef9-9df1-3556-99fe-b24b62b6acba;b91d0527-9a01-4a86-b420-c62b70629ba4;1;Occupation, forest, unspecified;resources/land;;Occupation, forest, unspecified;Elementary flows/Resource/land;;;;93a60a56-a3c8-21da-a746-0800200c9a66;Area*Time;;m2a;c7266b67-4ea2-457f-b391-9b94e26e195a;m2*a
9769556b-f640-37b8-9247-472094a03aef;c4a82f46-381f-474c-a362-3363064b9c33;1;Occupation, annual crop, irrigated;resources/unspecified;;Occupation, annual crop, irrigated;Elementary flows/Resource/land;;;;93a60a56-a3c8-21da-a746-0800200c9a66;Area*Time;;m2a;c7266b67-4ea2-457f-b391-9b94e26e195a;m2*a
66428544-c5cb-3e1c-aefa-11483b64ab4b;a6889a22-e99e-42ea-85cd-4a68d7975dcd;1;Occupation, annual crop, non-irrigated;resources/land;;Occupation, annual crop, non-irrigated;Elementary flows/Resource/land;;;;93a60a56-a3c8-21da-a746-0800200c9a66;Area*Time;;m2a;c7266b67-4ea2-457f-b391-9b94e26e195a;m2*a
a993cc0e-a526-35b9-bf50-0e86d282749d;04eb6f40-8671-3a31-b27b-ef82f04be46f;1;Occupation, annual crop, non-irrigated, diverse-intensive;resources/land;;Occupation, annual crop, non-irrigated, diverse-intensive;Elementary flows/Resource/land;;;;93a60a56-a3c8-21da-a746-0800200c9a66;Area*Time;;m2a;c7266b67-4ea2-457f-b391-9b94e26e195a;m2*a
e80f6266-a919-32f5-aae8-ca9db661630d;e063ee9c-9850-42b5-b01e-4cc9b5ad7152;1;Occupation, annual crop, non-irrigated, intensive;resources/unspecified;;Occupation, annual crop, non-irrigated, intensive;Elementary flows/Resource/land;;;;93a60a56-a3c8-21da-a746-0800200c9a66;Area*Time;;m2a;c7266b67-4ea2-457f-b391-9b94e26e195a;m2*a
78543b23-0015-369b-8068-0be863a5a405;23309f61-c8db-3224-abcc-d65ae4800611;1;Occupation, annual crop, organic;resources/land;;Occupation, annual crop, organic;Elementary flows/Resource/land;;;;93a60a56-a3c8-21da-a746-0800200c9a66;Area*Time;;m2a;c7266b67-4ea2-457f-b391-9b94e26e195a;m2*a
cd4627dd-6fdd-30b0-b994-6c2b2eb05a17;4b6b9b76-3199-4bd0-b11d-f8f2efbeac4e;1;Occupation, construction site;resources/land;;Occupation, construction site;Elementary flows/Resource/land;;;;93a60a56-a3c8-21da-a746-0800200c9a66;Area*Time;;m2a;c7266b67-4ea2-457f-b391-9b94e26e195a;m2*a
07890da8-59d2-358f-93c4-5b1733a178d9;1eaa9ea4-40b8-414a-b198-5626400372e1;1;Occupation, dump site;resources/land;;Occupation, dump site;Elementary flows/Resource/land;;;;93a60a56-a3c8-21da-a746-0800200c9a66;Area*Time;;m2a;c7266b67-4ea2-457f-b391-9b94e26e195a;m2*a
49f96388-890d-3d75-a868-68ae97aa6c8e;c033dd2f-87a4-435d-a7cb-477b15310066;1;Occupation, dump site, benthos;resources/land;;Occupation, dump site, benthos;Elementary flows/Resource/unspecified;;;;93a60a56-a3c8-21da-a746-0800200c9a66;Area*Time;;m2a;c7266b67-4ea2-457f-b391-9b94e26e195a;m2*a
8db62ba3-0ecb-364b-95d6-f63af826cc95;2925111b-3464-4e34-9d02-b73c1c033e91;1;Occupation, forest, extensive;resources/unspecified;;Occupation, forest, extensive;Elementary flows/Resource/land;;;;93a60a56-a3c8-21da-a746-0800200c9a66;Area*Time;;m2a;c7266b67-4ea2-457f-b391-9b94e26e195a;m2*a
6b3fa3a5-b492-3d30-8c0a-a03b98ef05c9;aca1714f-0040-4a65-a73a-0e38aa9f50f4;1;Occupation, forest, intensive;resources/land;;Occupation, forest, intensive;Elementary flows/Resource/land;;;;93a60a56-a3c8-21da-a746-0800200c9a66;Area*Time;;m2a;c7266b67-4ea2-457f-b391-9b94e26e195a;m2*a
5baf46d8-100f-38c3-8c0e-6575ebbf5574;fc924940-e7cd-3238-9d9c-cdb1b59c6aec;1;Occupation, forest, intensive, normal;resources/land;;Occupation, forest, intensive, normal;Elementary flows/Resource/land;;;;93a60a56-a3c8-21da-a746-0800200c9a66;Area*Time;;m2a;c7266b67-4ea2-457f-b391-9b94e26e195a;m2*a
9651a9de-72ad-302f-a30e-b0b1279bd431;bafff3e8-f51e-42d6-8924-dcab1098c8ef;1;Occupation, forest, intensive, short-cycle;resources/land;;Occupation, forest, intensive, short-cycle;Elementary flows/Resource/land;;;;93a60a56-a3c8-21da-a746-0800200c9a66;Area*Time;;m2a;c7266b67-4ea2-457f-b391-9b94e26e195a;m2*a
cc91a60a-8700-3032-9040-d2c05e36020d;fe9c3a98-a6d2-452d-a9a4-a13e64f1b95b;1;Occupation, industrial area;resources/land;;Occupation, industrial area;Elementary flows/Resource/land;;;;93a60a56-a3c8-21da-a746-0800200c9a66;Area*Time;;m2a;c7266b67-4ea2-457f-b391-9b94e26e195a;m2*a
12e01d52-143c-3c3c-9683-ea960a9e3938;b91d0527-9a01-4a86-b420-c62b70629ba4;1;Occupation, forest, unspecified;resources/unspecified;;Occupation, forest, unspecified;Elementary flows/Resource/land;;;;93a60a56-a3c8-21da-a746-0800200c9a66;Area*Time;;m2a;c7266b67-4ea2-457f-b391-9b94e26e195a;m2*a
b746a6e9-b1ad-317a-afbf-02b0869ace77;69c7d771-04fc-499e-84f8-6c7b923b8ced;1;Occupation, heterogeneous, agricultural;resources/land;;Occupation, heterogeneous, agricultural;Elementary flows/Resource/land;;;;93a60a56-a3c8-21da-a746-0800200c9a66;Area*Time;;m2a;c7266b67-4ea2-457f-b391-9b94e26e195a;m2*a
8d515def-41ee-3355-b11e-6966fc7b7abb;fe9c3a98-a6d2-452d-a9a4-a13e64f1b95b;1;Occupation, industrial area;resources/in ground;;Occupation, industrial area;Elementary flows/Resource/land;;;;93a60a56-a3c8-21da-a746-0800200c9a66;Area*Time;;m2a;c7266b67-4ea2-457f-b391-9b94e26e195a;m2*a
2a5f09e8-3091-35ab-9b94-c18e4ee879f7;9db06277-b6d9-4c48-8cfb-de342e928a50;1;Occupation, seabed, infrastructure;resources/land;;Occupation, seabed, infrastructure;Elementary flows/Resource/land;;;;93a60a56-a3c8-21da-a746-0800200c9a66;Area*Time;;m2a;c7266b67-4ea2-457f-b391-9b94e26e195a;m2*a
cf99b832-7e50-3b59-8c21-65f761fda9af;fe9c3a98-a6d2-452d-a9a4-a13e64f1b95b;1;Occupation, industrial area;resources/unspecified;;Occupation, industrial area;Elementary flows/Resource/land;;;;93a60a56-a3c8-21da-a746-0800200c9a66;Area*Time;;m2a;c7266b67-4ea2-457f-b391-9b94e26e195a;m2*a
03d5ef4f-1e8c-3081-b007-a3cb0297221e;b0828a29-0261-4a12-a5d3-9e72c7e89619;1;Occupation, industrial area, benthos;resources/land;;Occupation, industrial area, benthos;Elementary flows/Resource/unspecified;;;;93a60a56-a3c8-21da-a746-0800200c9a66;Area*Time;;m2a;c7266b67-4ea2-457f-b391-9b94e26e195a;m2*a
da00ae52-4e46-3269-a02b-3e21807ddf24;cf39ec61-e779-4614-97b7-ec622556040d;1;Occupation, industrial area, built up;resources/land;;Occupation, industrial area, built up;Elementary flows/Resource/unspecified;;;;93a60a56-a3c8-21da-a746-0800200c9a66;Area*Time;;m2a;c7266b67-4ea2-457f-b391-9b94e26e195a;m2*a
5143edb8-10ba-3dd9-9dbc-73faab445fda;cf39ec61-e779-4614-97b7-ec622556040d;1;Occupation, industrial area, built up;resources/unspecified;;Occupation, industrial area, built up;Elementary flows/Resource/unspecified;;;;93a60a56-a3c8-21da-a746-0800200c9a66;Area*Time;;m2a;c7266b67-4ea2-457f-b391-9b94e26e195a;m2*a
cc39b56f-a948-30ed-9eeb-93a520610da7;44ea6f89-8780-45b4-a80a-cfc3abcfef5f;1;Occupation, industrial area, vegetation;resources/land;;Occupation, industrial area, vegetation;Elementary flows/Resource/land;;;;93a60a56-a3c8-21da-a746-0800200c9a66;Area*Time;;m2a;c7266b67-4ea2-457f-b391-9b94e26e195a;m2*a
05255383-7253-34bf-bf63-e82c874e39fb;44ea6f89-8780-45b4-a80a-cfc3abcfef5f;1;Occupation, industrial area, vegetation;resources/unspecified;;Occupation, industrial area, vegetation;Elementary flows/Resource/land;;;;93a60a56-a3c8-21da-a746-0800200c9a66;Area*Time;;m2a;c7266b67-4ea2-457f-b391-9b94e26e195a;m2*a
e65c71a8-7701-3bc4-adc9-9c689009df32;379ba5c9-5c3a-43d0-8e2d-605ad9c39e46;1;Occupation, mineral extraction site;resources/land;;Occupation, mineral extraction site;Elementary flows/Resource/land;;;;93a60a56-a3c8-21da-a746-0800200c9a66;Area*Time;;m2a;c7266b67-4ea2-457f-b391-9b94e26e195a;m2*a
f87a5936-c625-3a9a-9d76-f6b0276363ad;59ded913-17fe-4b3e-80cb-79b97cdbef9a;1;Occupation, pasture, man made;resources/land;;Occupation, pasture, man made;Elementary flows/Resource/land;;;;93a60a56-a3c8-21da-a746-0800200c9a66;Area*Time;;m2a;c7266b67-4ea2-457f-b391-9b94e26e195a;m2*a
be6f9bc8-b9e3-344f-b779-5383b0122cf3;19f84b2e-e6ff-4351-ba3a-8b650fc20d14;1;Occupation, pasture, man made, extensive;resources/land;;Occupation, pasture, man made, extensive;Elementary flows/Resource/land;;;;93a60a56-a3c8-21da-a746-0800200c9a66;Area*Time;;m2a;c7266b67-4ea2-457f-b391-9b94e26e195a;m2*a
1d89f7a1-5208-3a74-8fb8-85de6df72690;98b723d4-3362-4b38-8b1e-1bedacfd5e27;1;Occupation, pasture, man made, intensive;resources/land;;Occupation, pasture, man made, intensive;Elementary flows/Resource/land;;;;93a60a56-a3c8-21da-a746-0800200c9a66;Area*Time;;m2a;c7266b67-4ea2-457f-b391-9b94e26e195a;m2*a
52a138a1-f5a9-32ac-b4c0-ddbac7018272;59734866-f67e-3c7e-a2de-6d269f99788c;1;Occupation, pasture, man made, organic;resources/land;;Occupation, pasture, man made, organic;Elementary flows/Resource/land;;;;93a60a56-a3c8-21da-a746-0800200c9a66;Area*Time;;m2a;c7266b67-4ea2-457f-b391-9b94e26e195a;m2*a
7d8a1b87-158e-3654-a04a-5f1a951060cd;2997b0b4-f6ec-4df0-9481-4bdab4e86507;1;Occupation, permanent crop, fruit, intensive;resources/land;;Occupation, permanent crop, fruit, intensive;Elementary flows/Resource/unspecified;;;;93a60a56-a3c8-21da-a746-0800200c9a66;Area*Time;;m2a;c7266b67-4ea2-457f-b391-9b94e26e195a;m2*a
6a6bee48-58b5-3720-97ac-5c28bba5369e;956c5f83-65c8-4607-9749-147cfb9c8f70;1;Occupation, traffic area, rail/road embankment;resources/land;;Occupation, traffic area, rail/road embankment;Elementary flows/Resource/land;;;;93a60a56-a3c8-21da-a746-0800200c9a66;Area*Time;;m2a;c7266b67-4ea2-457f-b391-9b94e26e195a;m2*a
4d5158d0-add6-36e9-b111-e165df1def26;3cc6b9e3-fda3-4712-b5b2-df07b0b996f3;1;Occupation, sealed soil;resources/land;;Occupation, sealed soil;Elementary flows/Resource/land;;;;93a60a56-a3c8-21da-a746-0800200c9a66;Area*Time;;m2a;c7266b67-4ea2-457f-b391-9b94e26e195a;m2*a
64e8c503-14a8-32c6-b98c-07337ed29f52;c199261c-8234-43c5-b906-5b67707e4395;1;Occupation, shrub land, sclerophyllous;resources/land;;Occupation, shrub land, sclerophyllous;Elementary flows/Resource/land;;;;93a60a56-a3c8-21da-a746-0800200c9a66;Area*Time;;m2a;c7266b67-4ea2-457f-b391-9b94e26e195a;m2*a
255284f7-82d3-3411-a691-cb7ca74556aa;74212326-ca29-46f8-a600-4e45b0ad688e;1;Occupation, traffic area;resources/unspecified;;Occupation, traffic area;Elementary flows/Resource/unspecified;;;;93a60a56-a3c8-21da-a746-0800200c9a66;Area*Time;;m2a;c7266b67-4ea2-457f-b391-9b94e26e195a;m2*a
e20d01fe-1356-3c3b-9528-4fc25e28fd6c;062a6faf-b1a5-4a6a-aa02-47ae3ec566a8;1;Occupation, traffic area, rail network;resources/land;;Occupation, traffic area, rail network;Elementary flows/Resource/land;;;;93a60a56-a3c8-21da-a746-0800200c9a66;Area*Time;;m2a;c7266b67-4ea2-457f-b391-9b94e26e195a;m2*a
e80a0e03-2728-3885-bfc1-c59e632e0c25;062a6faf-b1a5-4a6a-aa02-47ae3ec566a8;1;Occupation, traffic area, rail network, CH;resources/land;;Occupation, traffic area, rail network;Elementary flows/Resource/land;;;;93a60a56-a3c8-21da-a746-0800200c9a66;Area*Time;;m2a;c7266b67-4ea2-457f-b391-9b94e26e195a;m2*a
ef23b51e-2189-3059-a642-60cf380ce729;956c5f83-65c8-4607-9749-147cfb9c8f70;1;Occupation, traffic area, rail/road embankment, CH;resources/land;;Occupation, traffic area, rail/road embankment;Elementary flows/Resource/land;;;;93a60a56-a3c8-21da-a746-0800200c9a66;Area*Time;;m2a;c7266b67-4ea2-457f-b391-9b94e26e195a;m2*a
203e6daf-2162-3f1f-9d32-f2022f86eb45;6d74bab2-969f-419c-a2dc-4dde50cf2553;1;PAH, polycyclic aromatic hydrocarbons;emissions to soil/unspecified;;PAH, polycyclic aromatic hydrocarbons;Elementary flows/Emission to soil/unspecified;;;;93a60a56-a3c8-11da-a746-0800200b9a66;Mass;;kg;20aadc24-a391-41cf-b340-3e4529f44bde;kg
3fb807c1-4bd6-3e2a-98d0-a7bcebe8c2b0;14b92328-e08d-4fac-b16a-da5dcd0e5627;1;Occupation, traffic area, road embankment;resources/land;;Occupation, traffic area, road embankment;Elementary flows/Resource/unspecified;;;;93a60a56-a3c8-21da-a746-0800200c9a66;Area*Time;;m2a;c7266b67-4ea2-457f-b391-9b94e26e195a;m2*a
3329c3cd-e4d5-38a4-972e-941270c6de32;26efe47c-92a5-4dea-b4d0-eac13e418a58;1;Occupation, traffic area, road network;resources/land;;Occupation, traffic area, road network;Elementary flows/Resource/land;;;;93a60a56-a3c8-21da-a746-0800200c9a66;Area*Time;;m2a;c7266b67-4ea2-457f-b391-9b94e26e195a;m2*a
9d94cd4d-a54f-3967-b4c9-46ec10b6dd15;72745257-3534-4ca3-adfa-a2eb63f1e7d9;1;Occupation, traffic area, road network;resources/unspecified;;Occupation, traffic area, road network;Elementary flows/Resource/unspecified;;;;93a60a56-a3c8-21da-a746-0800200c9a66;Area*Time;;m2a;c7266b67-4ea2-457f-b391-9b94e26e195a;m2*a
8a78de0f-41a0-3e79-9984-001a9eabc736;a4c4b2e8-7611-4690-b00f-80789d4eb9fe;1;Occupation, tropical rain forest;resources/land;;Occupation, tropical rain forest;Elementary flows/Resource/unspecified;;;;93a60a56-a3c8-21da-a746-0800200c9a66;Area*Time;;m2a;c7266b67-4ea2-457f-b391-9b94e26e195a;m2*a
6e874eab-578a-370f-a187-4b917a5a75e6;061259d7-7bcc-4298-af3a-63d084191988;1;Occupation, unspecified, natural (non-use);resources/land;;Occupation, unspecified, natural (non-use);Elementary flows/Resource/land;;;;93a60a56-a3c8-21da-a746-0800200c9a66;Area*Time;;m2a;c7266b67-4ea2-457f-b391-9b94e26e195a;m2*a
c899b57a-8e42-39de-a970-b21b05bf2e09;63cf5ffa-3b2c-3ab8-b726-0bab20804237;1;Occupation, unspecified, used;resources/land;;Occupation, unspecified, used;Elementary flows/Resource/unspecified;;;;93a60a56-a3c8-21da-a746-0800200c9a66;Area*Time;;m2a;c7266b67-4ea2-457f-b391-9b94e26e195a;m2*a
8e8094cb-0c16-336b-bede-892f2e9cedbe;89823c78-b1cc-398f-946e-36a47fdac7cb;1;Occupation, urban;resources/unspecified;;Occupation, urban;Elementary flows/Resource/unspecified;;;;93a60a56-a3c8-21da-a746-0800200c9a66;Area*Time;;m2a;c7266b67-4ea2-457f-b391-9b94e26e195a;m2*a
b17c6ca5-f8eb-36ef-949d-737fc5e22e45;3b4db191-9634-4a01-a873-f3cb234785e4;1;Occupation, urban, continuously built;resources/land;;Occupation, urban, continuously built;Elementary flows/Resource/land;;;;93a60a56-a3c8-21da-a746-0800200c9a66;Area*Time;;m2a;c7266b67-4ea2-457f-b391-9b94e26e195a;m2*a
339caa3d-bb76-3a8e-b39b-d70362901536;56ec994a-eb96-42e8-93eb-4970e30e6362;1;Occupation, urban, discontinuously built;resources/land;;Occupation, urban, discontinuously built;Elementary flows/Resource/land;;;;93a60a56-a3c8-21da-a746-0800200c9a66;Area*Time;;m2a;c7266b67-4ea2-457f-b391-9b94e26e195a;m2*a
ff717dc2-3c2f-31d8-93a0-2232ea9a6141;080bf4c6-fab3-4e21-88c7-20b435aa42e8;1;Occupation, urban, discontinuously built;resources/unspecified;;Occupation, urban, discontinuously built;Elementary flows/Resource/unspecified;;;;93a60a56-a3c8-21da-a746-0800200c9a66;Area*Time;;m2a;c7266b67-4ea2-457f-b391-9b94e26e195a;m2*a
e2a7ccec-7bdb-38ca-aec2-76185a16d435;b9a35003-86ed-45d8-b616-ef6859087b40;1;Occupation, water bodies, artificial;resources/land;;Occupation, water bodies, artificial;Elementary flows/Resource/unspecified;;;;93a60a56-a3c8-21da-a746-0800200c9a66;Area*Time;;m2a;c7266b67-4ea2-457f-b391-9b94e26e195a;m2*a
6c87738a-3e7d-32e3-9b67-44369308979a;a47cd00c-476b-4f73-a0a0-46dc11638699;1;Occupation, water courses, artificial;resources/land;;Occupation, water courses, artificial;Elementary flows/Resource/unspecified;;;;93a60a56-a3c8-21da-a746-0800200c9a66;Area*Time;;m2a;c7266b67-4ea2-457f-b391-9b94e26e195a;m2*a
4fb464b2-005e-370e-934b-71f365baa7db;cf011bab-9c8c-34aa-b2cc-390a7ccf0de4;1;Octene (mixture of isomers);emissions to air/unspecified;;Octene (mixture of isomers);Elementary flows/Emission to air/unspecified;;;;93a60a56-a3c8-11da-a746-0800200b9a66;Mass;;kg;20aadc24-a391-41cf-b340-3e4529f44bde;kg
d239c40c-86b5-3f0c-b716-814b4c8a7938;88d06db9-59a1-4719-9174-afeb1fa4026a;1;Oil, crude;resources/in ground;;Oil, crude;Elementary flows/Resource/in ground;;;;93a60a56-a3c8-11da-a746-0800200b9a66;Mass;;kg;20aadc24-a391-41cf-b340-3e4529f44bde;kg
902e1b11-634c-32a6-aa0c-0b37044da7fc;79459b74-727a-465f-b0cb-aae38d1d39cc;1;Oils, biogenic;emissions to soil/agricultural;;Oils, non-fossil;Elementary flows/Emission to soil/agricultural;;;;93a60a56-a3c8-11da-a746-0800200b9a66;Mass;;kg;20aadc24-a391-41cf-b340-3e4529f44bde;kg
ae2af339-ce2c-3d28-b5da-ce37139c52e4;d41ee922-fa80-45e3-a317-3e9b72ee385d;1;Oils, biogenic;emissions to soil/forestry;;Oils, non-fossil;Elementary flows/Emission to soil/forestry;;;;93a60a56-a3c8-11da-a746-0800200b9a66;Mass;;kg;20aadc24-a391-41cf-b340-3e4529f44bde;kg
21f89a81-e34d-375c-8115-837e12191bd3;be4835bf-5252-48c1-be48-14f59d533bbd;1;Oils, biogenic;emissions to soil/industrial;;Oils, non-fossil;Elementary flows/Emission to soil/industrial;;;;93a60a56-a3c8-11da-a746-0800200b9a66;Mass;;kg;20aadc24-a391-41cf-b340-3e4529f44bde;kg
e5ad9e6b-5bba-357f-8871-c86d97d5945f;c161d9b4-2237-4053-b549-9e0cfc201e0d;1;Oils, biogenic;emissions to soil/unspecified;;Oils, non-fossil;Elementary flows/Emission to soil/unspecified;;;;93a60a56-a3c8-11da-a746-0800200b9a66;Mass;;kg;20aadc24-a391-41cf-b340-3e4529f44bde;kg
ac7a948e-ce9c-3c1d-8a22-b52b051c8cb7;85403ceb-612c-494a-bcab-901946278f58;1;Oils, unspecified;emissions to soil/agricultural;;Oils, unspecified;Elementary flows/Emission to soil/agricultural;;;;93a60a56-a3c8-11da-a746-0800200b9a66;Mass;;kg;20aadc24-a391-41cf-b340-3e4529f44bde;kg
a15cb0e3-b8cd-3c4f-9e8f-23efb0596c6a;7538ab50-2ef6-4e49-880d-48d5b283a79b;1;Oils, unspecified;emissions to soil/forestry;;Oils, unspecified;Elementary flows/Emission to soil/forestry;;;;93a60a56-a3c8-11da-a746-0800200b9a66;Mass;;kg;20aadc24-a391-41cf-b340-3e4529f44bde;kg
8fefab65-aafd-36a2-9c26-90ed04dd1423;e9bf9e2d-4bd1-4679-86ff-e34f6b750ea0;1;Oils, unspecified;emissions to soil/industrial;;Oils, unspecified;Elementary flows/Emission to soil/industrial;;;;93a60a56-a3c8-11da-a746-0800200b9a66;Mass;;kg;20aadc24-a391-41cf-b340-3e4529f44bde;kg
943dc190-144b-314c-bc26-4340fda76969;21f77eaa-6f3e-426d-8932-fde33cd936d6;1;Oils, unspecified;emissions to soil/unspecified;;Oils, unspecified;Elementary flows/Emission to soil/unspecified;;;;93a60a56-a3c8-11da-a746-0800200b9a66;Mass;;kg;20aadc24-a391-41cf-b340-3e4529f44bde;kg
9c088edd-ddb7-321d-acc6-b7ab489808ef;5d830756-4153-4cc9-ade4-69f8c19e150f;1;Oils, unspecified;emissions to water/ocean;;Oils, unspecified;Elementary flows/Emission to water/ocean;;;;93a60a56-a3c8-11da-a746-0800200b9a66;Mass;;kg;20aadc24-a391-41cf-b340-3e4529f44bde;kg
8ef9e368-ccd9-341a-a942-8529550bd803;f65171a0-5a6a-4cab-b68e-bf56db68907a;1;Oils, unspecified;emissions to water/river;;Oils, unspecified;Elementary flows/Emission to water/river;;;;93a60a56-a3c8-11da-a746-0800200b9a66;Mass;;kg;20aadc24-a391-41cf-b340-3e4529f44bde;kg
570879c7-a227-3a9c-bba3-7e05fbe12686;6da0e891-3648-43a5-b0cf-f1872c57db8d;1;Oils, unspecified;emissions to water/unspecified;;Oils, unspecified;Elementary flows/Emission to water/unspecified;;;;93a60a56-a3c8-11da-a746-0800200b9a66;Mass;;kg;20aadc24-a391-41cf-b340-3e4529f44bde;kg
6ccf786d-96a1-3000-98b2-23aecd469517;d7cadc9a-f42c-4711-a8e2-0b626c0a4c7a;1;Olivine;resources/in ground;;Olivine;Elementary flows/Resource/in ground;;;;93a60a56-a3c8-11da-a746-0800200b9a66;Mass;;kg;20aadc24-a391-41cf-b340-3e4529f44bde;kg
f6b680b5-3f19-3345-9a53-82417e651402;365010c0-d4dd-4281-a1a7-7e2302c4105f;1;Orbencarb;emissions to soil/agricultural;;Orbencarb;Elementary flows/Emission to soil/agricultural;;;;93a60a56-a3c8-11da-a746-0800200b9a66;Mass;;kg;20aadc24-a391-41cf-b340-3e4529f44bde;kg
e6e16a0e-a4ac-35db-af61-fd667c1577f6;e6e16a0e-a4ac-35db-af61-fd667c1577f6;1;Organic carbon, placed in landfill;resources/in ground;;Organic carbon, placed in landfill;Elementary flows/Resource/in ground;;;;93a60a56-a3c8-11da-a746-0800200b9a66;Mass;;kg;20aadc24-a391-41cf-b340-3e4529f44bde;kg
84e24de6-ddfe-3474-b373-028c54e7055c;aaa7a82f-7d09-48ed-8f08-8eb3c7eeb928;1;Oxamyl;emissions to soil/agricultural;;Oxamyl;Elementary flows/Emission to soil/agricultural;;;;93a60a56-a3c8-11da-a746-0800200b9a66;Mass;;kg;20aadc24-a391-41cf-b340-3e4529f44bde;kg
dbee4c48-989b-3f41-b55f-0c126080122f;83cc3810-ac58-40a3-97af-04a855d4c809;1;Oxydemeton methyl;emissions to soil/agricultural;;Oxydemeton-methyl;Elementary flows/Emission to soil/agricultural;;;;93a60a56-a3c8-11da-a746-0800200b9a66;Mass;;kg;20aadc24-a391-41cf-b340-3e4529f44bde;kg
8a6aab84-7fb2-3a28-a339-0d2ebe7e5271;19ca9276-e5c6-47f5-a3a4-18284d2a27c3;1;Oxyfluorfen;emissions to soil/agricultural;;Oxyfluorfen;Elementary flows/Emission to soil/agricultural;;;;93a60a56-a3c8-11da-a746-0800200b9a66;Mass;;kg;20aadc24-a391-41cf-b340-3e4529f44bde;kg
87dbbed0-ddc4-328b-aaaa-5d2fb0a969d4;08a91e70-3ddc-11dd-9745-0050c2490048;1;Oxygen;emissions to air/unspecified;;Oxygen;Elementary flows/Emission to air/unspecified;;;;93a60a56-a3c8-11da-a746-0800200b9a66;Mass;;kg;20aadc24-a391-41cf-b340-3e4529f44bde;kg
414ed5f6-acc6-3eed-b91b-a16d3a8a584f;c132f668-6330-45fe-b230-d8de62e64ff1;1;Oxygen;resources/in air;;Oxygen;Elementary flows/Resource/in air;;;;93a60a56-a3c8-11da-a746-0800200b9a66;Mass;;kg;20aadc24-a391-41cf-b340-3e4529f44bde;kg
05818067-3598-38f0-89ee-6706d4593aca;5a6eb27d-9157-46d5-be32-92bbd543ada9;1;o-Xylene;emissions to air/high. pop.;;o-Xylene;Elementary flows/Emission to air/high population density;;;;93a60a56-a3c8-11da-a746-0800200b9a66;Mass;;kg;20aadc24-a391-41cf-b340-3e4529f44bde;kg
ea0f19f4-c6f4-35b9-b5c0-b8f24eca79ba;92259b90-6f92-42ec-b3f2-30775167aff7;1;o-Xylene;emissions to air/low. pop.;;o-Xylene;Elementary flows/Emission to air/low population density;;;;93a60a56-a3c8-11da-a746-0800200b9a66;Mass;;kg;20aadc24-a391-41cf-b340-3e4529f44bde;kg
c8504743-9fa7-3271-8b84-1b4af63715cd;527d6cb5-bbd7-403d-8dcc-b6678fb123f5;1;o-Xylene;emissions to air/unspecified;;o-Xylene;Elementary flows/Emission to air/unspecified;;;;93a60a56-a3c8-11da-a746-0800200b9a66;Mass;;kg;20aadc24-a391-41cf-b340-3e4529f44bde;kg
ff9166c7-ee2e-32a9-bd1e-1ee2489a6ea7;8214318f-ace1-41c4-96b2-5bd0729d071a;1;o-Xylene;emissions to water/river;;o-Xylene;Elementary flows/Emission to water/fresh water;;;;93a60a56-a3c8-11da-a746-0800200b9a66;Mass;;kg;20aadc24-a391-41cf-b340-3e4529f44bde;kg
eeb48116-3f37-3a14-9d04-42e7b7a569fb;1b279330-0469-4d04-9fe2-4e9a38011f0c;1;o-Xylene;emissions to water/unspecified;;o-Xylene;Elementary flows/Emission to water/unspecified;;;;93a60a56-a3c8-11da-a746-0800200b9a66;Mass;;kg;20aadc24-a391-41cf-b340-3e4529f44bde;kg
c8d79a5f-a3b6-328b-a293-d7289520990c;d4f71fc2-2fb6-4d80-b3cd-6e4f197a114f;1;Ozone;emissions to air/high. pop.;;Ozone;Elementary flows/Emission to air/high population density;;;;93a60a56-a3c8-11da-a746-0800200b9a66;Mass;;kg;20aadc24-a391-41cf-b340-3e4529f44bde;kg
e92ffb69-2f5e-3432-a1ab-92bd8d8bd2ed;404a34e3-251d-4d4f-9f53-9c27f99bfc0e;1;Ozone;emissions to air/low. pop.;;Ozone;Elementary flows/Emission to air/low population density;;;;93a60a56-a3c8-11da-a746-0800200b9a66;Mass;;kg;20aadc24-a391-41cf-b340-3e4529f44bde;kg
f92fdb7f-5b73-3499-923f-6b0986a01866;2058d91e-bb9f-4fce-8e53-131825b14a23;1;Ozone;emissions to air/unspecified;;Ozone;Elementary flows/Emission to air/unspecified;;;;93a60a56-a3c8-11da-a746-0800200b9a66;Mass;;kg;20aadc24-a391-41cf-b340-3e4529f44bde;kg
ee74ee1d-fe53-3ac0-ac5e-f48e918ca015;9d1efa17-070a-4602-a65f-daf5056b0647;1;PAH, polycyclic aromatic hydrocarbons;emissions to air/high. pop.;;PAH, polycyclic aromatic hydrocarbons;Elementary flows/Emission to air/high population density;;;;93a60a56-a3c8-11da-a746-0800200b9a66;Mass;;kg;20aadc24-a391-41cf-b340-3e4529f44bde;kg
92f62c39-316f-3b12-8567-42f19f43b866;13d898ac-b9be-4723-a153-565e2a9144ac;1;PAH, polycyclic aromatic hydrocarbons;emissions to air/low. pop.;;PAH, polycyclic aromatic hydrocarbons;Elementary flows/Emission to air/low population density;;;;93a60a56-a3c8-11da-a746-0800200b9a66;Mass;;kg;20aadc24-a391-41cf-b340-3e4529f44bde;kg
ea8a451d-482d-3b4c-acd2-fbd11e5fb214;3e5d7d91-67d7-4afb-91dd-36fab58e4685;1;PAH, polycyclic aromatic hydrocarbons;emissions to air/unspecified;;PAH, polycyclic aromatic hydrocarbons;Elementary flows/Emission to air/unspecified;;;;93a60a56-a3c8-11da-a746-0800200b9a66;Mass;;kg;20aadc24-a391-41cf-b340-3e4529f44bde;kg
2f790f7d-50ad-3e06-8ee3-0f22d622a999;b967e1bf-f09b-4c89-8740-ace21db47bba;1;Particulates, > 2.5 um, and < 10um;emissions to air/unspecified;;Particulate Matter, > 2.5 um and < 10um;Elementary flows/Emission to air/unspecified;;;;93a60a56-a3c8-11da-a746-0800200b9a66;Mass;;kg;20aadc24-a391-41cf-b340-3e4529f44bde;kg
65a56242-29f5-3118-8050-4d3921f27be9;2cfcbe85-0dfd-4414-8683-ecc74392346c;1;PAH, polycyclic aromatic hydrocarbons;emissions to water/groundwater;;PAH, polycyclic aromatic hydrocarbons;Elementary flows/Emission to water/ground water;;;;93a60a56-a3c8-11da-a746-0800200b9a66;Mass;;kg;20aadc24-a391-41cf-b340-3e4529f44bde;kg
df14b787-1a86-3165-a4e7-1bbb63fb5b63;300bed66-a3c8-46cf-92c2-92d28dff9f91;1;PAH, polycyclic aromatic hydrocarbons;emissions to water/ocean;;PAH, polycyclic aromatic hydrocarbons;Elementary flows/Emission to water/ocean;;;;93a60a56-a3c8-11da-a746-0800200b9a66;Mass;;kg;20aadc24-a391-41cf-b340-3e4529f44bde;kg
cda5e62d-f2a7-3039-860a-0c7725a027aa;64a53c57-bf2f-43e6-8fb9-71aa94f2421e;1;PAH, polycyclic aromatic hydrocarbons;emissions to water/river;;PAH, polycyclic aromatic hydrocarbons;Elementary flows/Emission to water/fresh water;;;;93a60a56-a3c8-11da-a746-0800200b9a66;Mass;;kg;20aadc24-a391-41cf-b340-3e4529f44bde;kg
1a5c683e-2880-3692-b435-7b2f6f0957cb;f21b8022-f20d-4752-8cd6-728f56cf9c43;1;PAH, polycyclic aromatic hydrocarbons;emissions to water/unspecified;;PAH, polycyclic aromatic hydrocarbons;Elementary flows/Emission to water/unspecified;;;;93a60a56-a3c8-11da-a746-0800200b9a66;Mass;;kg;20aadc24-a391-41cf-b340-3e4529f44bde;kg
be0f0885-0d06-3862-85b4-e867a3f0ab97;b4157c65-4181-3279-8c4b-30a58ca47b10;1;Palladium, Pd 2.0E-4%, Pt 4.8E-4%, Rh 2.4E-5%, Ni 3.7E-2%, Cu 5.2E-2% in ore;resources/in ground;;Palladium, Pd 2.0E-4%, Pt 4.8E-4%, Rh 2.4E-5%, Ni 3.7E-2%, Cu 5.2E-2% in ore;Elementary flows/Resource/in ground;;;;93a60a56-a3c8-11da-a746-0800200b9a66;Mass;;kg;20aadc24-a391-41cf-b340-3e4529f44bde;kg
e9ffeece-13e5-3159-8688-00836ba4f33e;fe1524b9-afe4-380d-99a8-822964917db0;1;Palladium, Pd 7.3E-4%, Pt 2.5E-4%, Rh 2.0E-5%, Ni 2.3E+0%, Cu 3.2E+0% in ore;resources/in ground;;Palladium, Pd 7.3E-4%, Pt 2.5E-4%, Rh 2.0E-5%, Ni 2.3E+0%, Cu 3.2E+0% in ore;Elementary flows/Resource/in ground;;;;93a60a56-a3c8-11da-a746-0800200b9a66;Mass;;kg;20aadc24-a391-41cf-b340-3e4529f44bde;kg
9d31d657-add7-33f5-9d9c-51fc351653cd;428e384f-5146-4023-9e62-cca1db3ed321;1;Paraffins;emissions to air/high. pop.;;Paraffins;Elementary flows/Emission to air/high population density;;;;93a60a56-a3c8-11da-a746-0800200b9a66;Mass;;kg;20aadc24-a391-41cf-b340-3e4529f44bde;kg
ce7189af-e327-3a7a-aaf2-bdb059d1057f;b0106679-8469-46f6-b989-559222745bd6;1;Paraffins;emissions to water/river;;Paraffins;Elementary flows/Emission to water/unspecified;;;;93a60a56-a3c8-11da-a746-0800200b9a66;Mass;;kg;20aadc24-a391-41cf-b340-3e4529f44bde;kg
44f8fe92-7642-3367-b029-3768193a9c8d;e170546d-a672-4840-bd7a-1c7f8b627286;1;Paraquat;emissions to soil/agricultural;;Paraquat;Elementary flows/Emission to soil/agricultural;;;;93a60a56-a3c8-11da-a746-0800200b9a66;Mass;;kg;20aadc24-a391-41cf-b340-3e4529f44bde;kg
b66fc952-0374-3b51-8cc3-5f52a16eecf3;e7d1072e-68ab-4fb4-b141-feb865e3082d;1;Parathion;emissions to soil/agricultural;;Parathion;Elementary flows/Emission to soil/agricultural;;;;93a60a56-a3c8-11da-a746-0800200b9a66;Mass;;kg;20aadc24-a391-41cf-b340-3e4529f44bde;kg
37b94e83-b06e-3d46-8a7d-d258421b363d;252c2e43-c6e3-3010-b045-72aa0e172abb;1;Particulates;emissions to air/unspecified;;Particulates;Elementary flows/Emission to air/unspecified;;;;93a60a56-a3c8-11da-a746-0800200b9a66;Mass;;kg;20aadc24-a391-41cf-b340-3e4529f44bde;kg
689875a0-f9e0-3026-bbc1-12898b993201;08a91e70-3ddc-11dd-91be-0050c2490048;1;Particulates, < 10 um;emissions to air/unspecified;;Particulates, < 10 um;Elementary flows/Emission to air/unspecified;;;;93a60a56-a3c8-11da-a746-0800200b9a66;Mass;;kg;20aadc24-a391-41cf-b340-3e4529f44bde;kg
7b5b0ac3-e98b-346f-9503-b3dbcdf8b7f9;2071631d-7d90-4040-ac40-1829af0bd3c2;1;Particulates, < 10 um (stationary);emissions to air/unspecified;;Particulates, < 10 um (stationary);Elementary flows/Emission to air/unspecified;;;;93a60a56-a3c8-11da-a746-0800200b9a66;Mass;;kg;20aadc24-a391-41cf-b340-3e4529f44bde;kg
7858ecd2-3353-3d62-8ac8-bac55a84c772;230d8a0a-517c-43fe-8357-1818dd12997a;1;Particulates, < 2.5 um;emissions to air/high. pop.;;Particulate Matter, < 2.5 um;Elementary flows/Emission to air/high population density;;;;93a60a56-a3c8-11da-a746-0800200b9a66;Mass;;kg;20aadc24-a391-41cf-b340-3e4529f44bde;kg
8b3a6325-1b89-39ba-acc9-97d9955c3670;66f50b33-fd62-4fdd-a373-c5b0de7de00d;1;Particulates, < 2.5 um;emissions to air/low. pop.;;Particulate Matter, < 2.5 um;Elementary flows/Emission to air/low population density;;;;93a60a56-a3c8-11da-a746-0800200b9a66;Mass;;kg;20aadc24-a391-41cf-b340-3e4529f44bde;kg
138bef7d-baa1-39c7-8969-44d9b49a6d26;051aaf7a-6c1a-4e86-999f-85d5f0830df6;1;Particulates, < 2.5 um;emissions to air/low. pop., long-term;;Particulate Matter, < 2.5 um;Elementary flows/Emission to air/low population density, long-term;;;;93a60a56-a3c8-11da-a746-0800200b9a66;Mass;;kg;20aadc24-a391-41cf-b340-3e4529f44bde;kg
8f64592f-af9c-395c-b43e-287b50614f99;ddd99a3a-be86-423d-b36a-a9dc8af1b1f8;1;Particulates, < 2.5 um;emissions to air/stratosphere + troposphere;;Particulate Matter, < 2.5 um;Elementary flows/Emission to air/lower stratosphere + upper troposphere;;;;93a60a56-a3c8-11da-a746-0800200b9a66;Mass;;kg;20aadc24-a391-41cf-b340-3e4529f44bde;kg
e705e639-3f1a-3bc7-9e61-bfe744213be2;21e46cb8-6233-4c99-bac3-c41d2ab99498;1;Particulates, < 2.5 um;emissions to air/unspecified;;Particulate Matter, < 2.5 um;Elementary flows/Emission to air/unspecified;;;;93a60a56-a3c8-11da-a746-0800200b9a66;Mass;;kg;20aadc24-a391-41cf-b340-3e4529f44bde;kg
cc23fb58-5768-3250-aa67-a5a0a725596e;1eb1b94c-e9d8-47ab-969b-9cca920157d8;1;Particulates, > 10 um;emissions to air/high. pop.;;Particulate Matter, > 10 um;Elementary flows/Emission to air/high population density;;;;93a60a56-a3c8-11da-a746-0800200b9a66;Mass;;kg;20aadc24-a391-41cf-b340-3e4529f44bde;kg
cf14c24d-7904-30a6-b1d3-7fb3738d7bab;7678cec7-b8e1-439d-8242-99cd452834b1;1;Particulates, > 10 um;emissions to air/low. pop.;;Particulate Matter, > 10 um;Elementary flows/Emission to air/low population density;;;;93a60a56-a3c8-11da-a746-0800200b9a66;Mass;;kg;20aadc24-a391-41cf-b340-3e4529f44bde;kg
857566f7-098e-3fd4-a0ca-925123d91627;b001715e-60e4-4f1d-949d-1acfab65bd8f;1;Particulates, > 10 um;emissions to air/low. pop., long-term;;Particulate Matter, > 10 um;Elementary flows/Emission to air/low population density, long-term;;;;93a60a56-a3c8-11da-a746-0800200b9a66;Mass;;kg;20aadc24-a391-41cf-b340-3e4529f44bde;kg
b1362ed5-f38b-3235-bdd9-e5f65f42dafe;66020d27-7ae4-4e59-83a3-89214b72c40a;1;Particulates, > 10 um;emissions to air/unspecified;;Particulate Matter, > 10 um;Elementary flows/Emission to air/unspecified;;;;93a60a56-a3c8-11da-a746-0800200b9a66;Mass;;kg;20aadc24-a391-41cf-b340-3e4529f44bde;kg
51a464c0-3de7-3241-b177-f03cbf18a7d3;ccb169c3-8aae-4727-89bb-a7dd122946f3;1;Particulates, > 2.5 um, and < 10um;emissions to air/high. pop.;;Particulate Matter, > 2.5 um and < 10um;Elementary flows/Emission to air/high population density;;;;93a60a56-a3c8-11da-a746-0800200b9a66;Mass;;kg;20aadc24-a391-41cf-b340-3e4529f44bde;kg
0e8cab8e-9484-33ea-9ba3-15c423cd4198;295c9740-6fdb-4676-9eb8-15e3786f713d;1;Particulates, > 2.5 um, and < 10um;emissions to air/low. pop.;;Particulate Matter, > 2.5 um and < 10um;Elementary flows/Emission to air/low population density;;;;93a60a56-a3c8-11da-a746-0800200b9a66;Mass;;kg;20aadc24-a391-41cf-b340-3e4529f44bde;kg
4a813890-dfec-3667-bd3a-94c1256844d4;5716c728-bd33-414d-8691-16e5534f5d37;1;Particulates, > 2.5 um, and < 10um;emissions to air/low. pop., long-term;;Particulate Matter, > 2.5 um and < 10um;Elementary flows/Emission to air/low population density, long-term;;;;93a60a56-a3c8-11da-a746-0800200b9a66;Mass;;kg;20aadc24-a391-41cf-b340-3e4529f44bde;kg
f9ae2f6f-26bb-30bb-b515-13ba239916d2;7ae398c3-8532-11e0-9d78-0800200c9a66;1;Particulates, unspecified;emissions to air/unspecified;;Particulates, unspecified;Elementary flows/Emission to air/unspecified;;;;93a60a56-a3c8-11da-a746-0800200b9a66;Mass;;kg;20aadc24-a391-41cf-b340-3e4529f44bde;kg
cfa813b4-d4d4-3aea-a1e1-a7434a2744a7;cb8de38f-f794-51e2-9736-0fb7ecf8f448;1;Penconazole;emissions to soil/agricultural;;Penconazole;Elementary flows/Emission to soil/agricultural;;;;93a60a56-a3c8-11da-a746-0800200b9a66;Mass;;kg;20aadc24-a391-41cf-b340-3e4529f44bde;kg
55aacab8-c655-3ccf-bfd4-f13ad9492c26;a5b846ff-3ee4-36d7-8b98-5c3c97de627f;1;p-Cresol;emissions to air/unspecified;;p-Cresol;Elementary flows/Emission to air/unspecified;;;;93a60a56-a3c8-11da-a746-0800200b9a66;Mass;;kg;20aadc24-a391-41cf-b340-3e4529f44bde;kg
ec60215d-f786-3a09-8261-5c5b70f6f055;faa13739-2197-355f-a04b-b25804f60478;1;P-cyanophenol;emissions to soil/industrial;;P-cyanophenol;Elementary flows/Emission to soil/industrial;;;;93a60a56-a3c8-11da-a746-0800200b9a66;Mass;;kg;20aadc24-a391-41cf-b340-3e4529f44bde;kg
67762f75-774a-3afc-97cc-bf15d041f7de;c5035ce2-5ee5-431f-a287-4b25da42be74;1;Peat;resources/biotic;;Peat;Elementary flows/Resource/biotic;;;;93a60a56-a3c8-11da-a746-0800200b9a66;Mass;;kg;20aadc24-a391-41cf-b340-3e4529f44bde;kg
ea54b500-9d61-3cb9-b411-e38e91d430ff;384e875d-2237-4d74-8f62-6b04173f656b;1;Peat;resources/in ground;;Peat;Elementary flows/Resource/in ground;;;;93a60a56-a3c8-11da-a746-0800200b9a66;Mass;;kg;20aadc24-a391-41cf-b340-3e4529f44bde;kg
4cf9dfd4-6019-3752-b8c7-17f282910d8b;483ae3c5-4eb0-46e4-b811-a72ad391716b;1;Phosphorus;resources/in ground;;Phosphorus;Elementary flows/Resource/in ground;;;;93a60a56-a3c8-11da-a746-0800200b9a66;Mass;;kg;20aadc24-a391-41cf-b340-3e4529f44bde;kg
ef33b294-cc42-31e9-94bd-eb5b6ef07909;9cbbd44e-bc02-4586-9d58-e223db6f5e24;1;Pendimethalin;emissions to soil/agricultural;;Pendimethalin;Elementary flows/Emission to soil/agricultural;;;;93a60a56-a3c8-11da-a746-0800200b9a66;Mass;;kg;20aadc24-a391-41cf-b340-3e4529f44bde;kg
f8c910df-35ff-310e-a0c0-e6bc63fd8153;0b9698ec-8b52-4986-8f9f-ad30915aa00c;1;Pentane;emissions to air/high. pop.;;Pentane;Elementary flows/Emission to air/high population density;;;;93a60a56-a3c8-11da-a746-0800200b9a66;Mass;;kg;20aadc24-a391-41cf-b340-3e4529f44bde;kg
77b60df4-f75c-3de4-ab5c-ae9ac5d3ed4b;2f052025-4072-4d8e-b22d-68d50bfb260c;1;Pentane;emissions to air/low. pop.;;Pentane;Elementary flows/Emission to air/low population density;;;;93a60a56-a3c8-11da-a746-0800200b9a66;Mass;;kg;20aadc24-a391-41cf-b340-3e4529f44bde;kg
36833478-ea21-399d-ae5e-2571bc09281d;516606eb-99f6-4e8c-b99a-6b439aaed48c;1;Pentane;emissions to air/unspecified;;Pentane;Elementary flows/Emission to air/unspecified;;;;93a60a56-a3c8-11da-a746-0800200b9a66;Mass;;kg;20aadc24-a391-41cf-b340-3e4529f44bde;kg
1297c529-2bd8-3592-bfc0-7c8e6a6f6d1e;6de0feb6-78c5-4ee3-bf58-8e68bc7c67b3;1;Pentane, 2-methyl-;emissions to air/high. pop.;;2-Methylpentane;Elementary flows/Emission to air/high population density;;;;93a60a56-a3c8-11da-a746-0800200b9a66;Mass;;kg;20aadc24-a391-41cf-b340-3e4529f44bde;kg
bc368a29-0545-34ca-811d-2684593e55da;4526c873-a2c5-4e48-94a8-9b639ab7704e;1;Pentane, perfluoro-;emissions to air/unspecified;;Pentane, perfluoro-;Elementary flows/Emission to air/unspecified;;;;93a60a56-a3c8-11da-a746-0800200b9a66;Mass;;kg;20aadc24-a391-41cf-b340-3e4529f44bde;kg
0caac18f-45ae-3fb7-8d1a-f6bad0c4f3f9;2d9694ca-6a65-47da-8594-7c9875329c91;1;Perchlorate, ion;emissions to water/river;;Perchlorate, ion;Elementary flows/Emission to water/river;;;;93a60a56-a3c8-11da-a746-0800200b9a66;Mass;;kg;20aadc24-a391-41cf-b340-3e4529f44bde;kg
72856d5f-9272-3f7f-9017-033589a5179e;09a68c14-01f6-4dee-ba29-8b7f400b72b5;1;Perlite;resources/in ground;;Perlite;Elementary flows/Resource/in ground;;;;93a60a56-a3c8-11da-a746-0800200b9a66;Mass;;kg;20aadc24-a391-41cf-b340-3e4529f44bde;kg
5b79d3e6-9f09-31fc-ae49-c5f83f2fe02f;5da998ca-223d-47bb-a516-2ee8c9bf6f2c;1;Permethrin;emissions to soil/agricultural;;Permethrin;Elementary flows/Emission to soil/agricultural;;;;93a60a56-a3c8-11da-a746-0800200b9a66;Mass;;kg;20aadc24-a391-41cf-b340-3e4529f44bde;kg
6b7f6047-01dc-3f97-ba91-c7dc88218a44;18fb2184-d78e-467f-9eac-116bd534739f;1;Pesticides, unspecified;emissions to soil/agricultural;;Pesticides, unspecified;Elementary flows/Emission to soil/agricultural;;;;93a60a56-a3c8-11da-a746-0800200b9a66;Mass;;kg;20aadc24-a391-41cf-b340-3e4529f44bde;kg
5453c365-f0ef-3b1d-912a-56d158d76ea7;40a33bfe-bcb6-3302-998d-e4544c00e29d;1;Petrol;emissions to water/river;;Petrol;Elementary flows/Emission to water/unspecified;;;;93a60a56-a3c8-11da-a746-0800200b9a66;Mass;;kg;20aadc24-a391-41cf-b340-3e4529f44bde;kg
d450969c-9082-3d54-9255-bd8c09d9adef;895fa803-ad56-4b1d-a37b-23a9135ce26a;1;Phenanthrene;emissions to air/unspecified;;Phenanthrene;Elementary flows/Emission to air/unspecified;;;;93a60a56-a3c8-11da-a746-0800200b9a66;Mass;;kg;20aadc24-a391-41cf-b340-3e4529f44bde;kg
e21cb1fb-d4f4-30c7-81a4-9b1e37bab1a7;50fb73f7-935a-4cf8-81a0-ff3ca0ea35f9;1;Phenmedipham;emissions to soil/agricultural;;Phenmedipham;Elementary flows/Emission to soil/agricultural;;;;93a60a56-a3c8-11da-a746-0800200b9a66;Mass;;kg;20aadc24-a391-41cf-b340-3e4529f44bde;kg
510a9965-11fd-3fef-9ef3-ae8e5626acef;d761d96f-d236-4131-89c8-ad3269d02a6b;1;Phenol;emissions to air/high. pop.;;Phenol;Elementary flows/Emission to air/high population density;;;;93a60a56-a3c8-11da-a746-0800200b9a66;Mass;;kg;20aadc24-a391-41cf-b340-3e4529f44bde;kg
bb0169b2-888a-3d60-a368-62311db013cd;63974d2c-11f3-45eb-be9c-726261b04d85;1;Phenol;emissions to air/low. pop.;;Phenol;Elementary flows/Emission to air/low population density;;;;93a60a56-a3c8-11da-a746-0800200b9a66;Mass;;kg;20aadc24-a391-41cf-b340-3e4529f44bde;kg
d36a6154-6840-347e-9fbb-1e8431b6dde2;5896c761-4e02-4573-8747-c4bbf73162c0;1;Phenol;emissions to air/unspecified;;Phenol;Elementary flows/Emission to air/unspecified;;;;93a60a56-a3c8-11da-a746-0800200b9a66;Mass;;kg;20aadc24-a391-41cf-b340-3e4529f44bde;kg
9d172e19-7a75-3ac6-93e5-897195d31513;a3436836-e2fe-4c30-b9a7-0098b489374f;1;Phenol;emissions to water/ocean;;Phenol;Elementary flows/Emission to water/ocean;;;;93a60a56-a3c8-11da-a746-0800200b9a66;Mass;;kg;20aadc24-a391-41cf-b340-3e4529f44bde;kg
5689df7a-2fbe-340b-8001-b17826c69f0e;fadaaa0e-6cd2-43af-b3fd-4f3b92ca72e2;1;Phenol;emissions to water/river;;Phenol;Elementary flows/Emission to water/fresh water;;;;93a60a56-a3c8-11da-a746-0800200b9a66;Mass;;kg;20aadc24-a391-41cf-b340-3e4529f44bde;kg
8404de3f-ff14-3eb5-acb2-2efcb4d80376;39153cb9-a8fe-4fc8-beef-1bf1edceb8e7;1;Phenol;emissions to water/unspecified;;Phenol;Elementary flows/Emission to water/unspecified;;;;93a60a56-a3c8-11da-a746-0800200b9a66;Mass;;kg;20aadc24-a391-41cf-b340-3e4529f44bde;kg
1912af82-3ac4-3968-9307-06f860cd2f91;e4f501bb-02e2-4562-be3c-5a047b6d2581;1;Phenol, 2,4-dichloro-;emissions to air/high. pop.;;2,4-Dichlorophenol;Elementary flows/Emission to air/high population density;;;;93a60a56-a3c8-11da-a746-0800200b9a66;Mass;;kg;20aadc24-a391-41cf-b340-3e4529f44bde;kg
906f769f-170e-3971-9654-79d5b8c02654;792c0778-933d-3de4-b1a1-5d6d823b5b34;1;Phenol, 2-chloro-;emissions to air/unspecified;;Phenol, 2-chloro-;Elementary flows/Emission to air/unspecified;;;;93a60a56-a3c8-11da-a746-0800200b9a66;Mass;;kg;20aadc24-a391-41cf-b340-3e4529f44bde;kg
f9c3948c-6076-390e-b96e-f8940db6ee81;391e5b72-7705-467f-ae7f-f44875b5f18b;1;Phenol, 2-chloro-;emissions to water/unspecified;;Chlorophenols unspecified;Elementary flows/Emission to water/unspecified;;;;93a60a56-a3c8-11da-a746-0800200b9a66;Mass;;kg;20aadc24-a391-41cf-b340-3e4529f44bde;kg
a8ae399b-f6b3-356e-b2ec-47ef0de5d6dd;31c006e5-aaa6-36ae-a898-aa9aae7bd69b;1;Phenol, 4-chloro-;emissions to air/unspecified;;Phenol, 4-chloro-;Elementary flows/Emission to air/unspecified;;;;93a60a56-a3c8-11da-a746-0800200b9a66;Mass;;kg;20aadc24-a391-41cf-b340-3e4529f44bde;kg
2956d416-f44a-329d-b2c4-7d69bf4cdb58;08b928d8-1812-4e0b-b057-4bcaaba24865;1;Phenol, pentachloro-;emissions to air/high. pop.;;Pentachlorophenol;Elementary flows/Emission to air/high population density;;;;93a60a56-a3c8-11da-a746-0800200b9a66;Mass;;kg;20aadc24-a391-41cf-b340-3e4529f44bde;kg
9d14ed71-defe-3c44-9878-768c9c3114e9;dc46afa7-0142-49e8-a353-ab6a1327bbc8;1;Phenol, pentachloro-;emissions to air/low. pop.;;Pentachlorophenol;Elementary flows/Emission to air/low population density;;;;93a60a56-a3c8-11da-a746-0800200b9a66;Mass;;kg;20aadc24-a391-41cf-b340-3e4529f44bde;kg
7afec808-d48b-3e96-8172-4d93aefa1086;cec6e39b-700c-432f-8c80-4840b0ddc92e;1;Phenol, pentachloro-;emissions to air/unspecified;;Pentachlorophenol;Elementary flows/Emission to air/unspecified;;;;93a60a56-a3c8-11da-a746-0800200b9a66;Mass;;kg;20aadc24-a391-41cf-b340-3e4529f44bde;kg
ff3cf6c0-96e6-3c9c-826e-88db98d75a88;82704d17-f5dc-43af-9693-45479450755b;1;Phenol, pentachloro-;emissions to water/river;;Phenol, pentachloro-;Elementary flows/Emission to water/fresh water;;;;93a60a56-a3c8-11da-a746-0800200b9a66;Mass;;kg;20aadc24-a391-41cf-b340-3e4529f44bde;kg
1ec08432-bf58-34bb-bc32-9626e4f6447b;24d49070-45df-4627-84fa-2d8adeca255b;1;Phorate;emissions to soil/agricultural;;Phorate;Elementary flows/Emission to soil/agricultural;;;;93a60a56-a3c8-11da-a746-0800200b9a66;Mass;;kg;20aadc24-a391-41cf-b340-3e4529f44bde;kg
45965d24-8279-3c6f-bd1d-9d931aacdc01;b268aafb-2e5a-4bb1-a3ab-37f378ee8090;1;Phosmet;emissions to soil/agricultural;;Phosmet;Elementary flows/Emission to soil/agricultural;;;;93a60a56-a3c8-11da-a746-0800200b9a66;Mass;;kg;20aadc24-a391-41cf-b340-3e4529f44bde;kg
8d5d0910-0a81-3fa3-b5fa-b2f5e5ea311d;e17ecc95-00ce-496d-8864-4728a6069971;1;Phosphate;emissions to soil/industrial;;Phosphate;Elementary flows/Emission to soil/industrial;;;;93a60a56-a3c8-11da-a746-0800200b9a66;Mass;;kg;20aadc24-a391-41cf-b340-3e4529f44bde;kg
9913cb4a-b19b-35fd-965b-562cf8471337;329fc7d8-4011-4327-84e4-34ff76f0e42d;1;Phosphate;emissions to water/groundwater;;Phosphate;Elementary flows/Emission to water/ground water;;;;93a60a56-a3c8-11da-a746-0800200b9a66;Mass;;kg;20aadc24-a391-41cf-b340-3e4529f44bde;kg
82184603-efa6-3f11-bfe7-bed6bd43d4e3;490b267b-f429-4d9a-ac79-224e37fb4d58;1;Phosphate;emissions to water/groundwater, long-term;;Phosphate;Elementary flows/Emission to water/ground water, long-term;;;;93a60a56-a3c8-11da-a746-0800200b9a66;Mass;;kg;20aadc24-a391-41cf-b340-3e4529f44bde;kg
38ea8389-e7fd-3ba1-ac78-fc73be9952ac;ad62c648-1af8-4805-bbfb-64c6361eb9f6;1;Phosphate;emissions to water/lake;;Phosphate;Elementary flows/Emission to water/lake;;;;93a60a56-a3c8-11da-a746-0800200b9a66;Mass;;kg;20aadc24-a391-41cf-b340-3e4529f44bde;kg
19d214bf-33dc-36f1-9911-4bd7bab0ba2b;3aaf9017-0d8a-42aa-9a60-cbc39e994e73;1;Phosphate;emissions to water/ocean;;Phosphate;Elementary flows/Emission to water/ocean;;;;93a60a56-a3c8-11da-a746-0800200b9a66;Mass;;kg;20aadc24-a391-41cf-b340-3e4529f44bde;kg
8b857fd7-ad22-3341-8507-b120576291ba;a87680bc-ecde-471a-88bb-6bc7482a62cf;1;Phosphate;emissions to water/river;;Phosphate;Elementary flows/Emission to water/fresh water;;;;93a60a56-a3c8-11da-a746-0800200b9a66;Mass;;kg;20aadc24-a391-41cf-b340-3e4529f44bde;kg
1f0c07b3-d2f3-303f-9d50-d2bc4cec4fd1;c8791f3c-3c4a-4278-91c0-483797d14da2;1;Phosphate;emissions to water/unspecified;;Phosphate;Elementary flows/Emission to water/unspecified;;;;93a60a56-a3c8-11da-a746-0800200b9a66;Mass;;kg;20aadc24-a391-41cf-b340-3e4529f44bde;kg
c0fb52c6-3be2-39aa-8bb8-eb1bb2fbac8e;fba3ef86-de65-4079-868d-8b6438d46092;1;Phosphine;emissions to air/high. pop.;;Phosphine;Elementary flows/Emission to air/high population density;;;;93a60a56-a3c8-11da-a746-0800200b9a66;Mass;;kg;20aadc24-a391-41cf-b340-3e4529f44bde;kg
7f11d022-4b74-366f-8959-81222f918c9a;097cecfb-bed2-43a0-81b7-c153d0bb14b9;1;Phosphine;emissions to air/unspecified;;Phosphine;Elementary flows/Emission to air/unspecified;;;;93a60a56-a3c8-11da-a746-0800200b9a66;Mass;;kg;20aadc24-a391-41cf-b340-3e4529f44bde;kg
49d3c499-55c1-3e5a-bead-25245264ccb0;5d0058e0-ad1b-4c15-b0ff-a665bb04154f;1;Phosphoric acid;emissions to air/high. pop.;;Phosphoric acid;Elementary flows/Emission to air/high population density;;;;93a60a56-a3c8-11da-a746-0800200b9a66;Mass;;kg;20aadc24-a391-41cf-b340-3e4529f44bde;kg
4d9af8e6-e8b3-39b3-9ac6-6673ce35fe90;198ce8e3-f05a-4bec-9f7f-325347453326;1;Phosphorus;emissions to air/high. pop.;;Phosphorus;Elementary flows/Emission to air/high population density;;;;93a60a56-a3c8-11da-a746-0800200b9a66;Mass;;kg;20aadc24-a391-41cf-b340-3e4529f44bde;kg
36dd8242-f0af-3c7a-8be9-42f9996f9fda;ea4e9316-5080-4b3b-bbf3-1949f6d7577a;1;Phosphorus;emissions to air/low. pop.;;Phosphorus;Elementary flows/Emission to air/low population density;;;;93a60a56-a3c8-11da-a746-0800200b9a66;Mass;;kg;20aadc24-a391-41cf-b340-3e4529f44bde;kg
b39ad3f4-ef11-3e2e-873c-b166db021d22;e2d35af7-9806-46ff-9b75-b124a48fa5a1;1;Phosphorus;emissions to air/low. pop., long-term;;Phosphorus;Elementary flows/Emission to air/low population density, long-term;;;;93a60a56-a3c8-11da-a746-0800200b9a66;Mass;;kg;20aadc24-a391-41cf-b340-3e4529f44bde;kg
6b4e7770-afd0-31ad-910b-c68a33b235f7;d761f94e-517d-41cf-89fa-17dc72f7a69b;1;Phosphorus;emissions to air/unspecified;;Phosphorus;Elementary flows/Emission to air/unspecified;;;;93a60a56-a3c8-11da-a746-0800200b9a66;Mass;;kg;20aadc24-a391-41cf-b340-3e4529f44bde;kg
be1303c0-930c-3163-8310-7046310d334b;c89a0749-40a5-4c9c-8770-c4295ea34977;1;Phosphorus;emissions to soil/agricultural;;Phosphorus;Elementary flows/Emission to soil/agricultural;;;;93a60a56-a3c8-11da-a746-0800200b9a66;Mass;;kg;20aadc24-a391-41cf-b340-3e4529f44bde;kg
29ee85e5-7964-3dbb-a363-4850d1bb3941;2f8952b0-c90c-4e3d-b546-52b862fc8f11;1;Phosphorus;emissions to soil/industrial;;Phosphorus;Elementary flows/Emission to soil/industrial;;;;93a60a56-a3c8-11da-a746-0800200b9a66;Mass;;kg;20aadc24-a391-41cf-b340-3e4529f44bde;kg
f45380ad-8649-339d-a433-306ea27e5e64;8b0a4a41-c65c-4d94-b10c-94ddb98abdd2;1;Phosphorus;emissions to soil/unspecified;;Phosphorus;Elementary flows/Emission to soil/unspecified;;;;93a60a56-a3c8-11da-a746-0800200b9a66;Mass;;kg;20aadc24-a391-41cf-b340-3e4529f44bde;kg
275e25eb-4e13-32db-8a82-981591f36913;b1fca66f-8e83-469a-a7b5-018e14d5d545;1;Phosphorus;emissions to water/groundwater;;Phosphorus;Elementary flows/Emission to water/ground water;;;;93a60a56-a3c8-11da-a746-0800200b9a66;Mass;;kg;20aadc24-a391-41cf-b340-3e4529f44bde;kg
703f7868-5dc9-31f7-abcd-6bacc007922f;62f3d964-9b53-4d01-9ee0-04112dcfc6d2;1;Phosphorus;emissions to water/ocean;;Phosphorus;Elementary flows/Emission to water/ocean;;;;93a60a56-a3c8-11da-a746-0800200b9a66;Mass;;kg;20aadc24-a391-41cf-b340-3e4529f44bde;kg
24366d9c-d96a-3605-a95d-d86ef05b34a1;4d11b9d2-f8b4-413f-822f-141d7ae493d8;1;Phosphorus;emissions to water/river;;Phosphorus;Elementary flows/Emission to water/fresh water;;;;93a60a56-a3c8-11da-a746-0800200b9a66;Mass;;kg;20aadc24-a391-41cf-b340-3e4529f44bde;kg
842fb738-c520-3ea0-9903-f54b13722004;2d4b8ec1-8d53-4e62-8a11-ebc45909b02e;1;Phosphorus;emissions to water/unspecified;;Phosphorus;Elementary flows/Emission to water/unspecified;;;;93a60a56-a3c8-11da-a746-0800200b9a66;Mass;;kg;20aadc24-a391-41cf-b340-3e4529f44bde;kg
3f6fabed-fd21-3e56-9a7d-0ee1b3cdd571;d13b2665-505d-49e2-8edd-dc966b0342af;1;Platinum;resources/biotic;;Platinum;Elementary flows/Resource/in ground;;;;93a60a56-a3c8-11da-a746-0800200b9a66;Mass;;kg;20aadc24-a391-41cf-b340-3e4529f44bde;kg
f9bf5a4e-cb32-3fbb-8fd5-39733b6dae56;16addd86-288b-419a-8217-75e4197c5f9d;1;Phosphorus trichloride;emissions to air/high. pop.;;Phosphorus trichloride;Elementary flows/Emission to air/high population density;;;;93a60a56-a3c8-11da-a746-0800200b9a66;Mass;;kg;20aadc24-a391-41cf-b340-3e4529f44bde;kg
b00b2389-3ba2-382a-8a1d-e8ca80f0f97d;9a7380d1-6e23-48ad-b35a-14bd1ecb3133;1;Phosphorus, 18% in apatite, 4% in crude ore;resources/in ground;;Phosphorus, 18% in apatite, 4% in crude ore;Elementary flows/Resource/in ground;;;;93a60a56-a3c8-11da-a746-0800200b9a66;Mass;;kg;20aadc24-a391-41cf-b340-3e4529f44bde;kg
9d63e1f3-fd39-3fab-b40b-dd0b34b5b69b;83d5b12c-781b-463a-81a2-cdc5918f75cf;1;Picloram;emissions to soil/agricultural;;Picloram;Elementary flows/Emission to soil/agricultural;;;;93a60a56-a3c8-11da-a746-0800200b9a66;Mass;;kg;20aadc24-a391-41cf-b340-3e4529f44bde;kg
e35c61ac-d7cc-3ca6-a61e-6628deb3142f;1a7fba0e-91a3-4ac2-a58e-44575eeed078;1;Picoxystrobin;emissions to soil/agricultural;;Picoxystrobin;Elementary flows/Emission to soil/agricultural;;;;93a60a56-a3c8-11da-a746-0800200b9a66;Mass;;kg;20aadc24-a391-41cf-b340-3e4529f44bde;kg
6ba8b2a1-ca00-3129-a9c8-43b249340cdc;13be989f-9a8e-420d-b27d-47c3565eb77c;1;Piperonyl butoxide;emissions to soil/agricultural;;Piperonyl butoxide;Elementary flows/Emission to soil/agricultural;;;;93a60a56-a3c8-11da-a746-0800200b9a66;Mass;;kg;20aadc24-a391-41cf-b340-3e4529f44bde;kg
419c5785-dc90-347f-a28e-659a2eaa538d;1c0699e2-9be2-4c30-8328-fc0ad8caac58;1;Pirimicarb;emissions to soil/agricultural;;Pirimicarb;Elementary flows/Emission to soil/agricultural;;;;93a60a56-a3c8-11da-a746-0800200b9a66;Mass;;kg;20aadc24-a391-41cf-b340-3e4529f44bde;kg
6eced565-2ef2-397e-b0c2-f481548e2254;e4ad89a2-c1d3-4d0b-ad44-2a7ff00b1f39;1;Platinum;emissions to air/high. pop.;;Platinum;Elementary flows/Emission to air/high population density;;;;93a60a56-a3c8-11da-a746-0800200b9a66;Mass;;kg;20aadc24-a391-41cf-b340-3e4529f44bde;kg
f1385e21-aa63-387c-8ce9-c55c12ecdcfa;d4238781-b3da-4efc-b20f-a5ec1d9d85b6;1;Platinum;emissions to air/low. pop.;;Platinum;Elementary flows/Emission to air/low population density;;;;93a60a56-a3c8-11da-a746-0800200b9a66;Mass;;kg;20aadc24-a391-41cf-b340-3e4529f44bde;kg
d0de9019-6059-3062-9415-eef78b3e01e1;f29a1f6e-0c76-4074-ba64-dcb724b2de9c;1;Platinum;emissions to air/unspecified;;Platinum;Elementary flows/Emission to air/unspecified;;;;93a60a56-a3c8-11da-a746-0800200b9a66;Mass;;kg;20aadc24-a391-41cf-b340-3e4529f44bde;kg
4add8070-afc1-3279-bbc9-d795dfb1d863;fed18945-b0e0-47a4-8fa0-6bc99c3c512a;1;Polychlorinated biphenyls;emissions to water/unspecified;;Polychlorinated biphenyls;Elementary flows/Emission to water/unspecified;;;;93a60a56-a3c8-11da-a746-0800200b9a66;Mass;;kg;20aadc24-a391-41cf-b340-3e4529f44bde;kg
04c3c823-d29e-321c-9c79-221e529486eb;929b7d7e-39d5-4320-8282-856d9a9f7f3f;1;Platinum;resources/unspecified;;Platinum;Elementary flows/Resource/unspecified;;;;93a60a56-a3c8-11da-a746-0800200b9a66;Mass;;kg;20aadc24-a391-41cf-b340-3e4529f44bde;kg
802277e8-6eb7-3c79-a1e3-18a59d8a7fc3;a55ba777-c1ec-338a-9482-fc6e006a56de;1;Platinum, Pt 2.5E-4%, Pd 7.3E-4%, Rh 2.0E-5%, Ni 2.3E+0%, Cu 3.2E+0% in ore;resources/in ground;;Platinum, Pt 2.5E-4%, Pd 7.3E-4%, Rh 2.0E-5%, Ni 2.3E+0%, Cu 3.2E+0% in ore;Elementary flows/Resource/in ground;;;;93a60a56-a3c8-11da-a746-0800200b9a66;Mass;;kg;20aadc24-a391-41cf-b340-3e4529f44bde;kg
447eba95-15d1-3bb0-b429-a6a10fb8f23b;6b47b4de-2322-358e-a3b8-57e2f26eafb3;1;Platinum, Pt 4.8E-4%, Pd 2.0E-4%, Rh 2.4E-5%, Ni 3.7E-2%, Cu 5.2E-2% in ore;resources/in ground;;Platinum, Pt 4.8E-4%, Pd 2.0E-4%, Rh 2.4E-5%, Ni 3.7E-2%, Cu 5.2E-2% in ore;Elementary flows/Resource/in ground;;;;93a60a56-a3c8-11da-a746-0800200b9a66;Mass;;kg;20aadc24-a391-41cf-b340-3e4529f44bde;kg
bb8b0262-0709-388f-81e0-7b8288222532;59c2b461-3992-4b18-8f27-699f4880cc4e;1;Plutonium-238;emissions to air/low. pop.;;Plutonium-238;Elementary flows/Emission to air/low population density;;;;93a60a56-a3c8-17da-a746-0800200c9a66;Radioactivity;;kBq;e9773595-284e-46dd-9671-5fc9ff406833;kBq
3ea807a9-ad6e-3703-ae45-cf1176868072;4f3ee6dc-f092-429b-82bc-b9538bdb751b;1;Plutonium-alpha;emissions to air/low. pop.;;Plutonium-alpha;Elementary flows/Emission to air/low population density;;;;93a60a56-a3c8-17da-a746-0800200c9a66;Radioactivity;;kBq;e9773595-284e-46dd-9671-5fc9ff406833;kBq
e1d356ad-6fa2-34bb-925a-1ca5822f6454;3ef6e30a-9742-48c8-adcd-48e38148004c;1;Plutonium-alpha;emissions to air/unspecified;;Plutonium-alpha;Elementary flows/Emission to air/unspecified;;;;93a60a56-a3c8-17da-a746-0800200c9a66;Radioactivity;;kBq;e9773595-284e-46dd-9671-5fc9ff406833;kBq
2a1694a2-d8ac-324e-9607-a3e9ca6ee8d6;d7606d42-844f-49ea-bed6-c67733bc04f4;1;Plutonium-alpha;emissions to water/river;;Plutonium-alpha;Elementary flows/Emission to water/fresh water;;;;93a60a56-a3c8-17da-a746-0800200c9a66;Radioactivity;;kBq;e9773595-284e-46dd-9671-5fc9ff406833;kBq
dc321910-7ba3-3b78-a83d-6e623d591955;ab046420-da89-48e5-9e05-2a2b703eb2fe;1;Polonium-210;emissions to air/high. pop.;;Polonium-210;Elementary flows/Emission to air/high population density;;;;93a60a56-a3c8-17da-a746-0800200c9a66;Radioactivity;;kBq;e9773595-284e-46dd-9671-5fc9ff406833;kBq
a7129b3f-b717-3cec-bf20-0b22bb8a2143;44dd80c7-9960-4881-8431-939509b81f53;1;Polonium-210;emissions to air/low. pop.;;Polonium-210;Elementary flows/Emission to air/low population density;;;;93a60a56-a3c8-17da-a746-0800200c9a66;Radioactivity;;kBq;e9773595-284e-46dd-9671-5fc9ff406833;kBq
850b1135-6498-3f48-acfb-e05cb8b0bc1c;13738d15-2256-40f6-99da-d802e5f4c747;1;Polonium-210;emissions to air/unspecified;;Polonium-210;Elementary flows/Emission to air/unspecified;;;;93a60a56-a3c8-17da-a746-0800200c9a66;Radioactivity;;kBq;e9773595-284e-46dd-9671-5fc9ff406833;kBq
3c19933d-6842-3482-96c3-91650e9f8de4;48725db0-ff99-4074-90a0-bb22165432bb;1;Polonium-210;emissions to water/groundwater;;Polonium-210;Elementary flows/Emission to water/ground water;;;;93a60a56-a3c8-17da-a746-0800200c9a66;Radioactivity;;kBq;e9773595-284e-46dd-9671-5fc9ff406833;kBq
8581e752-9ee4-3daa-9387-50c5e8c98591;f5eb4e80-a7ff-4f1b-b97f-933940bd1377;1;Polonium-210;emissions to water/lake;;Polonium-210;Elementary flows/Emission to water/lake;;;;93a60a56-a3c8-17da-a746-0800200c9a66;Radioactivity;;kBq;e9773595-284e-46dd-9671-5fc9ff406833;kBq
9a1163ea-dd5f-3bc4-be58-240b5cd9a0b4;c6976591-c1f2-4c53-b9ff-182db73f0a7f;1;Polonium-210;emissions to water/ocean;;Polonium-210;Elementary flows/Emission to water/ocean;;;;93a60a56-a3c8-17da-a746-0800200c9a66;Radioactivity;;kBq;e9773595-284e-46dd-9671-5fc9ff406833;kBq
2e7d2b01-909d-3b3e-a0df-7564b856c2bb;4bc227ab-878c-46ba-a999-39f8206ed864;1;Polonium-210;emissions to water/river;;Polonium-210;Elementary flows/Emission to water/fresh water;;;;93a60a56-a3c8-17da-a746-0800200c9a66;Radioactivity;;kBq;e9773595-284e-46dd-9671-5fc9ff406833;kBq
748bcd1c-9e76-3ce1-8dff-f1380026a060;456b8003-1508-4000-a53c-752e02023445;1;Polychlorinated biphenyls;emissions to air/high. pop.;;Polychlorinated biphenyls;Elementary flows/Emission to air/high population density;;;;93a60a56-a3c8-11da-a746-0800200b9a66;Mass;;kg;20aadc24-a391-41cf-b340-3e4529f44bde;kg
dca06d1a-e030-3389-ba64-86ec0b98483f;07279b73-709f-4ac2-a9e1-82fbd01ce301;1;Polychlorinated biphenyls;emissions to air/low. pop.;;Polychlorinated biphenyls;Elementary flows/Emission to air/low population density;;;;93a60a56-a3c8-11da-a746-0800200b9a66;Mass;;kg;20aadc24-a391-41cf-b340-3e4529f44bde;kg
66d7ca82-c2df-3b66-81d5-a01aa06305d4;c9b97088-efc6-43c1-8d26-f78d6cdbb50b;1;Polychlorinated biphenyls;emissions to air/unspecified;;Polychlorinated biphenyls;Elementary flows/Emission to air/unspecified;;;;93a60a56-a3c8-11da-a746-0800200b9a66;Mass;;kg;20aadc24-a391-41cf-b340-3e4529f44bde;kg
e747ac81-d3ec-3a62-83f0-6e37775603ce;35da65ff-7287-571d-b859-13d398ac5182;1;Praseodymium;resources/in ground;;Praseodymium;Elementary flows/Resource/in ground;;;;93a60a56-a3c8-11da-a746-0800200b9a66;Mass;;kg;20aadc24-a391-41cf-b340-3e4529f44bde;kg
3178570a-c828-34dc-ad72-7cbd25e53e77;aac39edf-68c5-4f38-9aa9-17e3ca265109;1;Potassium;emissions to air/high. pop.;;Potassium I;Elementary flows/Emission to air/high population density;;;;93a60a56-a3c8-11da-a746-0800200b9a66;Mass;;kg;20aadc24-a391-41cf-b340-3e4529f44bde;kg
e2fb5534-5e73-349a-83f8-239067a6b07f;9597c1a2-ecda-4a89-97c5-efcdc679058d;1;Potassium;emissions to air/low. pop.;;Potassium I;Elementary flows/Emission to air/low population density;;;;93a60a56-a3c8-11da-a746-0800200b9a66;Mass;;kg;20aadc24-a391-41cf-b340-3e4529f44bde;kg
a1361d92-f43d-3f10-8464-d7af33fcfa4d;926fdcf3-6c44-44e2-acb6-159060ac65cf;1;Potassium;emissions to air/low. pop., long-term;;Potassium I;Elementary flows/Emission to air/low population density, long-term;;;;93a60a56-a3c8-11da-a746-0800200b9a66;Mass;;kg;20aadc24-a391-41cf-b340-3e4529f44bde;kg
9dd6d9d2-9a0e-3787-82c2-bb9e99e0e556;756b1234-887b-406e-88ed-b50ba4694f09;1;Potassium;emissions to air/unspecified;;Potassium I;Elementary flows/Emission to air/unspecified;;;;93a60a56-a3c8-11da-a746-0800200b9a66;Mass;;kg;20aadc24-a391-41cf-b340-3e4529f44bde;kg
a117fde2-6083-3251-9c7b-9176d67a3a52;b717518e-b8b6-44fa-a8e1-f9fde2436caf;1;Potassium;emissions to soil/agricultural;;Potassium I;Elementary flows/Emission to soil/agricultural;;;;93a60a56-a3c8-11da-a746-0800200b9a66;Mass;;kg;20aadc24-a391-41cf-b340-3e4529f44bde;kg
5642c2e6-92e7-3c03-90ae-61fc959b7d72;bc269269-1874-4423-b5f0-eed0f5227684;1;Potassium;emissions to soil/industrial;;Potassium I;Elementary flows/Emission to soil/industrial;;;;93a60a56-a3c8-11da-a746-0800200b9a66;Mass;;kg;20aadc24-a391-41cf-b340-3e4529f44bde;kg
505d7d2d-f790-3a0f-b773-6261414cab17;73b26c10-3c57-4732-8a36-6d1d98d6c925;1;Potassium;emissions to soil/unspecified;;Potassium I;Elementary flows/Emission to soil/unspecified;;;;93a60a56-a3c8-11da-a746-0800200b9a66;Mass;;kg;20aadc24-a391-41cf-b340-3e4529f44bde;kg
39d3bf94-372a-3cf0-9b87-5e5b6201ef85;dcf8705e-f066-4a89-9311-d2993c27fb84;1;Potassium;emissions to water/groundwater;;Potassium;Elementary flows/Emission to water/ground water;;;;93a60a56-a3c8-11da-a746-0800200b9a66;Mass;;kg;20aadc24-a391-41cf-b340-3e4529f44bde;kg
1f585cd1-a994-3066-aa5f-3b81f4246a13;2f2083f7-404b-3c39-a1f6-2bc88e8b1e20;1;Potassium;emissions to water/groundwater, long-term;;Potassium;Elementary flows/Emission to water/ground water, long-term;;;;93a60a56-a3c8-11da-a746-0800200b9a66;Mass;;kg;20aadc24-a391-41cf-b340-3e4529f44bde;kg
24cae4df-a581-3507-b82f-c4eec6265ebb;08a91e70-3ddc-11dd-97c6-0050c2490048;1;Potassium;emissions to water/ocean;;Potassium;Elementary flows/Emission to water/ocean;;;;93a60a56-a3c8-11da-a746-0800200b9a66;Mass;;kg;20aadc24-a391-41cf-b340-3e4529f44bde;kg
28119057-a173-31c8-aab7-fafe5907b21c;a2632dc9-f27b-4f4d-bf67-c0bab45421dd;1;Potassium;emissions to water/river;;Potassium;Elementary flows/Emission to water/fresh water;;;;93a60a56-a3c8-11da-a746-0800200b9a66;Mass;;kg;20aadc24-a391-41cf-b340-3e4529f44bde;kg
c63ac2fa-af4e-338a-bdef-1df8d065f625;63e7fe65-8549-11e0-9d78-0800200c9a66;1;Potassium;emissions to water/unspecified;;Potassium;Elementary flows/Emission to water/unspecified;;;;93a60a56-a3c8-11da-a746-0800200b9a66;Mass;;kg;20aadc24-a391-41cf-b340-3e4529f44bde;kg
b7c5fb85-9c5e-3448-a946-7bf307d59db8;e373f7b4-42e9-4cc7-a73c-f87bec88008b;1;Potassium;resources/in ground;;Potassium;Elementary flows/Resource/in ground;;;;93a60a56-a3c8-11da-a746-0800200b9a66;Mass;;kg;20aadc24-a391-41cf-b340-3e4529f44bde;kg
ac8e5ec4-c800-3f68-af21-6e13e8f0be7a;041ff934-6556-11dd-ad8b-0800200c9a66;1;Potassium chloride;resources/in ground;;Potassium chloride;Elementary flows/Resource/in ground;;;;93a60a56-a3c8-11da-a746-0800200b9a66;Mass;;kg;20aadc24-a391-41cf-b340-3e4529f44bde;kg
2930dc8d-5003-3f90-9e84-fbfdd183aa02;e47a779e-8fcb-4d0e-bcff-b9b14a5be827;1;Potassium-40;emissions to air/high. pop.;;Potassium-40;Elementary flows/Emission to air/high population density;;;;93a60a56-a3c8-17da-a746-0800200c9a66;Radioactivity;;kBq;e9773595-284e-46dd-9671-5fc9ff406833;kBq
1989877d-a5c6-3431-a69b-aeeaad4bfbac;7069a2cd-257a-4a29-b10f-1e21ed853709;1;Potassium-40;emissions to air/low. pop.;;Potassium-40;Elementary flows/Emission to air/low population density;;;;93a60a56-a3c8-17da-a746-0800200c9a66;Radioactivity;;kBq;e9773595-284e-46dd-9671-5fc9ff406833;kBq
5adc05d1-d19b-3c66-8fa5-057236bc100a;4bc2ecf7-fbc3-4c74-81f6-30f9f4425d30;1;Potassium-40;emissions to air/unspecified;;Potassium-40;Elementary flows/Emission to air/unspecified;;;;93a60a56-a3c8-17da-a746-0800200c9a66;Radioactivity;;kBq;e9773595-284e-46dd-9671-5fc9ff406833;kBq
001f8942-e401-3953-b6cd-b2d27a2d9f0f;f970ac84-3896-4168-a701-c73bf475edbb;1;Potassium-40;emissions to water/groundwater;;Potassium-40;Elementary flows/Emission to water/ground water;;;;93a60a56-a3c8-17da-a746-0800200c9a66;Radioactivity;;kBq;e9773595-284e-46dd-9671-5fc9ff406833;kBq
ad2e84b4-2fcd-3fa3-a87e-22c8b93a60bf;c52555d3-077e-4970-9089-f5d30ab1212e;1;Potassium-40;emissions to water/ocean;;Potassium-40;Elementary flows/Emission to water/ocean;;;;93a60a56-a3c8-17da-a746-0800200c9a66;Radioactivity;;kBq;e9773595-284e-46dd-9671-5fc9ff406833;kBq
11a38a2b-0215-3c27-ab41-f9483cd5994a;5b6686f3-711c-4ebc-9190-6b153f048b93;1;Potassium-40;emissions to water/river;;Potassium-40;Elementary flows/Emission to water/fresh water;;;;93a60a56-a3c8-17da-a746-0800200c9a66;Radioactivity;;kBq;e9773595-284e-46dd-9671-5fc9ff406833;kBq
dc5d7287-5fbb-3f87-a902-cdd8016313d5;cf791833-26bc-5207-a9bd-6ddcd8ac7625;1;Samarium;resources/in ground;;Samarium;Elementary flows/Resource/in ground;;;;93a60a56-a3c8-11da-a746-0800200b9a66;Mass;;kg;20aadc24-a391-41cf-b340-3e4529f44bde;kg
351abc26-2eb9-3e1b-a5b3-cb437b22aac6;b1fedd38-0f13-4baa-a6e9-ccc453e5b2f5;1;Primisulfuron;emissions to soil/agricultural;;Primisulfuron;Elementary flows/Emission to soil/agricultural;;;;93a60a56-a3c8-11da-a746-0800200b9a66;Mass;;kg;20aadc24-a391-41cf-b340-3e4529f44bde;kg
9fa2802f-f0fd-3d70-8d55-4f681f1ca540;99f1e4a4-2f47-4098-8f28-4c736a5b675d;1;Prochloraz;emissions to soil/agricultural;;Prochloraz;Elementary flows/Emission to soil/agricultural;;;;93a60a56-a3c8-11da-a746-0800200b9a66;Mass;;kg;20aadc24-a391-41cf-b340-3e4529f44bde;kg
4a9fa442-f0e7-3336-bcf2-ace0fc5975b3;364cef97-0380-4d40-8b47-35e073f0c54f;1;Procymidone;emissions to soil/agricultural;;Procymidone;Elementary flows/Emission to soil/agricultural;;;;93a60a56-a3c8-11da-a746-0800200b9a66;Mass;;kg;20aadc24-a391-41cf-b340-3e4529f44bde;kg
c32aa4b5-734d-3377-be41-7dbc352ab13b;cab8d859-018a-4919-9324-f3febdea35e0;1;Profenofos;emissions to soil/agricultural;;Profenofos;Elementary flows/Emission to soil/agricultural;;;;93a60a56-a3c8-11da-a746-0800200b9a66;Mass;;kg;20aadc24-a391-41cf-b340-3e4529f44bde;kg
9a1f9683-1d0b-3b89-8edd-d96af8b6ee21;2e718246-b4f2-44e3-bcc5-2ce3496d2db6;1;Prohexadione-calcium;emissions to soil/agricultural;;Prohexadione calcium;Elementary flows/Emission to soil/agricultural;;;;93a60a56-a3c8-11da-a746-0800200b9a66;Mass;;kg;20aadc24-a391-41cf-b340-3e4529f44bde;kg
b3015c6a-2699-389e-a3c7-c2414cb4f13d;7000de19-18c4-4bfd-90a2-9b1f2346eb99;1;Prometryn;emissions to soil/agricultural;;Prometryn;Elementary flows/Emission to soil/agricultural;;;;93a60a56-a3c8-11da-a746-0800200b9a66;Mass;;kg;20aadc24-a391-41cf-b340-3e4529f44bde;kg
3f5fb348-230c-3bcd-97c9-4266f6fc13cb;30e130e0-ff90-4e07-9cda-c53b81e0bbe6;1;Pronamide;emissions to soil/agricultural;;Pronamide;Elementary flows/Emission to soil/agricultural;;;;93a60a56-a3c8-11da-a746-0800200b9a66;Mass;;kg;20aadc24-a391-41cf-b340-3e4529f44bde;kg
0c938eb0-7a65-322f-bd83-ec3c0e56a9f8;c1ad9058-6019-4835-ab47-d3e3f35b94d9;1;Propamocarb HCl;emissions to soil/agricultural;;Propamocarb HCl;Elementary flows/Emission to soil/agricultural;;;;93a60a56-a3c8-11da-a746-0800200b9a66;Mass;;kg;20aadc24-a391-41cf-b340-3e4529f44bde;kg
b3135449-6217-30db-8ab8-3aca351726ca;eeaeefc1-0af9-45e5-99a8-2333a387f0ae;1;Propanal;emissions to air/high. pop.;;Propanal;Elementary flows/Emission to air/high population density;;;;93a60a56-a3c8-11da-a746-0800200b9a66;Mass;;kg;20aadc24-a391-41cf-b340-3e4529f44bde;kg
08d24c19-e9d3-31bf-b621-34812e20c6de;963be8ca-e43d-4f8d-a97b-d8982035ffbc;1;Propanal;emissions to air/low. pop.;;Propanal;Elementary flows/Emission to air/low population density;;;;93a60a56-a3c8-11da-a746-0800200b9a66;Mass;;kg;20aadc24-a391-41cf-b340-3e4529f44bde;kg
355f59fa-dcb7-3d55-8654-168d3eb88f4f;555aed47-6c62-4cbe-b9b8-d01229284c8a;1;Propanal;emissions to air/unspecified;;Propanal;Elementary flows/Emission to air/unspecified;;;;93a60a56-a3c8-11da-a746-0800200b9a66;Mass;;kg;20aadc24-a391-41cf-b340-3e4529f44bde;kg
0f24f767-b9e8-3d3c-a376-c45d38dd94dd;d45d9782-c41e-4106-bc62-86e8093bef6a;1;Propanal;emissions to water/river;;Propanal;Elementary flows/Emission to water/fresh water;;;;93a60a56-a3c8-11da-a746-0800200b9a66;Mass;;kg;20aadc24-a391-41cf-b340-3e4529f44bde;kg
15e48608-fe4f-3ca8-b5a5-91644c88c8cf;98c66fdb-091d-46e9-a533-686f821e8f6a;1;Propane;emissions to air/high. pop.;;Propane;Elementary flows/Emission to air/high population density;;;;93a60a56-a3c8-11da-a746-0800200b9a66;Mass;;kg;20aadc24-a391-41cf-b340-3e4529f44bde;kg
5629a8b3-0eb9-393b-b4d5-0b0427b819a3;9beb60a3-3a8c-4345-9a0e-107eec2f709f;1;Propane;emissions to air/low. pop.;;Propane;Elementary flows/Emission to air/low population density;;;;93a60a56-a3c8-11da-a746-0800200b9a66;Mass;;kg;20aadc24-a391-41cf-b340-3e4529f44bde;kg
ae9370fd-3695-388f-bf25-30af3109ee1a;3a6c936c-0276-4f11-9d98-1bd011387a6e;1;Propane;emissions to air/unspecified;;Propane;Elementary flows/Emission to air/unspecified;;;;93a60a56-a3c8-11da-a746-0800200b9a66;Mass;;kg;20aadc24-a391-41cf-b340-3e4529f44bde;kg
1d9161f1-3506-343c-b675-77aaf088a244;7d1fe6d6-5635-314e-8559-ba9b7f41691e;1;Propane, 1,1,1,3,3-pentafluoro-, HFC-245fa;emissions to air/unspecified;;Propane, 1,1,1,3,3-pentafluoro-, HFC-245fa;Elementary flows/Emission to air/unspecified;;;;93a60a56-a3c8-11da-a746-0800200b9a66;Mass;;kg;20aadc24-a391-41cf-b340-3e4529f44bde;kg
6b5780dc-394b-38dc-8d55-c1b37b1fb95b;3f719ae6-5061-4d79-8b41-c71894928140;1;Propane, 1,2-dichloro-;emissions to water/river;;Propane, 1,2-dichloro-;Elementary flows/Emission to water/fresh water;;;;93a60a56-a3c8-11da-a746-0800200b9a66;Mass;;kg;20aadc24-a391-41cf-b340-3e4529f44bde;kg
338cd049-15e7-3217-9732-bbd01f00f636;51cd1fb1-dbac-368a-9d68-953b7b494cc8;1;Propane, perfluorocyclo-;emissions to air/high. pop.;;Propane, perfluorocyclo-;Elementary flows/Emission to air/high population density;;;;93a60a56-a3c8-11da-a746-0800200b9a66;Mass;;kg;20aadc24-a391-41cf-b340-3e4529f44bde;kg
cde58d64-b88f-393f-9b94-788b0612dc9f;a9224ed8-bdfd-4e66-9e97-df752e2485ef;1;Propanil;emissions to soil/agricultural;;Propanil;Elementary flows/Emission to soil/agricultural;;;;93a60a56-a3c8-11da-a746-0800200b9a66;Mass;;kg;20aadc24-a391-41cf-b340-3e4529f44bde;kg
e1238993-4bb7-307c-9379-2c37c3b6fb66;89107893-d6a6-4b60-b17e-7f4542461dfd;1;Propaquizafop;emissions to soil/agricultural;;Propaquizafop;Elementary flows/Emission to soil/agricultural;;;;93a60a56-a3c8-11da-a746-0800200b9a66;Mass;;kg;20aadc24-a391-41cf-b340-3e4529f44bde;kg
207d3376-8515-3d79-97ba-560054efeffb;6b3026ac-76b1-493d-bbcc-1281ac24905e;1;Propargite;emissions to soil/agricultural;;Propargite;Elementary flows/Emission to soil/agricultural;;;;93a60a56-a3c8-11da-a746-0800200b9a66;Mass;;kg;20aadc24-a391-41cf-b340-3e4529f44bde;kg
ba805f83-350a-36d4-bbfb-c22ad419bb87;ada09403-d5f2-4496-9201-a6dcca0b1717;1;Propene;emissions to air/high. pop.;;Propylene;Elementary flows/Emission to air/high population density;;;;93a60a56-a3c8-11da-a746-0800200b9a66;Mass;;kg;20aadc24-a391-41cf-b340-3e4529f44bde;kg
8c3b214d-1ff7-349f-9597-d94f8eacd336;23856318-9583-426b-ab04-12e4506b60a8;1;Propene;emissions to air/low. pop.;;Propylene;Elementary flows/Emission to air/low population density;;;;93a60a56-a3c8-11da-a746-0800200b9a66;Mass;;kg;20aadc24-a391-41cf-b340-3e4529f44bde;kg
f3cd5883-3952-3e5f-99db-43ff24cd5c84;64165202-4870-47d0-8602-b85e5d672865;1;Propene;emissions to air/unspecified;;Propylene;Elementary flows/Emission to air/unspecified;;;;93a60a56-a3c8-11da-a746-0800200b9a66;Mass;;kg;20aadc24-a391-41cf-b340-3e4529f44bde;kg
e8f098ae-8fbb-3bad-b0e4-e10ea5161c6c;5b78d61d-e67a-4f52-b15c-bb57a07ce649;1;Propene;emissions to water/river;;Propene;Elementary flows/Emission to water/fresh water;;;;93a60a56-a3c8-11da-a746-0800200b9a66;Mass;;kg;20aadc24-a391-41cf-b340-3e4529f44bde;kg
3425011b-6fb2-3b6c-9e48-606d38dd9433;f7c6455a-51e5-4aba-8361-99b98d47c47b;1;Propiconazole;emissions to soil/agricultural;;Propiconazole;Elementary flows/Emission to soil/agricultural;;;;93a60a56-a3c8-11da-a746-0800200b9a66;Mass;;kg;20aadc24-a391-41cf-b340-3e4529f44bde;kg
d9645866-88e0-3cc2-99c3-fa85d5f909f5;f1c0cd31-8d5e-4bc9-91f6-79e76329234e;1;Propionic acid;emissions to air/high. pop.;;Propionic acid;Elementary flows/Emission to air/high population density;;;;93a60a56-a3c8-11da-a746-0800200b9a66;Mass;;kg;20aadc24-a391-41cf-b340-3e4529f44bde;kg
c94bb6d4-a553-3b69-ac55-fa5dbf384ab9;0f907765-2a94-48a8-8978-55a2757d3e24;1;Propionic acid;emissions to air/low. pop.;;Propionic acid;Elementary flows/Emission to air/low population density;;;;93a60a56-a3c8-11da-a746-0800200b9a66;Mass;;kg;20aadc24-a391-41cf-b340-3e4529f44bde;kg
eff6f37c-3f6e-3e5d-8305-27d149f5bdee;a1ecc854-a399-4b01-bae2-3a88b12ed44f;1;Propionic acid;emissions to air/unspecified;;Propionic acid;Elementary flows/Emission to air/unspecified;;;;93a60a56-a3c8-11da-a746-0800200b9a66;Mass;;kg;20aadc24-a391-41cf-b340-3e4529f44bde;kg
6f576bbe-3b8d-3966-bedc-0d6b76897db6;1273b765-a764-4f0b-938d-8e8ba190ac8d;1;Propionic acid;emissions to water/river;;Propionic acid;Elementary flows/Emission to water/fresh water;;;;93a60a56-a3c8-11da-a746-0800200b9a66;Mass;;kg;20aadc24-a391-41cf-b340-3e4529f44bde;kg
6e9d1e94-479c-3ea2-932a-88f8fab75f06;3aa9471c-359f-40b4-b0c7-266123f2623e;1;Propoxycarbazone-sodium (prop);emissions to soil/agricultural;;Propoxycarbazone-sodium (prop);Elementary flows/Emission to soil/agricultural;;;;93a60a56-a3c8-11da-a746-0800200b9a66;Mass;;kg;20aadc24-a391-41cf-b340-3e4529f44bde;kg
4795b2be-5e0f-3f6a-a232-07e388175f7b;8c6412f6-e293-499a-897a-e33e3774b665;1;Propylamine;emissions to air/high. pop.;;Propyl amine;Elementary flows/Emission to air/high population density;;;;93a60a56-a3c8-11da-a746-0800200b9a66;Mass;;kg;20aadc24-a391-41cf-b340-3e4529f44bde;kg
8c9dd6a4-2afd-3fcd-9b70-d49983cb447a;dadccbaa-c0c5-46b3-aff7-0ac2ba2c3aa4;1;Propylamine;emissions to water/river;;Propylamine;Elementary flows/Emission to water/fresh water;;;;93a60a56-a3c8-11da-a746-0800200b9a66;Mass;;kg;20aadc24-a391-41cf-b340-3e4529f44bde;kg
95a53380-4adf-3e5a-9bea-453d2a89948c;2941714a-58f7-382e-be56-51d6e5cb4af0;1;Propylene glycol methyl ether acetate;emissions to air/unspecified;;Propylene glycol methyl ether acetate;Elementary flows/Emission to air/unspecified;;;;93a60a56-a3c8-11da-a746-0800200b9a66;Mass;;kg;20aadc24-a391-41cf-b340-3e4529f44bde;kg
67387a39-fb10-3112-87c4-bb2e467101f4;f276d4ca-b1ad-4575-9442-e35b5e3b618b;1;Propylene oxide;emissions to air/high. pop.;;Propylene oxide;Elementary flows/Emission to air/high population density;;;;93a60a56-a3c8-11da-a746-0800200b9a66;Mass;;kg;20aadc24-a391-41cf-b340-3e4529f44bde;kg
ff052172-edb3-3cee-84c1-cb4a4e1081e9;c4503380-1045-4670-a7da-fe5dcce56699;1;Propylene oxide;emissions to air/unspecified;;Propylene oxide;Elementary flows/Emission to air/unspecified;;;;93a60a56-a3c8-11da-a746-0800200b9a66;Mass;;kg;20aadc24-a391-41cf-b340-3e4529f44bde;kg
26ce3468-47c1-3477-bae3-3f95035b1c85;cfba50f9-99a2-4d76-ad0f-26f23d2c842b;1;Propylene oxide;emissions to water/river;;Propylene oxide;Elementary flows/Emission to water/fresh water;;;;93a60a56-a3c8-11da-a746-0800200b9a66;Mass;;kg;20aadc24-a391-41cf-b340-3e4529f44bde;kg
05199d0d-bcb8-30b8-bb34-d3c2e3658ed6;48fececf-9b55-408d-9782-72057c79effe;1;Propylene oxide;emissions to water/unspecified;;Propylene oxide;Elementary flows/Emission to water/unspecified;;;;93a60a56-a3c8-11da-a746-0800200b9a66;Mass;;kg;20aadc24-a391-41cf-b340-3e4529f44bde;kg
09a31dab-ad7c-3f1f-b8ac-a88aa0ef1f55;04cd03b8-8206-4d3a-a910-59ffc0550c2c;1;Prosulfuron;emissions to soil/agricultural;;Prosulfuron;Elementary flows/Emission to soil/agricultural;;;;93a60a56-a3c8-11da-a746-0800200b9a66;Mass;;kg;20aadc24-a391-41cf-b340-3e4529f44bde;kg
79dfe0a3-8755-3c24-bad0-9b18f13e0b47;fb13070e-06f1-4964-832f-a23945b880cc;1;Protactinium-234;emissions to air/low. pop.;;Protactinium-234;Elementary flows/Emission to air/low population density;;;;93a60a56-a3c8-17da-a746-0800200c9a66;Radioactivity;;kBq;e9773595-284e-46dd-9671-5fc9ff406833;kBq
dd0f2cec-68b5-39f7-9721-30acf8a69359;0267272f-ea07-498a-9723-43583f115b46;1;Protactinium-234;emissions to air/unspecified;;Protactinium-234;Elementary flows/Emission to air/unspecified;;;;93a60a56-a3c8-17da-a746-0800200c9a66;Radioactivity;;kBq;e9773595-284e-46dd-9671-5fc9ff406833;kBq
fb994839-bd1f-3ccd-b38b-67cc29e51bd8;35372933-4994-4200-9bbe-6f5118696dce;1;Protactinium-234;emissions to water/river;;Protactinium-234;Elementary flows/Emission to water/fresh water;;;;93a60a56-a3c8-17da-a746-0800200c9a66;Radioactivity;;kBq;e9773595-284e-46dd-9671-5fc9ff406833;kBq
5d351b7e-b522-3669-9bbb-310bad0585f1;cfa6de56-8a29-4a27-8868-fb6d1f092d36;1;Prothioconazol;emissions to soil/agricultural;;Prothioconazole;Elementary flows/Emission to soil/agricultural;;;;93a60a56-a3c8-11da-a746-0800200b9a66;Mass;;kg;20aadc24-a391-41cf-b340-3e4529f44bde;kg
4857581e-cd7e-3421-999c-91cb62e9a709;4402f445-984c-4728-be22-6f9aea1146b9;1;Pumice;resources/in ground;;Pumice;Elementary flows/Resource/in ground;;;;93a60a56-a3c8-11da-a746-0800200b9a66;Mass;;kg;20aadc24-a391-41cf-b340-3e4529f44bde;kg
34ec80e2-9845-3961-9b19-10f1b5890ea9;066a904d-beba-47a4-a153-3981ca3554e0;1;Pymetrozine;emissions to soil/agricultural;;Pymetrozine;Elementary flows/Emission to soil/agricultural;;;;93a60a56-a3c8-11da-a746-0800200b9a66;Mass;;kg;20aadc24-a391-41cf-b340-3e4529f44bde;kg
8b84aba7-1bcf-3a09-b601-b95edfe95513;c7328f5c-abaa-4786-a9ef-6706a9108382;1;Pyraclostrobin (prop);emissions to soil/agricultural;;Pyraclostrobin;Elementary flows/Emission to soil/agricultural;;;;93a60a56-a3c8-11da-a746-0800200b9a66;Mass;;kg;20aadc24-a391-41cf-b340-3e4529f44bde;kg
6223c1c7-2b1c-3b65-ac65-600e83f8c358;abcbc5ab-2f85-4da1-9bf0-5db48390a6ea;1;Pyriproxyfen;emissions to soil/agricultural;;Pyriproxyfen;Elementary flows/Emission to soil/agricultural;;;;93a60a56-a3c8-11da-a746-0800200b9a66;Mass;;kg;20aadc24-a391-41cf-b340-3e4529f44bde;kg
52b619a9-0c1c-33bd-8b8a-48cdb0e86fc5;c73e75dc-c02d-4192-ab43-faf29c119fae;1;Pyrite;resources/in ground;;Pyrite;Elementary flows/Resource/in ground;;;;93a60a56-a3c8-11da-a746-0800200b9a66;Mass;;kg;20aadc24-a391-41cf-b340-3e4529f44bde;kg
a36dda5f-f8cf-332b-a207-4e91c2fb4535;c6b0b28d-dddf-4610-b62e-971d328fae57;1;Pyrithiobac sodium salt;emissions to soil/agricultural;;Pyrithiobac sodium salt;Elementary flows/Emission to soil/agricultural;;;;93a60a56-a3c8-11da-a746-0800200b9a66;Mass;;kg;20aadc24-a391-41cf-b340-3e4529f44bde;kg
48d86baf-01df-3c2f-bbc8-2e40e447e389;658441e6-f7a0-4ce5-bbe7-329a2a9e31c8;1;Quinclorac;emissions to soil/agricultural;;Quinclorac;Elementary flows/Emission to soil/agricultural;;;;93a60a56-a3c8-11da-a746-0800200b9a66;Mass;;kg;20aadc24-a391-41cf-b340-3e4529f44bde;kg
e38f1bb5-de85-3bc3-a650-532cc3c532d6;80059f17-e3f9-4041-9fdc-31658ce27288;1;Quinoxyfen;emissions to soil/agricultural;;Quinoxyfen;Elementary flows/Emission to soil/agricultural;;;;93a60a56-a3c8-11da-a746-0800200b9a66;Mass;;kg;20aadc24-a391-41cf-b340-3e4529f44bde;kg
e0e7c7f1-a549-33cd-9914-b7ad46c09ea0;f9c73aca-3d5c-4072-81dd-b8e0643530a6;1;Quizalofop ethyl ester;emissions to soil/agricultural;;Quizalofop ethyl ester;Elementary flows/Emission to soil/agricultural;;;;93a60a56-a3c8-11da-a746-0800200b9a66;Mass;;kg;20aadc24-a391-41cf-b340-3e4529f44bde;kg
326e652e-5f4e-329c-98a2-e0a615c47e6f;be206401-d803-4b14-8319-53b916e9beef;1;Quizalofop-P;emissions to soil/agricultural;;Quizalofop-P;Elementary flows/Emission to soil/agricultural;;;;93a60a56-a3c8-11da-a746-0800200b9a66;Mass;;kg;20aadc24-a391-41cf-b340-3e4529f44bde;kg
b08272c3-dc75-3a3e-8099-a90c9a8522fc;819c2198-cbfd-49f7-ba23-bcd5cf8d477e;1;Radioactive species, alpha emitters;emissions to water/river;;Radioactive species, alpha emitters;Elementary flows/Emission to water/river;;;;93a60a56-a3c8-17da-a746-0800200c9a66;Radioactivity;;kBq;e9773595-284e-46dd-9671-5fc9ff406833;kBq
1cfc83cb-dd52-3387-bbeb-f2691c42ed10;2bbffe32-86bd-485c-95a2-844bbfd42840;1;Radioactive species, Nuclides, unspecified;emissions to water/ocean;;Radioactive species, Nuclides, unspecified;Elementary flows/Emission to water/ocean;;;;93a60a56-a3c8-17da-a746-0800200c9a66;Radioactivity;;kBq;e9773595-284e-46dd-9671-5fc9ff406833;kBq
d44030e2-5fa7-3b4d-b8b4-f62d48605e7d;aa2b6a85-dc2d-4ab8-9543-548242bfe830;1;Radioactive species, Nuclides, unspecified;emissions to water/river;;Radioactive species, Nuclides, unspecified;Elementary flows/Emission to water/river;;;;93a60a56-a3c8-17da-a746-0800200c9a66;Radioactivity;;kBq;e9773595-284e-46dd-9671-5fc9ff406833;kBq
6ebc7bd1-82bf-3a9b-9642-8e71dbfaac46;e8c62990-85c7-4f16-ab5f-76a5fc28a2a5;1;Radioactive species, Nuclides, unspecified;emissions to water/unspecified;;Radioactive species, Nuclides, unspecified;Elementary flows/Emission to water/unspecified;;;;93a60a56-a3c8-17da-a746-0800200c9a66;Radioactivity;;kBq;e9773595-284e-46dd-9671-5fc9ff406833;kBq
be2910b1-00ee-3aa9-a74e-79a42ad411c6;bc13f992-b93e-4ef3-921a-2898e7674a7c;1;Radioactive species, other beta emitters;emissions to air/high. pop.;;Radioactive species, other beta emitters;Elementary flows/Emission to air/high population density;;;;93a60a56-a3c8-17da-a746-0800200c9a66;Radioactivity;;kBq;e9773595-284e-46dd-9671-5fc9ff406833;kBq
687addd5-17be-3020-8b8d-11e91ac285cc;ca828b6a-5c31-4cce-941e-cc7c1900e6fe;1;Radioactive species, other beta emitters;emissions to air/low. pop.;;Radioactive species, other beta emitters;Elementary flows/Emission to air/low population density;;;;93a60a56-a3c8-17da-a746-0800200c9a66;Radioactivity;;kBq;e9773595-284e-46dd-9671-5fc9ff406833;kBq
151bab43-e061-36fe-ac5e-8e5fc4ee4226;630a48ab-c9f7-4bf0-9efd-9f865934c2c8;1;Radioactive species, other beta emitters;emissions to air/unspecified;;Radioactive species, other beta emitters;Elementary flows/Emission to air/unspecified;;;;93a60a56-a3c8-17da-a746-0800200c9a66;Radioactivity;;kBq;e9773595-284e-46dd-9671-5fc9ff406833;kBq
e3e849ae-e665-33b3-aa27-e53f56c1fe64;d13670ac-cdf5-3a86-86ff-b4629de202b7;1;Radioactive species, unspecified;emissions to air/low. pop.;;Radioactive species, unspecified;Elementary flows/Emission to air/low population density;;;;93a60a56-a3c8-17da-a746-0800200c9a66;Radioactivity;;kBq;e9773595-284e-46dd-9671-5fc9ff406833;kBq
e60d5ea7-ee0a-3d7c-8ec6-ae47e1ca7c33;49a41a2d-2f1c-463f-b844-eda304d847b3;1;Radioactive species, unspecified;emissions to air/unspecified;;Radioactive species, unspecified;Elementary flows/Emission to air/unspecified;;;;93a60a56-a3c8-17da-a746-0800200c9a66;Radioactivity;;kBq;e9773595-284e-46dd-9671-5fc9ff406833;kBq
ca49b58f-2d35-3e6f-b4d7-3c69fba1a24e;0a7de246-d762-4210-8656-56e1f26249b6;1;Radium-224;emissions to water/ocean;;Radium-224;Elementary flows/Emission to water/ocean;;;;93a60a56-a3c8-17da-a746-0800200c9a66;Radioactivity;;kBq;e9773595-284e-46dd-9671-5fc9ff406833;kBq
8218c473-2f1f-3fec-bc2f-37a597bcabb7;d73952b6-7af5-4473-b68d-b0ce7f063317;1;Radium-224;emissions to water/river;;Radium-224;Elementary flows/Emission to water/fresh water;;;;93a60a56-a3c8-17da-a746-0800200c9a66;Radioactivity;;kBq;e9773595-284e-46dd-9671-5fc9ff406833;kBq
94942210-1faa-35a1-bfb2-24d0597b9837;1c02cff4-e852-489b-893c-d3ed30eb8ca5;1;Radium-226;emissions to air/high. pop.;;Radium-226;Elementary flows/Emission to air/high population density;;;;93a60a56-a3c8-17da-a746-0800200c9a66;Radioactivity;;kBq;e9773595-284e-46dd-9671-5fc9ff406833;kBq
b635cd7f-5c49-3897-9c31-c6939f328d7e;d1679eda-eac2-4be4-876f-3be480c53dc4;1;Radium-226;emissions to air/low. pop.;;Radium-226;Elementary flows/Emission to air/low population density;;;;93a60a56-a3c8-17da-a746-0800200c9a66;Radioactivity;;kBq;e9773595-284e-46dd-9671-5fc9ff406833;kBq
0a36d64e-db18-325b-9ad1-ff0e9c1e7948;b912f4b4-34ac-4ec1-aba1-01b9c83683e5;1;Radium-226;emissions to air/unspecified;;Radium-226;Elementary flows/Emission to air/unspecified;;;;93a60a56-a3c8-17da-a746-0800200c9a66;Radioactivity;;kBq;e9773595-284e-46dd-9671-5fc9ff406833;kBq
5f096c6d-3330-3f38-a409-1fae5a543c0b;788c0461-92d9-4a39-b89b-e3c42a5c68ae;1;Radium-226;emissions to water/groundwater;;Radium-226;Elementary flows/Emission to water/ground water;;;;93a60a56-a3c8-17da-a746-0800200c9a66;Radioactivity;;kBq;e9773595-284e-46dd-9671-5fc9ff406833;kBq
4248993e-ff3d-3434-b3e1-901a489fb4ba;cab6be7d-d237-4464-87a3-eef17c46d8f3;1;Radium-226;emissions to water/lake;;Radium-226;Elementary flows/Emission to water/lake;;;;93a60a56-a3c8-17da-a746-0800200c9a66;Radioactivity;;kBq;e9773595-284e-46dd-9671-5fc9ff406833;kBq
d2072aac-b68e-39c2-80b5-8c617f9f3aec;74a0aabb-e11b-4f3b-8921-45e447b33393;1;Radium-226;emissions to water/ocean;;Radium-226;Elementary flows/Emission to water/ocean;;;;93a60a56-a3c8-17da-a746-0800200c9a66;Radioactivity;;kBq;e9773595-284e-46dd-9671-5fc9ff406833;kBq
e5025e90-4590-38ff-8c51-a87dfa6492e1;e839f221-2958-425e-b113-b3a5b12ca226;1;Radium-226;emissions to water/river;;Radium-226;Elementary flows/Emission to water/fresh water;;;;93a60a56-a3c8-17da-a746-0800200c9a66;Radioactivity;;kBq;e9773595-284e-46dd-9671-5fc9ff406833;kBq
ca90479f-d48a-39ab-b614-2a9587b8e70b;d65a94b4-0479-42cc-8274-2db66e1e6aeb;1;Radium-226;emissions to water/unspecified;;Radium-226;Elementary flows/Emission to water/unspecified;;;;93a60a56-a3c8-17da-a746-0800200c9a66;Radioactivity;;kBq;e9773595-284e-46dd-9671-5fc9ff406833;kBq
58417196-1090-3c37-8cd1-62997598e9c0;deafd761-4499-40e3-8667-06c91f204f6f;1;Radium-228;emissions to air/high. pop.;;Radium-228;Elementary flows/Emission to air/high population density;;;;93a60a56-a3c8-17da-a746-0800200c9a66;Radioactivity;;kBq;e9773595-284e-46dd-9671-5fc9ff406833;kBq
b2cf8894-d318-3edb-b761-69d982479fc0;793f8194-88c0-4315-b59e-58de48ba6ce4;1;Radium-228;emissions to air/low. pop.;;Radium-228;Elementary flows/Emission to air/low population density;;;;93a60a56-a3c8-17da-a746-0800200c9a66;Radioactivity;;kBq;e9773595-284e-46dd-9671-5fc9ff406833;kBq
da4b179b-450f-33b5-9618-28dfa67365af;d5ca33b3-f101-4371-b684-c720463ae2ab;1;Radium-228;emissions to air/unspecified;;Radium-228;Elementary flows/Emission to air/unspecified;;;;93a60a56-a3c8-17da-a746-0800200c9a66;Radioactivity;;kBq;e9773595-284e-46dd-9671-5fc9ff406833;kBq
925217e0-a167-373d-9083-32f048f2fd01;09257283-72d9-4d13-838b-ee7f28e6d146;1;Radium-228;emissions to water/ocean;;Radium-228;Elementary flows/Emission to water/ocean;;;;93a60a56-a3c8-17da-a746-0800200c9a66;Radioactivity;;kBq;e9773595-284e-46dd-9671-5fc9ff406833;kBq
7435c372-6bfc-326b-a62d-dcfed74f36b1;6ba6a13a-fba6-4c15-af46-4aab37ed99b8;1;Radium-228;emissions to water/river;;Radium-228;Elementary flows/Emission to water/fresh water;;;;93a60a56-a3c8-17da-a746-0800200c9a66;Radioactivity;;kBq;e9773595-284e-46dd-9671-5fc9ff406833;kBq
11d639dd-e04c-3fb1-a158-9fffd8ac6f10;4ea9bb4f-e4ab-45d7-beb5-dc07fc1c685a;1;Radium-228;emissions to water/unspecified;;Radium-228;Elementary flows/Emission to water/unspecified;;;;93a60a56-a3c8-17da-a746-0800200c9a66;Radioactivity;;kBq;e9773595-284e-46dd-9671-5fc9ff406833;kBq
cf6c7a70-8e69-3c46-8687-0aa82d1bad7c;98bd0642-19d0-4c76-930e-03136c21cc20;1;Radon-220;emissions to air/high. pop.;;Radon-220;Elementary flows/Emission to air/high population density;;;;93a60a56-a3c8-17da-a746-0800200c9a66;Radioactivity;;kBq;e9773595-284e-46dd-9671-5fc9ff406833;kBq
f18e1fc9-7e7c-3213-b0dd-5e34a28acc26;e70d3563-78c4-42cf-8cf3-5ac42c499589;1;Radon-220;emissions to air/low. pop.;;Radon-220;Elementary flows/Emission to air/low population density;;;;93a60a56-a3c8-17da-a746-0800200c9a66;Radioactivity;;kBq;e9773595-284e-46dd-9671-5fc9ff406833;kBq
3c02baa8-b92f-314c-843d-e8ad3ed8a5a7;b613b3b0-a98d-4b7a-a908-999ccfe1452d;1;Radon-220;emissions to air/unspecified;;Radon-220;Elementary flows/Emission to air/unspecified;;;;93a60a56-a3c8-17da-a746-0800200c9a66;Radioactivity;;kBq;e9773595-284e-46dd-9671-5fc9ff406833;kBq
f146ae27-2be1-3ac1-89a7-f2aac777ebca;6fd55524-c309-4eb8-bff6-9c606e3a82d7;1;Radon-222;emissions to air/high. pop.;;Radon-222;Elementary flows/Emission to air/high population density;;;;93a60a56-a3c8-17da-a746-0800200c9a66;Radioactivity;;kBq;e9773595-284e-46dd-9671-5fc9ff406833;kBq
2335a542-59b5-322c-b5c3-6bdf964fe558;1551f1cd-7cb7-4f68-a628-cb9301323c7b;1;Radon-222;emissions to air/low. pop.;;Radon-222;Elementary flows/Emission to air/low population density;;;;93a60a56-a3c8-17da-a746-0800200c9a66;Radioactivity;;kBq;e9773595-284e-46dd-9671-5fc9ff406833;kBq
c384a95a-2da4-321b-aaee-8dc9e90d2e60;4ac6979b-55f2-42ae-8d7e-37846e92506c;1;Radon-222;emissions to air/low. pop., long-term;;Radon-222;Elementary flows/Emission to air/low population density, long-term;;;;93a60a56-a3c8-17da-a746-0800200c9a66;Radioactivity;;kBq;e9773595-284e-46dd-9671-5fc9ff406833;kBq
a98780e5-9ecc-3907-890a-af371be51ddd;cb3265f8-49a0-4b09-9bd9-c374370c4cc4;1;Radon-222;emissions to air/unspecified;;Radon-222;Elementary flows/Emission to air/unspecified;;;;93a60a56-a3c8-17da-a746-0800200c9a66;Radioactivity;;kBq;e9773595-284e-46dd-9671-5fc9ff406833;kBq
8fc66176-236a-3702-8ad2-9eb1dc1ef52d;a2e6fb74-b047-5697-b5dd-e28cc68f29e6;1;Rhenium;resources/in ground;;Rhenium;Elementary flows/Resource/in ground;;;;93a60a56-a3c8-11da-a746-0800200b9a66;Mass;;kg;20aadc24-a391-41cf-b340-3e4529f44bde;kg
c14eefed-8ffb-35d1-859e-3e7496f02cec;8c90daf4-cbc1-309b-9f36-78377bfef810;1;Rhodium, Rh 2.0E-5%, Pt 2.5E-4%, Pd 7.3E-4%, Ni 2.3E+0%, Cu 3.2E+0% in ore;resources/in ground;;Rhodium, Rh 2.0E-5%, Pt 2.5E-4%, Pd 7.3E-4%, Ni 2.3E+0%, Cu 3.2E+0% in ore;Elementary flows/Resource/in ground;;;;93a60a56-a3c8-11da-a746-0800200b9a66;Mass;;kg;20aadc24-a391-41cf-b340-3e4529f44bde;kg
168348f2-8a04-33ef-b499-f79f3023b238;92b7ea9a-59d5-3486-a300-3028ea0e1538;1;Rhodium, Rh 2.4E-5%, Pt 4.8E-4%, Pd 2.0E-4%, Ni 3.7E-2%, Cu 5.2E-2% in ore;resources/in ground;;Rhodium, Rh 2.4E-5%, Pt 4.8E-4%, Pd 2.0E-4%, Ni 3.7E-2%, Cu 5.2E-2% in ore;Elementary flows/Resource/in ground;;;;93a60a56-a3c8-11da-a746-0800200b9a66;Mass;;kg;20aadc24-a391-41cf-b340-3e4529f44bde;kg
91760574-1485-3e66-8517-1a4e644984a0;8b4f0e68-38d5-4bee-b647-680d3a117560;1;Rimsulfuron;emissions to soil/agricultural;;Rimsulfuron;Elementary flows/Emission to soil/agricultural;;;;93a60a56-a3c8-11da-a746-0800200b9a66;Mass;;kg;20aadc24-a391-41cf-b340-3e4529f44bde;kg
ca9be480-5e97-33a7-911e-5ded4341a9c5;ebc5f04e-ae40-49b1-b07b-495f67e26c28;1;Rubidium;emissions to water/ocean;;Rubidium;Elementary flows/Emission to water/ocean;;;;93a60a56-a3c8-11da-a746-0800200b9a66;Mass;;kg;20aadc24-a391-41cf-b340-3e4529f44bde;kg
f86400ef-78e9-3df7-9c08-3234c05faad3;5dcb435e-8f61-4775-8112-9a57454adb88;1;Rubidium;emissions to water/river;;Rubidium;Elementary flows/Emission to water/fresh water;;;;93a60a56-a3c8-11da-a746-0800200b9a66;Mass;;kg;20aadc24-a391-41cf-b340-3e4529f44bde;kg
b64f326f-4ea9-3fa4-90fa-6609bd824e56;22798ed2-c8bb-42d5-8d7c-8e3b14d3bc3e;1;Ruthenium-103;emissions to air/low. pop.;;Ruthenium-103;Elementary flows/Emission to air/low population density;;;;93a60a56-a3c8-17da-a746-0800200c9a66;Radioactivity;;kBq;e9773595-284e-46dd-9671-5fc9ff406833;kBq
bf8c8385-d8f7-37ed-8281-ba25e3d5f269;e804f989-40c6-4a57-8a69-838ffb2ca08f;1;Ruthenium-103;emissions to water/river;;Ruthenium-103;Elementary flows/Emission to water/fresh water;;;;93a60a56-a3c8-17da-a746-0800200c9a66;Radioactivity;;kBq;e9773595-284e-46dd-9671-5fc9ff406833;kBq
c902c0e4-9cc4-3173-8dc7-1db8f6a657de;d134df3d-b37d-4c58-9913-b1653cdca3cc;1;Ruthenium-106;emissions to water/ocean;;Ruthenium-106;Elementary flows/Emission to water/ocean;;;;93a60a56-a3c8-17da-a746-0800200c9a66;Radioactivity;;kBq;e9773595-284e-46dd-9671-5fc9ff406833;kBq
81dfcaa7-1d8b-3936-9cbd-9f90864c09f5;1a3cb020-8e07-4ab4-8352-b215227eede0;1;Ruthenium-106;emissions to water/river;;Ruthenium-106;Elementary flows/Emission to water/fresh water;;;;93a60a56-a3c8-17da-a746-0800200c9a66;Radioactivity;;kBq;e9773595-284e-46dd-9671-5fc9ff406833;kBq
053dd22f-5ce1-3445-a18e-d01f23761e92;fbfabc26-84d9-46cd-9d1b-1a0060325b64;1;Selenium;emissions to air/stratosphere + troposphere;;Selenium IV;Elementary flows/Emission to air/lower stratosphere + upper troposphere;;;;93a60a56-a3c8-11da-a746-0800200b9a66;Mass;;kg;20aadc24-a391-41cf-b340-3e4529f44bde;kg
044f3765-bec2-3a9d-a837-26ffdfe8d47c;19fafab5-f4a8-380e-9d9d-1b873e20cfee;1;Sand;resources/in ground;;Sand;Elementary flows/Resource/in ground;;;;93a60a56-a3c8-11da-a746-0800200b9a66;Mass;;kg;20aadc24-a391-41cf-b340-3e4529f44bde;kg
1cdfd19a-d620-3001-be5a-a09609e23558;d1b66818-3611-341d-9535-a1ad6d19fa9f;1;Sand, resource correction;resources/in ground;;Sand, resource correction;Elementary flows/Resource/unspecified;;;;93a60a56-a3c8-11da-a746-0800200b9a66;Mass;;kg;20aadc24-a391-41cf-b340-3e4529f44bde;kg
9c469b0a-13a7-304f-81dd-9c91a57b2467;bba88093-bd9b-4b95-b869-74e718b796dc;1;Scandium;emissions to air/high. pop.;;Scandium;Elementary flows/Emission to air/high population density;;;;93a60a56-a3c8-11da-a746-0800200b9a66;Mass;;kg;20aadc24-a391-41cf-b340-3e4529f44bde;kg
90b46562-8af1-32e8-a1d0-0a6a86931873;17505bf8-40af-4580-8608-5841ff063d23;1;Scandium;emissions to air/low. pop.;;Scandium;Elementary flows/Emission to air/low population density;;;;93a60a56-a3c8-11da-a746-0800200b9a66;Mass;;kg;20aadc24-a391-41cf-b340-3e4529f44bde;kg
5c62afba-04b4-3d79-9100-a584a1c34bd1;3a3489d9-0d1f-4fb1-910a-1fdc7f1e4f71;1;Scandium;emissions to air/low. pop., long-term;;Scandium;Elementary flows/Emission to air/low population density, long-term;;;;93a60a56-a3c8-11da-a746-0800200b9a66;Mass;;kg;20aadc24-a391-41cf-b340-3e4529f44bde;kg
71a1086b-727a-3f38-bb51-0392879291b8;8000fc7d-edfe-4970-9224-a4c05281d46b;1;Scandium;emissions to air/unspecified;;Scandium;Elementary flows/Emission to air/unspecified;;;;93a60a56-a3c8-11da-a746-0800200b9a66;Mass;;kg;20aadc24-a391-41cf-b340-3e4529f44bde;kg
37828533-a81f-3c6e-b5c8-1409ac027fb9;0a6ae675-cdf2-475d-b4ef-486e78757d65;1;Scandium;emissions to water/groundwater;;Scandium;Elementary flows/Emission to water/ground water;;;;93a60a56-a3c8-11da-a746-0800200b9a66;Mass;;kg;20aadc24-a391-41cf-b340-3e4529f44bde;kg
88736441-6169-3a3d-b544-cdaaf916b2e7;f6266ac7-9608-47f2-bc91-3857eb366446;1;Scandium;emissions to water/groundwater, long-term;;Scandium;Elementary flows/Emission to water/ground water, long-term;;;;93a60a56-a3c8-11da-a746-0800200b9a66;Mass;;kg;20aadc24-a391-41cf-b340-3e4529f44bde;kg
fe86a5a9-893f-3acf-9e77-2f7c33719033;11a9c7c4-8368-467f-87c6-a8b12b124138;1;Scandium;emissions to water/river;;Scandium;Elementary flows/Emission to water/fresh water;;;;93a60a56-a3c8-11da-a746-0800200b9a66;Mass;;kg;20aadc24-a391-41cf-b340-3e4529f44bde;kg
785e58b6-7fd2-3414-928b-e0c13a736a48;a79be2ee-ac83-4328-a136-a34ba1f99089;1;Selenium;emissions to air/high. pop.;;Selenium IV;Elementary flows/Emission to air/high population density;;;;93a60a56-a3c8-11da-a746-0800200b9a66;Mass;;kg;20aadc24-a391-41cf-b340-3e4529f44bde;kg
8ea45c63-fd6a-3827-8e88-c625defc7d62;e6551223-73b6-4289-b841-c5cdeb25abd9;1;Selenium;emissions to air/low. pop.;;Selenium IV;Elementary flows/Emission to air/low population density;;;;93a60a56-a3c8-11da-a746-0800200b9a66;Mass;;kg;20aadc24-a391-41cf-b340-3e4529f44bde;kg
3d9230dd-72d3-318d-8b0b-3a19d2b12b79;93e71b71-05d4-4a44-a85a-592a6f21cf0c;1;Selenium;emissions to air/low. pop., long-term;;Selenium IV;Elementary flows/Emission to air/low population density, long-term;;;;93a60a56-a3c8-11da-a746-0800200b9a66;Mass;;kg;20aadc24-a391-41cf-b340-3e4529f44bde;kg
5fc2040f-5476-396c-950e-d9ad3e413810;454c61fd-c52b-4a04-9731-f141bb7b5264;1;Selenium;emissions to air/unspecified;;Selenium IV;Elementary flows/Emission to air/unspecified;;;;93a60a56-a3c8-11da-a746-0800200b9a66;Mass;;kg;20aadc24-a391-41cf-b340-3e4529f44bde;kg
2a42c986-2c3b-3ed0-b0a3-5875826c60a0;45acd8c0-657f-46d3-8026-4b3c9fadaeb6;1;Selenium;emissions to soil/unspecified;;Selenium IV;Elementary flows/Emission to soil/unspecified;;;;93a60a56-a3c8-11da-a746-0800200b9a66;Mass;;kg;20aadc24-a391-41cf-b340-3e4529f44bde;kg
780c1a18-9135-3ece-b2ff-35e32ecbabfb;c6ce1ad0-d8da-41d0-8db1-cabc3760b422;1;Selenium;emissions to soil/agricultural;;Selenium IV;Elementary flows/Emission to soil/agricultural;;;;93a60a56-a3c8-11da-a746-0800200b9a66;Mass;;kg;20aadc24-a391-41cf-b340-3e4529f44bde;kg
df719567-aec6-36c9-98ab-9e49010fd02a;56a24912-2d66-4124-87d8-f760c2fe3973;1;Selenium;emissions to soil/industrial;;Selenium IV;Elementary flows/Emission to soil/industrial;;;;93a60a56-a3c8-11da-a746-0800200b9a66;Mass;;kg;20aadc24-a391-41cf-b340-3e4529f44bde;kg
bfb9e745-02ae-3d6d-85e1-c48932a9e6b9;6284e146-54b2-4067-a478-9b8ee24c6400;1;Selenium;emissions to water/unspecified;;Selenium IV;Elementary flows/Emission to water/unspecified;;;;93a60a56-a3c8-11da-a746-0800200b9a66;Mass;;kg;20aadc24-a391-41cf-b340-3e4529f44bde;kg
4d9c8485-5bb5-3ad1-b7a5-03858b3bf5fb;1be475e0-ccef-4145-98e0-0d47c570a71b;1;Selenium;emissions to water/groundwater;;Selenium IV;Elementary flows/Emission to water/ground water;;;;93a60a56-a3c8-11da-a746-0800200b9a66;Mass;;kg;20aadc24-a391-41cf-b340-3e4529f44bde;kg
cea5dca4-7789-35ab-8ecc-120289cb356d;4d54a415-82d7-49ac-88e1-712bd0009363;1;Selenium;emissions to water/groundwater, long-term;;Selenium IV;Elementary flows/Emission to water/ground water, long-term;;;;93a60a56-a3c8-11da-a746-0800200b9a66;Mass;;kg;20aadc24-a391-41cf-b340-3e4529f44bde;kg
e1dcff13-cf67-312a-9222-0fa0f9869045;d168ac51-3eb7-4944-8795-89f21c12c040;1;Selenium;emissions to water/lake;;Selenium IV;Elementary flows/Emission to water/lake;;;;93a60a56-a3c8-11da-a746-0800200b9a66;Mass;;kg;20aadc24-a391-41cf-b340-3e4529f44bde;kg
59b767f2-9a7b-3023-8d15-96fd32ac0a1f;62cc5e18-da24-4fb7-9f7c-1601fedba341;1;Selenium;emissions to water/ocean;;Selenium IV;Elementary flows/Emission to water/ocean;;;;93a60a56-a3c8-11da-a746-0800200b9a66;Mass;;kg;20aadc24-a391-41cf-b340-3e4529f44bde;kg
ffbb64e5-32d7-38e0-98d9-612e8238fe91;307c1028-7727-4627-ac0b-a3c14fef1d7a;1;Selenium;emissions to water/river;;Selenium IV;Elementary flows/Emission to water/fresh water;;;;93a60a56-a3c8-11da-a746-0800200b9a66;Mass;;kg;20aadc24-a391-41cf-b340-3e4529f44bde;kg
2a32026e-183b-3a4a-8599-135971f611d3;00143719-33a7-5738-aa1b-131f97b4fef3;1;Silicon;resources/in ground;;Silicon;Elementary flows/Resource/in ground;;;;93a60a56-a3c8-11da-a746-0800200b9a66;Mass;;kg;20aadc24-a391-41cf-b340-3e4529f44bde;kg
f57d575b-0a43-3869-93fe-505c0a05ea81;82688564-c9d5-43ab-876e-1eb16fd97130;1;Sethoxydim;emissions to soil/agricultural;;Sethoxydim;Elementary flows/Emission to soil/agricultural;;;;93a60a56-a3c8-11da-a746-0800200b9a66;Mass;;kg;20aadc24-a391-41cf-b340-3e4529f44bde;kg
6abd92a3-7c5b-3660-ab76-d0452afcb9c6;9e9b6792-40e6-4d62-a3e0-ebebc0c65166;1;Shale;resources/in ground;;Shale;Elementary flows/Resource/in ground;;;;93a60a56-a3c8-11da-a746-0800200b9a66;Mass;;kg;20aadc24-a391-41cf-b340-3e4529f44bde;kg
1d2aa3b7-7bde-3b3f-a081-a1c4b0f38d22;a4630e3f-a739-3241-ab29-39190b9fa0eb;1;Shale;resources/unspecified;;Shale;Elementary flows/Resource/unspecified;;;;93a60a56-a3c8-11da-a746-0800200b9a66;Mass;;kg;20aadc24-a391-41cf-b340-3e4529f44bde;kg
30c10b89-402c-3aff-a189-2a3d58df9678;997dccfb-6574-46b8-ad93-7f31074abf9a;1;Silicon;emissions to air/high. pop.;;Silicon;Elementary flows/Emission to air/high population density;;;;93a60a56-a3c8-11da-a746-0800200b9a66;Mass;;kg;20aadc24-a391-41cf-b340-3e4529f44bde;kg
8251cb9a-9f34-3033-8de6-7153c85acafc;479daf8f-657e-46a6-bdea-3cb2c61c44b1;1;Silicon;emissions to air/low. pop.;;Silicon;Elementary flows/Emission to air/low population density;;;;93a60a56-a3c8-11da-a746-0800200b9a66;Mass;;kg;20aadc24-a391-41cf-b340-3e4529f44bde;kg
685e1e93-a611-31d0-a0ef-7b3faf7e19bc;2cea4705-5460-4f03-80ca-1aaf90f17c3a;1;Silicon;emissions to air/low. pop., long-term;;Silicon;Elementary flows/Emission to air/low population density, long-term;;;;93a60a56-a3c8-11da-a746-0800200b9a66;Mass;;kg;20aadc24-a391-41cf-b340-3e4529f44bde;kg
343e0bd6-6a74-31c1-9463-c67c0c53733e;e98b9661-2844-49dc-9ae4-855b9912c700;1;Silicon;emissions to air/unspecified;;Silicon;Elementary flows/Emission to air/unspecified;;;;93a60a56-a3c8-11da-a746-0800200b9a66;Mass;;kg;20aadc24-a391-41cf-b340-3e4529f44bde;kg
8631715d-422e-3668-912c-645bfecbbd34;39f248d5-dd9b-4460-8f34-3415dc3f3e43;1;Silicon;emissions to soil/agricultural;;Silicon;Elementary flows/Emission to soil/agricultural;;;;93a60a56-a3c8-11da-a746-0800200b9a66;Mass;;kg;20aadc24-a391-41cf-b340-3e4529f44bde;kg
9a553913-3e10-362f-807a-955549e6fb91;a57cb19d-f436-4c0c-a2ab-097c544bd95f;1;Silicon;emissions to soil/industrial;;Silicon;Elementary flows/Emission to soil/industrial;;;;93a60a56-a3c8-11da-a746-0800200b9a66;Mass;;kg;20aadc24-a391-41cf-b340-3e4529f44bde;kg
c85b20a2-e423-3b5b-aba0-0ff551cf35d4;6575edf4-826c-4e99-a21a-08a1afec1396;1;Silicon;emissions to soil/unspecified;;Silicon;Elementary flows/Emission to soil/unspecified;;;;93a60a56-a3c8-11da-a746-0800200b9a66;Mass;;kg;20aadc24-a391-41cf-b340-3e4529f44bde;kg
ffcce352-ab1e-3dd5-83c2-3db052891dad;fc91fc6f-596e-424a-9ee4-4432d718a66f;1;Silicon;emissions to water/groundwater;;Silicon;Elementary flows/Emission to water/ground water;;;;93a60a56-a3c8-11da-a746-0800200b9a66;Mass;;kg;20aadc24-a391-41cf-b340-3e4529f44bde;kg
419a6cae-3a52-3a1c-89cb-49477fe896c5;ce88a9b6-0afa-4f68-9b32-8c3438bf4025;1;Silicon;emissions to water/groundwater, long-term;;Silicon;Elementary flows/Emission to water/ground water, long-term;;;;93a60a56-a3c8-11da-a746-0800200b9a66;Mass;;kg;20aadc24-a391-41cf-b340-3e4529f44bde;kg
a2549849-14cc-3785-92f5-29a3f53609d6;5fefa2d0-133d-444f-b1fe-596d15f4673e;1;Silicon;emissions to water/ocean;;Silicon;Elementary flows/Emission to water/ocean;;;;93a60a56-a3c8-11da-a746-0800200b9a66;Mass;;kg;20aadc24-a391-41cf-b340-3e4529f44bde;kg
cccdb1a6-b6a9-372a-8cff-57933ff6be21;9b79e20c-f793-4582-8cc7-e8add9c493db;1;Silicon;emissions to water/river;;Silicon;Elementary flows/Emission to water/river;;;;93a60a56-a3c8-11da-a746-0800200b9a66;Mass;;kg;20aadc24-a391-41cf-b340-3e4529f44bde;kg
7840835b-2d96-3c21-b811-f48b2eaf8393;b8823bae-a149-44d7-825b-30708a97cb5f;1;Silicon;emissions to water/unspecified;;Silicon;Elementary flows/Emission to water/unspecified;;;;93a60a56-a3c8-11da-a746-0800200b9a66;Mass;;kg;20aadc24-a391-41cf-b340-3e4529f44bde;kg
5e4b44df-d16e-3cf2-af08-d7b90a912622;71cfe87c-ab80-421e-adba-afb7d5bd0861;1;Silver;emissions to water/groundwater;;Silver I;Elementary flows/Emission to water/ground water;;;;93a60a56-a3c8-11da-a746-0800200b9a66;Mass;;kg;20aadc24-a391-41cf-b340-3e4529f44bde;kg
79ae6c4d-64b3-3488-b5e4-ea701c0696c5;ee7b9d2a-a8d7-4df3-ad61-7dd51a39480d;1;Silicon tetrafluoride;emissions to air/low. pop.;;Silicon tetrafluoride;Elementary flows/Emission to air/low population density;;;;93a60a56-a3c8-11da-a746-0800200b9a66;Mass;;kg;20aadc24-a391-41cf-b340-3e4529f44bde;kg
8e703ea9-a966-3790-a303-40a64d0bb72b;10555050-586c-46b7-848e-9d90324d104b;1;Silicon tetrafluoride;emissions to air/unspecified;;Silicon tetrafluoride;Elementary flows/Emission to air/unspecified;;;;93a60a56-a3c8-11da-a746-0800200b9a66;Mass;;kg;20aadc24-a391-41cf-b340-3e4529f44bde;kg
fe2797c7-3a2a-3ff7-a922-f2cc2f154442;1417474c-bf73-4ffc-9eff-94a994bf76a8;1;Silthiofam;emissions to soil/agricultural;;Silthiofam;Elementary flows/Emission to soil/agricultural;;;;93a60a56-a3c8-11da-a746-0800200b9a66;Mass;;kg;20aadc24-a391-41cf-b340-3e4529f44bde;kg
4d531d5f-b4f1-3fb6-982f-10b1774043e3;c6462d84-caa9-425a-a923-45238690c6f3;1;Silver;emissions to air/high. pop.;;Silver I;Elementary flows/Emission to air/high population density;;;;93a60a56-a3c8-11da-a746-0800200b9a66;Mass;;kg;20aadc24-a391-41cf-b340-3e4529f44bde;kg
54981635-3573-3abf-8dc5-d7d5999f7296;35df5fe0-c90d-43b4-a35a-3d97022114d2;1;Silver;emissions to air/low. pop.;;Silver I;Elementary flows/Emission to air/low population density;;;;93a60a56-a3c8-11da-a746-0800200b9a66;Mass;;kg;20aadc24-a391-41cf-b340-3e4529f44bde;kg
8db151e3-ec5b-3a2e-a63d-b5b9953b1178;0ed1b1a1-e56d-4860-bac7-d76a39bde930;1;Silver;emissions to air/low. pop., long-term;;Silver I;Elementary flows/Emission to air/low population density, long-term;;;;93a60a56-a3c8-11da-a746-0800200b9a66;Mass;;kg;20aadc24-a391-41cf-b340-3e4529f44bde;kg
fe35e30a-6e4b-31e5-996c-f042b9073aa2;ebb88ef4-50ab-4e3b-9251-c5fcdf6b4768;1;Silver;emissions to air/unspecified;;Silver I;Elementary flows/Emission to air/unspecified;;;;93a60a56-a3c8-11da-a746-0800200b9a66;Mass;;kg;20aadc24-a391-41cf-b340-3e4529f44bde;kg
4c6fcf66-726a-3cf8-9e1d-1defad0c9c67;fce0b9ae-53c8-4ab0-9e7a-7f5c2ed2c856;1;Silver;emissions to soil/agricultural;;Silver I;Elementary flows/Emission to soil/agricultural;;;;93a60a56-a3c8-11da-a746-0800200b9a66;Mass;;kg;20aadc24-a391-41cf-b340-3e4529f44bde;kg
e4fe8e7c-8ce3-3644-88b4-44c0a9ae918a;7da45a0b-0dcf-413c-8de0-44d8ebca9e6e;1;Silver;emissions to soil/unspecified;;Silver I;Elementary flows/Emission to soil/unspecified;;;;93a60a56-a3c8-11da-a746-0800200b9a66;Mass;;kg;20aadc24-a391-41cf-b340-3e4529f44bde;kg
05d59722-cbcb-3e87-8625-98acce79f76d;94426df9-63b1-4dc6-ad1b-3509e22f1154;1;Silver;emissions to water/groundwater, long-term;;Silver I;Elementary flows/Emission to water/ground water, long-term;;;;93a60a56-a3c8-11da-a746-0800200b9a66;Mass;;kg;20aadc24-a391-41cf-b340-3e4529f44bde;kg
d2bff3bc-c120-3760-b17a-e6eb7724cc97;525d2bc8-8e04-4c3e-935f-91af31af1553;1;Silver;emissions to water/lake;;Silver I;Elementary flows/Emission to water/lake;;;;93a60a56-a3c8-11da-a746-0800200b9a66;Mass;;kg;20aadc24-a391-41cf-b340-3e4529f44bde;kg
01900686-e57b-3f56-b0c3-f6e5691552b0;4468e7d7-d456-4bad-aa43-b6ddd36b20bb;1;Silver;emissions to water/ocean;;Silver I;Elementary flows/Emission to water/ocean;;;;93a60a56-a3c8-11da-a746-0800200b9a66;Mass;;kg;20aadc24-a391-41cf-b340-3e4529f44bde;kg
28f06826-a87e-30fd-b675-35da75126f74;6570b202-29b7-4525-ab23-c56f1913903d;1;Silver;emissions to water/river, long-term;;Silver I;Elementary flows/Emission to water/river, long-term;;;;93a60a56-a3c8-11da-a746-0800200b9a66;Mass;;kg;20aadc24-a391-41cf-b340-3e4529f44bde;kg
437ba61d-d6a7-314c-814e-9751ce200f3b;60d55006-b236-4d9d-8700-71e92bc401af;1;Silver;emissions to water/river;;Silver I;Elementary flows/Emission to water/fresh water;;;;93a60a56-a3c8-11da-a746-0800200b9a66;Mass;;kg;20aadc24-a391-41cf-b340-3e4529f44bde;kg
9bb6734c-bc4b-3e9a-bc0e-03cdcab00137;6aa8673f-f7e3-4270-93dc-e97b745fced7;1;Silver;emissions to water/unspecified;;Silver I;Elementary flows/Emission to water/unspecified;;;;93a60a56-a3c8-11da-a746-0800200b9a66;Mass;;kg;20aadc24-a391-41cf-b340-3e4529f44bde;kg
948185df-aa1b-30d4-b401-fef9a9788584;0b9159dd-305d-4add-802f-f7b780ed0289;1;Sodium chloride;resources/in ground;;Sodium chloride;Elementary flows/Resource/in ground;;;;93a60a56-a3c8-11da-a746-0800200b9a66;Mass;;kg;20aadc24-a391-41cf-b340-3e4529f44bde;kg
1290b638-2f40-3c13-a489-4b35c70fc71c;361a64cb-ab76-4a72-9ea1-c07d6a20c124;1;Silver;resources/in ground;;Silver;Elementary flows/Resource/in ground;;;;93a60a56-a3c8-11da-a746-0800200b9a66;Mass;;kg;20aadc24-a391-41cf-b340-3e4529f44bde;kg
c5a47def-bcd6-3d11-89df-e33fc8cc6e63;c15f6c4d-bf7a-4a7c-91c6-53aad6a630a8;1;Silver, 0.007% in sulfide, Ag 0.004%, Pb, Zn, Cd, In;resources/in ground;;Silver, 0.007% in sulfide, Ag 0.004%, Pb, Zn, Cd, In;Elementary flows/Resource/in ground;;;;93a60a56-a3c8-11da-a746-0800200b9a66;Mass;;kg;20aadc24-a391-41cf-b340-3e4529f44bde;kg
c1a269ee-4bfb-3235-a296-f2c913af13e6;14946240-b1ee-412c-b900-ed5728a4e684;1;Silver, 3.2ppm in sulfide, Ag 1.2ppm, Cu and Te, in crude ore;resources/in ground;;Silver, 3.2ppm in sulfide, Ag 1.2ppm, Cu and Te, in crude ore;Elementary flows/Resource/in ground;;;;93a60a56-a3c8-11da-a746-0800200b9a66;Mass;;kg;20aadc24-a391-41cf-b340-3e4529f44bde;kg
1fa12e52-cb4f-3c4f-9c72-667e41c23b49;d02343bd-b00d-4fb3-9bda-2e8183f3b012;1;Silver, Ag 2.1E-4%, Au 2.1E-4%, in ore;resources/in ground;;Silver, Ag 2.1E-4%, Au 2.1E-4%, in ore;Elementary flows/Resource/in ground;;;;93a60a56-a3c8-11da-a746-0800200b9a66;Mass;;kg;20aadc24-a391-41cf-b340-3e4529f44bde;kg
5683967a-d4e0-310a-ae54-8a4c9be61430;d76320f7-6761-4864-92a6-660fa3453ffa;1;Silver, Ag 4.2E-3%, Au 1.1E-4%, in ore;resources/in ground;;Silver, Ag 4.2E-3%, Au 1.1E-4%, in ore;Elementary flows/Resource/in ground;;;;93a60a56-a3c8-11da-a746-0800200b9a66;Mass;;kg;20aadc24-a391-41cf-b340-3e4529f44bde;kg
aeb72597-e56b-3764-beb4-80664e26e1b8;6f70e7c7-ef61-4489-b4f3-157e7e8541ef;1;Silver, Ag 4.6E-5%, Au 1.3E-4%, in ore;resources/in ground;;Silver, Ag 4.6E-5%, Au 1.3E-4%, in ore;Elementary flows/Resource/in ground;;;;93a60a56-a3c8-11da-a746-0800200b9a66;Mass;;kg;20aadc24-a391-41cf-b340-3e4529f44bde;kg
2a3b7332-3e60-3fe7-9c07-f60c5bbcf43c;cfaa80f4-8e19-4fd6-942a-eaea14812896;1;Silver, Ag 9.7E-4%, Au 9.7E-4%, Zn 0.63%, Cu 0.38%, Pb 0.014%, in ore;resources/in ground;;Silver, Ag 9.7E-4%, Au 9.7E-4%, Zn 0.63%, Cu 0.38%, Pb 0.014%, in ore;Elementary flows/Resource/in ground;;;;93a60a56-a3c8-11da-a746-0800200b9a66;Mass;;kg;20aadc24-a391-41cf-b340-3e4529f44bde;kg
02b5add7-bd6e-3ea0-b139-60fb0bfd888a;2c9e7fba-dd57-4294-8a5e-2aa489930f69;1;Silver-110;emissions to air/low. pop.;;Silver-110;Elementary flows/Emission to air/low population density;;abcf9943-af4d-34ee-b893-245fbec089eb;;93a60a56-a3c8-17da-a746-0800200c9a66;Radioactivity;;kBq;e9773595-284e-46dd-9671-5fc9ff406833;kBq
9f42ed8c-176e-3ad3-bb23-80af5af21f6b;c62c75a7-339e-4133-9b89-ef46aa607f2a;1;Silver-110;emissions to water/river;;Silver-110;Elementary flows/Emission to water/fresh water;;;;93a60a56-a3c8-17da-a746-0800200c9a66;Radioactivity;;kBq;e9773595-284e-46dd-9671-5fc9ff406833;kBq
96f9a442-ea66-3937-ad60-f962c6794235;3ac07adf-7b44-46f7-9470-b7b1bf0ba961;1;Simazine;emissions to soil/agricultural;;Simazine;Elementary flows/Emission to soil/agricultural;;;;93a60a56-a3c8-11da-a746-0800200b9a66;Mass;;kg;20aadc24-a391-41cf-b340-3e4529f44bde;kg
cb643e25-6893-3bcc-b213-2064b505c000;98eb1d16-9d7a-4716-9be4-1449341a832f;1;Sodium;emissions to air/high. pop.;;Sodium I;Elementary flows/Emission to air/high population density;;;;93a60a56-a3c8-11da-a746-0800200b9a66;Mass;;kg;20aadc24-a391-41cf-b340-3e4529f44bde;kg
83de3396-921e-3a0f-8675-ec9a4950c3aa;3d719c07-ec27-4971-b7cc-4bcf17d77dd3;1;Sodium;emissions to air/low. pop.;;Sodium I;Elementary flows/Emission to air/low population density;;;;93a60a56-a3c8-11da-a746-0800200b9a66;Mass;;kg;20aadc24-a391-41cf-b340-3e4529f44bde;kg
e4927f98-f745-3f24-8b6d-d05953275f56;01248058-8a0f-40f6-8555-13ec37c7931d;1;Sodium;emissions to air/low. pop., long-term;;Sodium I;Elementary flows/Emission to air/low population density, long-term;;;;93a60a56-a3c8-11da-a746-0800200b9a66;Mass;;kg;20aadc24-a391-41cf-b340-3e4529f44bde;kg
6b100b8f-ffa1-3437-8371-ef76f7fe0a36;235b2f02-ff98-4da9-82e2-e4246c7b7990;1;Sodium;emissions to air/unspecified;;Sodium I;Elementary flows/Emission to air/unspecified;;;;93a60a56-a3c8-11da-a746-0800200b9a66;Mass;;kg;20aadc24-a391-41cf-b340-3e4529f44bde;kg
ea043c8e-5a09-3982-b7e0-e90fe2531330;896bfa32-a9a9-4e75-aed0-e178987ec038;1;Sodium;emissions to soil/agricultural;;Sodium I;Elementary flows/Emission to soil/agricultural;;;;93a60a56-a3c8-11da-a746-0800200b9a66;Mass;;kg;20aadc24-a391-41cf-b340-3e4529f44bde;kg
dd1d24c4-b3fa-33f5-a4e7-4058a570d3d9;cc1c987a-2b6e-4cbc-969a-73f1c96de448;1;Sodium;emissions to soil/industrial;;Sodium I;Elementary flows/Emission to soil/industrial;;;;93a60a56-a3c8-11da-a746-0800200b9a66;Mass;;kg;20aadc24-a391-41cf-b340-3e4529f44bde;kg
07b80bb2-ef8d-39fc-9856-525e6b1cd47b;4573f0c9-0fdd-413f-ae74-e27290f40743;1;Sodium;emissions to soil/unspecified;;Sodium I;Elementary flows/Emission to soil/unspecified;;;;93a60a56-a3c8-11da-a746-0800200b9a66;Mass;;kg;20aadc24-a391-41cf-b340-3e4529f44bde;kg
c4f21ce8-3852-3d41-8d0a-d7ce0ca59407;84792d87-a744-40ef-a3f2-f3a3c09d59cc;1;Sodium;emissions to water/groundwater;;Sodium;Elementary flows/Emission to water/ground water;;;;93a60a56-a3c8-11da-a746-0800200b9a66;Mass;;kg;20aadc24-a391-41cf-b340-3e4529f44bde;kg
783d7d5e-df85-3f8f-8e8c-a0f205f1c7c5;ada8c83c-995a-3fa1-bdec-36a0590efbd2;1;Sodium;emissions to water/groundwater, long-term;;Sodium;Elementary flows/Emission to water/ground water, long-term;;;;93a60a56-a3c8-11da-a746-0800200b9a66;Mass;;kg;20aadc24-a391-41cf-b340-3e4529f44bde;kg
6997f9c1-6cf1-3764-bedf-a37d3fd80bb2;febc1fab-a121-3f4d-901b-075a6e93f3ef;1;Sodium;emissions to water/lake;;Sodium;Elementary flows/Emission to water/lake;;;;93a60a56-a3c8-11da-a746-0800200b9a66;Mass;;kg;20aadc24-a391-41cf-b340-3e4529f44bde;kg
9588c414-bddb-37f5-9a5b-2ef87f959c15;5125318a-2e7b-4d2d-a2c9-071fba71cd3a;1;Sodium;emissions to water/ocean;;Sodium;Elementary flows/Emission to water/ocean;;;;93a60a56-a3c8-11da-a746-0800200b9a66;Mass;;kg;20aadc24-a391-41cf-b340-3e4529f44bde;kg
540b0d42-a453-3844-821c-96e90ea845bd;6d5c5a51-42ce-412a-9517-d0baba8b5b99;1;Sodium;emissions to water/river;;Sodium;Elementary flows/Emission to water/fresh water;;;;93a60a56-a3c8-11da-a746-0800200b9a66;Mass;;kg;20aadc24-a391-41cf-b340-3e4529f44bde;kg
bf0ba903-5f0e-334f-b675-07783afc23df;b98b3bb7-0ed2-41d1-b181-de0e21d8b42c;1;Sodium;emissions to water/unspecified;;Sodium;Elementary flows/Emission to water/unspecified;;;;93a60a56-a3c8-11da-a746-0800200b9a66;Mass;;kg;20aadc24-a391-41cf-b340-3e4529f44bde;kg
b7774239-028a-31a4-8713-4e5314e9e6a4;9ef0643e-cbd1-4f70-9862-cbab9fa239eb;1;Sodium bromide;resources/in ground;;Sodium bromide;Elementary flows/Resource/in ground;;;;93a60a56-a3c8-11da-a746-0800200b9a66;Mass;;kg;20aadc24-a391-41cf-b340-3e4529f44bde;kg
10d64d27-706f-309a-9d20-98e691a6cff1;9ef0643e-cbd1-4f70-9862-cbab9fa239eb;1;Sodium bromide;resources/unspecified;;Sodium bromide;Elementary flows/Resource/in ground;;;;93a60a56-a3c8-11da-a746-0800200b9a66;Mass;;kg;20aadc24-a391-41cf-b340-3e4529f44bde;kg
21fc047a-f0d3-33ea-9dd8-02cfe6476a46;2a0b51e8-2787-4733-8484-a46f67a25319;1;Sodium carbonate;emissions to air/unspecified;;sodium carbonate;Elementary flows/Emission to air/unspecified;;;;93a60a56-a3c8-11da-a746-0800200b9a66;Mass;;kg;20aadc24-a391-41cf-b340-3e4529f44bde;kg
ed81e175-5c66-37cd-bc29-80d1a8b75a77;21b46c65-491e-40a9-ac74-5877af997d7c;1;Sodium chlorate;emissions to air/high. pop.;;Sodium chlorate;Elementary flows/Emission to air/high population density;;;;93a60a56-a3c8-11da-a746-0800200b9a66;Mass;;kg;20aadc24-a391-41cf-b340-3e4529f44bde;kg
57cda39f-788a-302a-8ac4-787a2e839d7e;02f47487-8da6-433a-91d8-fc0650e53fc4;1;Sodium chloride;emissions to air/unspecified;;Sodium chloride;Elementary flows/Emission to air/unspecified;;;;93a60a56-a3c8-11da-a746-0800200b9a66;Mass;;kg;20aadc24-a391-41cf-b340-3e4529f44bde;kg
9febd319-ac32-3280-801a-0c339d6d9fc0;2d019079-e635-49ae-9267-2f61e121acdf;1;Sodium chloride;emissions to water/unspecified;;Sodium chloride;Elementary flows/Emission to water/unspecified;;;;93a60a56-a3c8-11da-a746-0800200b9a66;Mass;;kg;20aadc24-a391-41cf-b340-3e4529f44bde;kg
c97d8b37-f4ff-33ac-9aaf-d750448db4c0;5bbcdc6d-b1a7-4b63-b625-76060c767de7;1;Sodium sulfate;resources/in ground;;Sodium sulfate;Elementary flows/Resource/in ground;;;;93a60a56-a3c8-11da-a746-0800200b9a66;Mass;;kg;20aadc24-a391-41cf-b340-3e4529f44bde;kg
1a72af74-2b74-3d92-b041-1fb6a33735db;a2b40a28-3aa6-470d-a3fd-994cd18c0371;1;Sodium chloride;resources/in water;;Sodium chloride;Elementary flows/Resource/in water;;;;93a60a56-a3c8-11da-a746-0800200b9a66;Mass;;kg;20aadc24-a391-41cf-b340-3e4529f44bde;kg
690e255b-98e5-3e8d-9a1a-4a950af9135f;7a63162b-4ffe-447f-ba52-782d5548b774;1;Sodium dichromate;emissions to air/high. pop.;;Sodium dichromate;Elementary flows/Emission to air/high population density;;;;93a60a56-a3c8-11da-a746-0800200b9a66;Mass;;kg;20aadc24-a391-41cf-b340-3e4529f44bde;kg
a898a4c5-bfcd-3259-96e0-4f05aef05d68;a57bf693-7ffa-409d-919c-c806e34a4c67;1;Sodium dichromate;emissions to air/unspecified;;Sodium dichromate;Elementary flows/Emission to air/unspecified;;;;93a60a56-a3c8-11da-a746-0800200b9a66;Mass;;kg;20aadc24-a391-41cf-b340-3e4529f44bde;kg
6f0abb38-9b58-3273-b420-9742355e1616;4764f5f1-69bc-4ebb-b7c6-6b54c251056e;1;Sodium formate;emissions to air/high. pop.;;Sodium formate;Elementary flows/Emission to air/high population density;;;;93a60a56-a3c8-11da-a746-0800200b9a66;Mass;;kg;20aadc24-a391-41cf-b340-3e4529f44bde;kg
6cfd37d3-b393-34c5-b584-e4f813a5503f;368b8a39-0503-4607-b838-1daa8db1d67c;1;Sodium formate;emissions to water/river;;Sodium formate;Elementary flows/Emission to water/fresh water;;;;93a60a56-a3c8-11da-a746-0800200b9a66;Mass;;kg;20aadc24-a391-41cf-b340-3e4529f44bde;kg
1b865329-215f-3077-8a0f-49c9835a2ed5;834e7547-a8ea-4765-a76e-357612ba65c4;1;Sodium hydroxide;emissions to air/high. pop.;;Sodium hydroxide;Elementary flows/Emission to air/high population density;;;;93a60a56-a3c8-11da-a746-0800200b9a66;Mass;;kg;20aadc24-a391-41cf-b340-3e4529f44bde;kg
bfd4cb82-9c49-30a8-801e-97dd825f84f5;7dd10f03-00ef-483e-88c7-ba23e5330316;1;Sodium hydroxide;emissions to air/unspecified;;Sodium hydroxide;Elementary flows/Emission to air/unspecified;;;;93a60a56-a3c8-11da-a746-0800200b9a66;Mass;;kg;20aadc24-a391-41cf-b340-3e4529f44bde;kg
4f8b1ae0-913b-31be-95e3-8a6887cd4d0f;a2a4f255-ad47-4cf8-b6a9-e10885d61407;1;Sodium nitrate;resources/in ground;;Sodium nitrate;Elementary flows/Resource/in ground;;;;93a60a56-a3c8-11da-a746-0800200b9a66;Mass;;kg;20aadc24-a391-41cf-b340-3e4529f44bde;kg
76563719-4200-3c7e-b7ac-f7b9cb5d522e;852281f6-db73-4250-84d3-86b569fce0c1;1;Sulfur;resources/in ground;;Sulfur;Elementary flows/Resource/in ground;;;;93a60a56-a3c8-11da-a746-0800200b9a66;Mass;;kg;20aadc24-a391-41cf-b340-3e4529f44bde;kg
e1357da8-d002-317a-9285-e3283ff49cf8;ba317646-ea99-4060-838f-7933b10f0033;1;Sodium tetrahydroborate;emissions to air/high. pop.;;Sodium tetrahydridoborate;Elementary flows/Emission to air/high population density;;;;93a60a56-a3c8-11da-a746-0800200b9a66;Mass;;kg;20aadc24-a391-41cf-b340-3e4529f44bde;kg
8d546883-5a2e-3555-855d-4f072143c68d;7cf66fc2-b597-4c50-ab38-7d0aa813fd89;1;Sodium-24;emissions to water/river;;Sodium-24;Elementary flows/Emission to water/fresh water;;;;93a60a56-a3c8-17da-a746-0800200c9a66;Radioactivity;;kBq;e9773595-284e-46dd-9671-5fc9ff406833;kBq
66065a73-8cac-34f5-b7c4-f94078101746;172b2805-6556-11dd-ad8b-0800200c9a66;1;Soil;resources/in ground;;Soil;Elementary flows/Resource/in ground;;;;93a60a56-a3c8-11da-a746-0800200b9a66;Mass;;kg;20aadc24-a391-41cf-b340-3e4529f44bde;kg
0c0f3ad5-c42d-3c06-8445-28439839e73c;ca53777e-d36e-4db0-95ce-009f1d8593b8;1;Solids, inorganic;emissions to water/groundwater;;Solids, inorganic;Elementary flows/Emission to water/ground water;;;;93a60a56-a3c8-11da-a746-0800200b9a66;Mass;;kg;20aadc24-a391-41cf-b340-3e4529f44bde;kg
73e41a81-cdc8-374d-af7f-2596288ad81d;78ef06c6-9fd3-4237-b077-48c932547412;1;Solids, inorganic;emissions to water/ocean;;Solids, inorganic;Elementary flows/Emission to water/ocean;;;;93a60a56-a3c8-11da-a746-0800200b9a66;Mass;;kg;20aadc24-a391-41cf-b340-3e4529f44bde;kg
bb73f081-0421-3cdd-8e9f-924d9f5b7af7;b4879507-90c6-41ff-9303-425ae394abd5;1;Solids, inorganic;emissions to water/river;;Solids, inorganic;Elementary flows/Emission to water/river;;;;93a60a56-a3c8-11da-a746-0800200b9a66;Mass;;kg;20aadc24-a391-41cf-b340-3e4529f44bde;kg
82da3df5-66d1-3862-9521-1a8c0e55d554;0b111253-26b5-4a03-97fb-ed7799c21797;1;Solids, inorganic;emissions to water/unspecified;;Solids, inorganic;Elementary flows/Emission to water/unspecified;;;;93a60a56-a3c8-11da-a746-0800200b9a66;Mass;;kg;20aadc24-a391-41cf-b340-3e4529f44bde;kg
d86ee8c4-6c2a-322e-bfe4-593f97dbac0f;f7340d88-d66b-45c8-89af-251646b2c12e;1;Spinosad;emissions to soil/agricultural;;Spinosad;Elementary flows/Emission to soil/agricultural;;;;93a60a56-a3c8-11da-a746-0800200b9a66;Mass;;kg;20aadc24-a391-41cf-b340-3e4529f44bde;kg
8222f1a2-e704-3cc1-999b-e1409b046ca6;f8448f5d-a27f-4fa9-a731-94cb3b9eb7f3;1;Spiroxamine;emissions to soil/agricultural;;Spiroxamine;Elementary flows/Emission to soil/agricultural;;;;93a60a56-a3c8-11da-a746-0800200b9a66;Mass;;kg;20aadc24-a391-41cf-b340-3e4529f44bde;kg
214270d9-6213-3a90-addf-e834fa33ea11;5324b57a-96f1-4dc3-9dc5-544881960f4f;1;Spodumene;resources/in ground;;Spodumene;Elementary flows/Resource/in ground;;;;93a60a56-a3c8-11da-a746-0800200b9a66;Mass;;kg;20aadc24-a391-41cf-b340-3e4529f44bde;kg
a802d309-566c-313f-b4ec-2d88f9d24c69;3e0034cd-21d6-4582-9fbf-09c26edd05df;1;Stibnite;resources/in ground;;Stibnite;Elementary flows/Resource/in ground;;;;93a60a56-a3c8-11da-a746-0800200b9a66;Mass;;kg;20aadc24-a391-41cf-b340-3e4529f44bde;kg
21b1930c-fbdd-36ce-99cb-3697d517402b;abb7f444-e74a-46b5-a6a5-080a847cbbc5;1;Strontium;emissions to air/high. pop.;;Strontium II;Elementary flows/Emission to air/high population density;;;;93a60a56-a3c8-11da-a746-0800200b9a66;Mass;;kg;20aadc24-a391-41cf-b340-3e4529f44bde;kg
4ba083b0-e87e-31d9-8cae-240f3241dd06;890c2697-3463-4466-bebb-aecc1e1e730b;1;Strontium;emissions to air/low. pop.;;Strontium II;Elementary flows/Emission to air/low population density;;;;93a60a56-a3c8-11da-a746-0800200b9a66;Mass;;kg;20aadc24-a391-41cf-b340-3e4529f44bde;kg
f6553a2b-bde8-36bd-a194-2fd7a533dde9;ae2c3adf-7f7d-4973-a8e8-3fe1300f8183;1;Strontium;emissions to air/low. pop., long-term;;Strontium II;Elementary flows/Emission to air/low population density, long-term;;;;93a60a56-a3c8-11da-a746-0800200b9a66;Mass;;kg;20aadc24-a391-41cf-b340-3e4529f44bde;kg
45477090-ad8f-300e-bc1b-4c228a3ba11c;0d9f52b2-f2d5-46a3-90a3-e22ef252cc37;1;Strontium;emissions to air/unspecified;;Strontium II;Elementary flows/Emission to air/unspecified;;;;93a60a56-a3c8-11da-a746-0800200b9a66;Mass;;kg;20aadc24-a391-41cf-b340-3e4529f44bde;kg
601f62f8-48ab-3f81-ad98-c9fab58b739b;7f0873fe-731e-4b99-a384-17f0ad36a318;1;Strontium;emissions to soil/agricultural;;Strontium II;Elementary flows/Emission to soil/agricultural;;;;93a60a56-a3c8-11da-a746-0800200b9a66;Mass;;kg;20aadc24-a391-41cf-b340-3e4529f44bde;kg
ee14cc08-1e3f-3305-9cd6-56339705bcfc;ee018b5e-c9c3-486b-aeb4-ef045a4e3ccd;1;Strontium;emissions to soil/industrial;;Strontium II;Elementary flows/Emission to soil/industrial;;;;93a60a56-a3c8-11da-a746-0800200b9a66;Mass;;kg;20aadc24-a391-41cf-b340-3e4529f44bde;kg
59ed9051-260e-3128-acd2-de903b3bccf5;4c0a6227-af22-45cb-b75b-b276ce0e4d47;1;Strontium;emissions to soil/unspecified;;Strontium II;Elementary flows/Emission to soil/unspecified;;;;93a60a56-a3c8-11da-a746-0800200b9a66;Mass;;kg;20aadc24-a391-41cf-b340-3e4529f44bde;kg
51c252a9-0989-3414-904c-1f692ee16400;070f9c6e-584d-40ed-8b07-6b1f7f75dd3f;1;Strontium;emissions to water/groundwater;;Strontium II;Elementary flows/Emission to water/ground water;;;;93a60a56-a3c8-11da-a746-0800200b9a66;Mass;;kg;20aadc24-a391-41cf-b340-3e4529f44bde;kg
ebb03e3a-6cc3-3cdf-8b59-d79414d11c46;8f1b69d9-fc00-4b46-99f9-7a57fd71dad2;1;Strontium;emissions to water/groundwater, long-term;;Strontium II;Elementary flows/Emission to water/ground water, long-term;;;;93a60a56-a3c8-11da-a746-0800200b9a66;Mass;;kg;20aadc24-a391-41cf-b340-3e4529f44bde;kg
e5b8ce58-97dc-38b3-ad81-0c54c06d473a;836493d4-5c50-4713-b2a8-7979b830c1a5;1;Strontium;emissions to water/ocean;;Strontium II;Elementary flows/Emission to water/ocean;;;;93a60a56-a3c8-11da-a746-0800200b9a66;Mass;;kg;20aadc24-a391-41cf-b340-3e4529f44bde;kg
fff52d48-d3a8-3054-b824-6620a005ccb6;549b1a2a-6675-4bf9-b0d7-47a5113a9787;1;Strontium;emissions to water/river;;Strontium;Elementary flows/Emission to water/fresh water;;;;93a60a56-a3c8-11da-a746-0800200b9a66;Mass;;kg;20aadc24-a391-41cf-b340-3e4529f44bde;kg
260860e1-eb50-3ab7-9263-5aab70ca0eaf;b26b758d-85cc-41b8-872c-3683caa638d1;1;Strontium;emissions to water/unspecified;;Strontium II;Elementary flows/Emission to water/unspecified;;;;93a60a56-a3c8-11da-a746-0800200b9a66;Mass;;kg;20aadc24-a391-41cf-b340-3e4529f44bde;kg
f9043029-41e7-32da-83f9-7a3cb2f4e928;30b9fd62-6ca2-4fd9-bc3c-c12417e6c73d;1;Strontium-89;emissions to water/river;;Strontium-89;Elementary flows/Emission to water/fresh water;;;;93a60a56-a3c8-17da-a746-0800200c9a66;Radioactivity;;kBq;e9773595-284e-46dd-9671-5fc9ff406833;kBq
fda764ee-29dd-34f0-97eb-3ff62aae33f8;48524bfc-be91-406e-986b-9550744e0360;1;Strontium-90;emissions to water/ocean;;Strontium-90;Elementary flows/Emission to water/ocean;;;;93a60a56-a3c8-17da-a746-0800200c9a66;Radioactivity;;kBq;e9773595-284e-46dd-9671-5fc9ff406833;kBq
cf6ecb16-7d15-3e06-876b-3a83bdb77dae;b8595a76-4c10-4093-bd23-1f667490ff33;1;Strontium-90;emissions to water/river;;Strontium-90;Elementary flows/Emission to water/fresh water;;;;93a60a56-a3c8-17da-a746-0800200c9a66;Radioactivity;;kBq;e9773595-284e-46dd-9671-5fc9ff406833;kBq
210a1c71-a522-3b96-80d6-b155600e93db;d85a44cb-8407-4997-a146-581e4f35f39d;1;Styrene;emissions to air/high. pop.;;Styrene;Elementary flows/Emission to air/high population density;;;;93a60a56-a3c8-11da-a746-0800200b9a66;Mass;;kg;20aadc24-a391-41cf-b340-3e4529f44bde;kg
33071637-be73-3ed1-bf9c-548365fcded7;2d456fb8-592b-46a7-97f0-81fc2a18e587;1;Styrene;emissions to air/low. pop.;;Styrene;Elementary flows/Emission to air/low population density;;;;93a60a56-a3c8-11da-a746-0800200b9a66;Mass;;kg;20aadc24-a391-41cf-b340-3e4529f44bde;kg
9f7025e6-0b93-38a2-9d63-4912ec01d043;9cec94a2-e7fe-43f4-82f4-293c477f86dc;1;Styrene;emissions to air/unspecified;;Styrene;Elementary flows/Emission to air/unspecified;;;;93a60a56-a3c8-11da-a746-0800200b9a66;Mass;;kg;20aadc24-a391-41cf-b340-3e4529f44bde;kg
4c06738d-d485-3534-b78c-4277ecb7a8e8;777a03c9-0e1f-44f0-a507-2032473a6f31;1;Styrene;emissions to water/river;;Styrene;Elementary flows/Emission to water/fresh water;;;;93a60a56-a3c8-11da-a746-0800200b9a66;Mass;;kg;20aadc24-a391-41cf-b340-3e4529f44bde;kg
c98327af-6424-3f94-88de-15f749b09cc2;826677aa-8347-4494-85da-a26fe3e1e824;1;Sulfate;emissions to air/high. pop.;;Sulfate;Elementary flows/Emission to air/high population density;;;;93a60a56-a3c8-11da-a746-0800200b9a66;Mass;;kg;20aadc24-a391-41cf-b340-3e4529f44bde;kg
49b5b97c-ddf5-3fca-8784-b60cb90b961f;006aa3f7-59ba-450f-aa45-a2b2d1752647;1;Sulfate;emissions to air/low. pop.;;Sulfate;Elementary flows/Emission to air/low population density;;;;93a60a56-a3c8-11da-a746-0800200b9a66;Mass;;kg;20aadc24-a391-41cf-b340-3e4529f44bde;kg
aae7baf8-4058-3357-b3de-59a8465bd630;a259eb99-e741-49e6-8b3f-8985c018be28;1;Sulfate;emissions to air/low. pop., long-term;;Sulfate;Elementary flows/Emission to air/low population density, long-term;;;;93a60a56-a3c8-11da-a746-0800200b9a66;Mass;;kg;20aadc24-a391-41cf-b340-3e4529f44bde;kg
660054ea-ddad-3a0e-b274-6765211e35c4;9b00c244-fcce-4d38-922b-601a81f2ba34;1;Sulfate;emissions to air/unspecified;;Sulfate;Elementary flows/Emission to air/unspecified;;;;93a60a56-a3c8-11da-a746-0800200b9a66;Mass;;kg;20aadc24-a391-41cf-b340-3e4529f44bde;kg
82e234ac-95f7-36bb-a486-95368695a32c;557280c6-27c2-40a2-84ab-a98d2660ad91;1;Sulfate;emissions to soil/industrial;;Sulfate;Elementary flows/Emission to soil/industrial;;;;93a60a56-a3c8-11da-a746-0800200b9a66;Mass;;kg;20aadc24-a391-41cf-b340-3e4529f44bde;kg
b5e94884-1379-371c-af30-39641bb42c10;4435f1ba-3d59-41da-9e1c-0c6f771e8d63;1;Sulfate;emissions to soil/unspecified;;Sulfate;Elementary flows/Emission to soil/unspecified;;;;93a60a56-a3c8-11da-a746-0800200b9a66;Mass;;kg;20aadc24-a391-41cf-b340-3e4529f44bde;kg
60785631-2d9f-3c81-944f-7d15b865247d;31eacbfc-683a-4d36-afc1-80dee42a3b94;1;Sulfate;emissions to water/groundwater;;Sulfate;Elementary flows/Emission to water/ground water;;;;93a60a56-a3c8-11da-a746-0800200b9a66;Mass;;kg;20aadc24-a391-41cf-b340-3e4529f44bde;kg
93dea2cc-3cee-3874-9fee-6eff7a7cd44f;bfc0bf1c-e5e2-4702-a502-08c892031837;1;Sulfate;emissions to water/groundwater, long-term;;Sulfate;Elementary flows/Emission to water/ground water, long-term;;;;93a60a56-a3c8-11da-a746-0800200b9a66;Mass;;kg;20aadc24-a391-41cf-b340-3e4529f44bde;kg
5065ed71-56f9-37fd-9839-69bceff5f330;773cd2d2-5997-3fb4-b8f4-ab9e6e76106a;1;Sulfate;emissions to water/lake;;Sulfate;Elementary flows/Emission to water/lake;;;;93a60a56-a3c8-11da-a746-0800200b9a66;Mass;;kg;20aadc24-a391-41cf-b340-3e4529f44bde;kg
29f3d84f-a340-3cdf-8c31-142ae5f2114e;5efff566-462f-4ded-b5b4-6761cf50c376;1;Sulfate;emissions to water/ocean;;Sulfate;Elementary flows/Emission to water/ocean;;;;93a60a56-a3c8-11da-a746-0800200b9a66;Mass;;kg;20aadc24-a391-41cf-b340-3e4529f44bde;kg
d2a73f2b-5707-3d71-8c17-9b5646cbaccd;796c56b3-a863-444c-8b75-1412832af498;1;Sulfate;emissions to water/river;;Sulfate;Elementary flows/Emission to water/fresh water;;;;93a60a56-a3c8-11da-a746-0800200b9a66;Mass;;kg;20aadc24-a391-41cf-b340-3e4529f44bde;kg
00da9ea0-a705-31b3-9f23-e8086431557b;28bca51a-6cc7-46af-961a-fd2b675a1376;1;Sulfate;emissions to water/unspecified;;Sulfate;Elementary flows/Emission to water/unspecified;;;;93a60a56-a3c8-11da-a746-0800200b9a66;Mass;;kg;20aadc24-a391-41cf-b340-3e4529f44bde;kg
ed1ad16b-b2b2-332a-88eb-d806db23468e;7ab9afec-40e0-41b0-82b1-6cb15c84e949;1;Sulfentrazone;emissions to soil/agricultural;;Sulfentrazone;Elementary flows/Emission to soil/agricultural;;;;93a60a56-a3c8-11da-a746-0800200b9a66;Mass;;kg;20aadc24-a391-41cf-b340-3e4529f44bde;kg
0d996a37-9488-3060-948d-7fd23c39281f;2094c764-dab5-4bea-9109-f631e5bcd5a8;1;Sulfide;emissions to soil/industrial;;Sulfide;Elementary flows/Emission to soil/industrial;;;;93a60a56-a3c8-11da-a746-0800200b9a66;Mass;;kg;20aadc24-a391-41cf-b340-3e4529f44bde;kg
fb9f673a-4629-38b2-add2-259bae5f6635;f7ef52c3-1fc7-4c2f-b002-83fab5a50a7f;1;Sulfide;emissions to water/groundwater;;Sulfide;Elementary flows/Emission to water/ground water;;;;93a60a56-a3c8-11da-a746-0800200b9a66;Mass;;kg;20aadc24-a391-41cf-b340-3e4529f44bde;kg
95bb9cf6-ef88-31bb-a9de-c1ba91bc093f;f81d4cc9-28ba-3cea-a671-7100d79f7a7c;1;Sulfide;emissions to water/lake;;Sulfide;Elementary flows/Emission to water/lake;;;;93a60a56-a3c8-11da-a746-0800200b9a66;Mass;;kg;20aadc24-a391-41cf-b340-3e4529f44bde;kg
4c4e091d-f393-3961-84b5-cb945503f096;4870313f-52a4-4c41-8a08-a25745f2fce9;1;Sulfide;emissions to water/ocean;;Sulfide;Elementary flows/Emission to water/ocean;;;;93a60a56-a3c8-11da-a746-0800200b9a66;Mass;;kg;20aadc24-a391-41cf-b340-3e4529f44bde;kg
82cfa16a-9bac-3ace-95cb-59dd82f0bb7e;45fa8c92-6047-4bae-b70a-43a7e7730c7b;1;Sulfide;emissions to water/river;;Sulfide;Elementary flows/Emission to water/fresh water;;;;93a60a56-a3c8-11da-a746-0800200b9a66;Mass;;kg;20aadc24-a391-41cf-b340-3e4529f44bde;kg
22bb26cb-64c8-3e6c-b08c-8e60569eb50b;8af1b210-ae85-4b60-9644-d5d180075037;1;Sulfide;emissions to water/unspecified;;Sulfide;Elementary flows/Emission to water/unspecified;;;;93a60a56-a3c8-11da-a746-0800200b9a66;Mass;;kg;20aadc24-a391-41cf-b340-3e4529f44bde;kg
9e6a9621-c69d-3ec8-bbb9-d1c364878338;4aed44df-760c-497f-ab37-ebbe7d2b15ff;1;Sulfite;emissions to water/river;;Sulfite;Elementary flows/Emission to water/fresh water;;;;93a60a56-a3c8-11da-a746-0800200b9a66;Mass;;kg;20aadc24-a391-41cf-b340-3e4529f44bde;kg
09a9981e-6f42-3bce-8abe-6c2f4975f2e8;24145938-f9e3-40ea-ab06-409187ca5d26;1;Sulfite;emissions to water/unspecified;;Sulfite;Elementary flows/Emission to water/unspecified;;;;93a60a56-a3c8-11da-a746-0800200b9a66;Mass;;kg;20aadc24-a391-41cf-b340-3e4529f44bde;kg
67c86efd-0c3f-3b6d-aa59-9ec7c5e37cef;4518a791-f5dd-4ee2-ab87-2f8ffca6b230;1;Sulfosate;emissions to soil/agricultural;;Sulfosate;Elementary flows/Emission to soil/agricultural;;;;93a60a56-a3c8-11da-a746-0800200b9a66;Mass;;kg;20aadc24-a391-41cf-b340-3e4529f44bde;kg
0c110d0f-ba9c-36f1-9be2-4bc72d439d96;6a9afa4e-3b29-4695-b742-56c893060dd3;1;Sulfosulfuron;emissions to soil/agricultural;;Sulfosulfuron;Elementary flows/Emission to soil/agricultural;;;;93a60a56-a3c8-11da-a746-0800200b9a66;Mass;;kg;20aadc24-a391-41cf-b340-3e4529f44bde;kg
e025353b-bc90-3383-99a7-8b12dc6b7c9b;75f395bf-351b-4d95-9c9b-fdce145ae403;1;Sulfur;emissions to air/unspecified;;Sulfur;Elementary flows/Emission to air/unspecified;;;;93a60a56-a3c8-11da-a746-0800200b9a66;Mass;;kg;20aadc24-a391-41cf-b340-3e4529f44bde;kg
1b0a2ccd-078a-3eaa-b206-a37f90394d41;d4049741-cef2-4edd-a3af-9728b9e3a568;1;Sulfur;emissions to soil/agricultural;;Sulfur;Elementary flows/Emission to soil/agricultural;;;;93a60a56-a3c8-11da-a746-0800200b9a66;Mass;;kg;20aadc24-a391-41cf-b340-3e4529f44bde;kg
eb2c129f-a006-3111-8e18-23e47fa30d87;16f40b1c-f7c8-4100-9916-81a260493951;1;Sulfur;emissions to soil/industrial;;Sulfur;Elementary flows/Emission to soil/industrial;;;;93a60a56-a3c8-11da-a746-0800200b9a66;Mass;;kg;20aadc24-a391-41cf-b340-3e4529f44bde;kg
fe3844a6-5619-34d5-a3db-61a93d0bd4df;32451556-ee07-4e36-bd8a-09f8847f9c83;1;Sulfur;emissions to soil/unspecified;;Sulfur;Elementary flows/Emission to soil/unspecified;;;;93a60a56-a3c8-11da-a746-0800200b9a66;Mass;;kg;20aadc24-a391-41cf-b340-3e4529f44bde;kg
646d0e2e-1e40-3a01-9773-ab53f0b0e965;bef4d768-a70e-3a28-84bf-43acf8d22521;1;Sulfur;emissions to water/groundwater;;Sulfur;Elementary flows/Emission to water/ground water;;;;93a60a56-a3c8-11da-a746-0800200b9a66;Mass;;kg;20aadc24-a391-41cf-b340-3e4529f44bde;kg
8ba4baeb-079c-3ae6-bbc9-7425fbfefafc;871b6f07-de14-48d4-b4aa-7745872c7e9a;1;Sulfur;emissions to water/ocean;;Sulfur;Elementary flows/Emission to water/ocean;;;;93a60a56-a3c8-11da-a746-0800200b9a66;Mass;;kg;20aadc24-a391-41cf-b340-3e4529f44bde;kg
6164e095-0a0d-3da4-ab5b-3855227a3df2;0c2efb61-ac49-4ff1-9f66-7f1aff286b5e;1;Sulfur;emissions to water/river;;Sulfur;Elementary flows/Emission to water/fresh water;;;;93a60a56-a3c8-11da-a746-0800200b9a66;Mass;;kg;20aadc24-a391-41cf-b340-3e4529f44bde;kg
9e554090-f5ac-3536-9178-5ef868049400;5ac2254e-6b60-45f5-a700-6e0b93f411c8;1;Sulfur;emissions to water/unspecified;;Sulfur;Elementary flows/Emission to water/unspecified;;;;93a60a56-a3c8-11da-a746-0800200b9a66;Mass;;kg;20aadc24-a391-41cf-b340-3e4529f44bde;kg
f8f31721-cc7f-3c25-b5b6-b82b0eab9426;775fdf03-b0bb-5c25-b14d-107231d5b2f0;1;Tantalum;resources/in ground;;Tantalum;Elementary flows/Resource/in ground;;;;93a60a56-a3c8-11da-a746-0800200b9a66;Mass;;kg;20aadc24-a391-41cf-b340-3e4529f44bde;kg
d7e89903-9ca8-3c1a-adbb-03af9266c280;8c52f40c-69b7-4538-8923-b371523c71f5;1;Sulfur dioxide;emissions to air/high. pop.;;Sulfur dioxide;Elementary flows/Emission to air/high population density;;;;93a60a56-a3c8-11da-a746-0800200b9a66;Mass;;kg;20aadc24-a391-41cf-b340-3e4529f44bde;kg
b8ce3d67-345e-329e-86e0-69ecc70708a4;78c3efe4-421c-4d30-82e4-b97ac5124993;1;Sulfur dioxide;emissions to air/low. pop.;;Sulfur dioxide;Elementary flows/Emission to air/low population density;;;;93a60a56-a3c8-11da-a746-0800200b9a66;Mass;;kg;20aadc24-a391-41cf-b340-3e4529f44bde;kg
2e111b51-e0f8-3db2-9add-55b205743b0d;16521d00-4b6f-464f-b5dd-8da4a27b15ca;1;Sulfur dioxide;emissions to air/stratosphere + troposphere;;Sulfur dioxide;Elementary flows/Emission to air/lower stratosphere + upper troposphere;;;;93a60a56-a3c8-11da-a746-0800200b9a66;Mass;;kg;20aadc24-a391-41cf-b340-3e4529f44bde;kg
ec82f60d-f295-3997-925f-6897eb2bd6b4;fd7aa71c-508c-480d-81a6-8052aad92646;1;Sulfur dioxide;emissions to air/unspecified;;Sulfur dioxide;Elementary flows/Emission to air/unspecified;;;;93a60a56-a3c8-11da-a746-0800200b9a66;Mass;;kg;20aadc24-a391-41cf-b340-3e4529f44bde;kg
332bbcf1-3547-3ffe-ba5f-18ab5e025894;856c9aa2-c20c-49a8-9417-c71bdb5f17b0;1;Sulfur hexafluoride;emissions to air/high. pop.;;Sulfur hexafluoride;Elementary flows/Emission to air/high population density;;;;93a60a56-a3c8-11da-a746-0800200b9a66;Mass;;kg;20aadc24-a391-41cf-b340-3e4529f44bde;kg
fc10fa09-f45b-3b4c-a6c2-cc519cc14b19;c7c769bb-89b9-4459-afed-e3acecd39339;1;Sulfur hexafluoride;emissions to air/low. pop.;;Sulfur hexafluoride;Elementary flows/Emission to air/low population density;;;;93a60a56-a3c8-11da-a746-0800200b9a66;Mass;;kg;20aadc24-a391-41cf-b340-3e4529f44bde;kg
b52c2144-ebf5-309d-b3b3-5bc7746399be;35d1dff5-b535-4628-9826-4a8fce08a1f2;1;Sulfur hexafluoride;emissions to air/unspecified;;Sulfur hexafluoride;Elementary flows/Emission to air/unspecified;;;;93a60a56-a3c8-11da-a746-0800200b9a66;Mass;;kg;20aadc24-a391-41cf-b340-3e4529f44bde;kg
0807fb09-d862-38b9-9d86-5b4b328f6a76;b00950bc-99cb-4ee2-bbc0-5f878ea170c3;1;Sulfur trioxide;emissions to air/high. pop.;;Sulfur trioxide;Elementary flows/Emission to air/high population density;;;;93a60a56-a3c8-11da-a746-0800200b9a66;Mass;;kg;20aadc24-a391-41cf-b340-3e4529f44bde;kg
6dffb81e-23aa-3479-88b1-0a77fe2b4727;3268d8df-59cc-4740-a89f-dee8355ad7c3;1;Sulfur trioxide;emissions to air/unspecified;;Sulfur trioxide;Elementary flows/Emission to air/unspecified;;;;93a60a56-a3c8-11da-a746-0800200b9a66;Mass;;kg;20aadc24-a391-41cf-b340-3e4529f44bde;kg
a9103188-b794-3cd2-a1d0-718c85c5115d;16b7f067-6688-32fc-ad9e-21314a2dd232;1;Sulfur trioxide;emissions to water/river;;Sulfur trioxide;Elementary flows/Emission to water/unspecified;;;;93a60a56-a3c8-11da-a746-0800200b9a66;Mass;;kg;20aadc24-a391-41cf-b340-3e4529f44bde;kg
855145cc-13df-3112-a9e8-aa9f6202a5b0;7ecc2b66-8dde-4266-8832-f492f564377b;1;Sulfuric acid;emissions to air/high. pop.;;Sulfuric acid;Elementary flows/Emission to air/high population density;;;;93a60a56-a3c8-11da-a746-0800200b9a66;Mass;;kg;20aadc24-a391-41cf-b340-3e4529f44bde;kg
f51910f3-6766-3565-8b42-b8e50f05efe3;5c9d8310-f7e1-4e98-8e73-7eece0435676;1;Sulfuric acid;emissions to air/low. pop.;;Sulfuric acid;Elementary flows/Emission to air/low population density;;;;93a60a56-a3c8-11da-a746-0800200b9a66;Mass;;kg;20aadc24-a391-41cf-b340-3e4529f44bde;kg
59a11ce7-ced8-330b-b0a0-4b27ffeeb06b;99c65c6a-6871-40ba-af79-5bd6851688e4;1;Sulfuric acid;emissions to air/unspecified;;Sulfuric acid;Elementary flows/Emission to air/unspecified;;;;93a60a56-a3c8-11da-a746-0800200b9a66;Mass;;kg;20aadc24-a391-41cf-b340-3e4529f44bde;kg
358b4134-45a8-34b2-8a17-9755e6b4c669;9bb73c31-c01d-4384-b567-15c1544ae581;1;Sulfuric acid;emissions to soil/agricultural;;Sulfuric acid;Elementary flows/Emission to soil/agricultural;;;;93a60a56-a3c8-11da-a746-0800200b9a66;Mass;;kg;20aadc24-a391-41cf-b340-3e4529f44bde;kg
1386e283-e30a-34df-8a23-6daa7792bc07;5605d4e9-f2b7-3cc9-9cf5-c3219e678ad8;1;Suspended solids, unspecified;emissions to water/fossilwater;;Suspended solids, unspecified;Elementary flows/Emission to water/fossil-;;;;93a60a56-a3c8-11da-a746-0800200b9a66;Mass;;kg;20aadc24-a391-41cf-b340-3e4529f44bde;kg
e24c66fa-c2fd-354c-be76-d897ec81a780;51c35cf0-3417-4d42-936f-9a6fd7a2638a;1;Suspended solids, unspecified;emissions to water/groundwater;;Suspended solids, unspecified;Elementary flows/Emission to water/ground water;;;;93a60a56-a3c8-11da-a746-0800200b9a66;Mass;;kg;20aadc24-a391-41cf-b340-3e4529f44bde;kg
7d6a1d15-af82-336c-ac69-db28a743b243;51e2e882-ac35-334a-9864-79ade644a8f1;1;Suspended solids, unspecified;emissions to water/lake;;Suspended solids, unspecified;Elementary flows/Emission to water/lake;;;;93a60a56-a3c8-11da-a746-0800200b9a66;Mass;;kg;20aadc24-a391-41cf-b340-3e4529f44bde;kg
cde9f472-b167-3a07-b1fc-11405a215503;dc08e010-0bf9-4a36-a1dd-779684c84b3b;1;Suspended solids, unspecified;emissions to water/ocean;;Suspended solids, unspecified;Elementary flows/Emission to water/ocean;;;;93a60a56-a3c8-11da-a746-0800200b9a66;Mass;;kg;20aadc24-a391-41cf-b340-3e4529f44bde;kg
b5bff509-2ebc-3b7c-ba37-298dc2fbbdcc;b01462dc-5676-4b86-a3f6-bed1055e0e6b;1;Suspended solids, unspecified;emissions to water/river;;Suspended solids, unspecified;Elementary flows/Emission to water/fresh water;;;;93a60a56-a3c8-11da-a746-0800200b9a66;Mass;;kg;20aadc24-a391-41cf-b340-3e4529f44bde;kg
86564094-7b12-31b1-ac1e-016ae28d8845;693921ef-e02d-4072-add0-55aa4631b213;1;Suspended solids, unspecified;emissions to water/unspecified;;Suspended solids, unspecified;Elementary flows/Emission to water/unspecified;;;;93a60a56-a3c8-11da-a746-0800200b9a66;Mass;;kg;20aadc24-a391-41cf-b340-3e4529f44bde;kg
d7c167f5-4e22-377b-a19d-4e9d2b35cc83;bc97531c-12d8-4113-bcb2-663a47d12d0f;1;Talc;resources/in ground;;Talc;Elementary flows/Resource/in ground;;;;93a60a56-a3c8-11da-a746-0800200b9a66;Mass;;kg;20aadc24-a391-41cf-b340-3e4529f44bde;kg
90efe6ec-bf73-37e9-bdd7-42aec9d443eb;7b6da1f2-e191-5a77-ae06-af96201f5803;1;Tellurium;resources/in ground;;Tellurium;Elementary flows/Resource/in ground;;;;93a60a56-a3c8-11da-a746-0800200b9a66;Mass;;kg;20aadc24-a391-41cf-b340-3e4529f44bde;kg
389985d7-dab8-35d9-8bba-e5e665254696;a793710a-1990-4e65-a95e-cfbbc5332355;1;t-Butyl methyl ether;emissions to air/high. pop.;;t-Butyl methyl ether;Elementary flows/Emission to air/high population density;;;;93a60a56-a3c8-11da-a746-0800200b9a66;Mass;;kg;20aadc24-a391-41cf-b340-3e4529f44bde;kg
1603a038-af9b-3f4a-aa2d-905aa948d454;beb69352-568e-4a33-b9d4-3b5bfafc85bd;1;t-Butyl methyl ether;emissions to air/unspecified;;t-Butyl methyl ether;Elementary flows/Emission to air/unspecified;;;;93a60a56-a3c8-11da-a746-0800200b9a66;Mass;;kg;20aadc24-a391-41cf-b340-3e4529f44bde;kg
2b2d1afc-adbe-310f-a86b-30ac52252389;c5b4869c-f131-4a8c-911f-f252cafb2e30;1;t-Butyl methyl ether;emissions to water/ocean;;t-Butyl methyl ether;Elementary flows/Emission to water/ocean;;;;93a60a56-a3c8-11da-a746-0800200b9a66;Mass;;kg;20aadc24-a391-41cf-b340-3e4529f44bde;kg
5337929b-a8d8-3bc5-8a80-bd0ddcd0ff5d;68b3e437-3381-4208-822d-f5dbb768a52d;1;t-Butyl methyl ether;emissions to water/river;;t-Butyl methyl ether;Elementary flows/Emission to water/fresh water;;;;93a60a56-a3c8-11da-a746-0800200b9a66;Mass;;kg;20aadc24-a391-41cf-b340-3e4529f44bde;kg
7ff6e7d5-45fd-30d8-af2d-14a03f3cf301;3d59d864-b6c3-4315-ab21-2c2ba2119ad1;1;t-Butyl methyl ether;emissions to water/unspecified;;t-Butyl methyl ether;Elementary flows/Emission to water/unspecified;;;;93a60a56-a3c8-11da-a746-0800200b9a66;Mass;;kg;20aadc24-a391-41cf-b340-3e4529f44bde;kg
f327a51a-629f-38ce-94f4-6aabdb1359eb;cdf99498-1489-4226-97ad-94fa85b0528b;1;t-Butylamine;emissions to air/high. pop.;;t-Butyl amine;Elementary flows/Emission to air/high population density;;;;93a60a56-a3c8-11da-a746-0800200b9a66;Mass;;kg;20aadc24-a391-41cf-b340-3e4529f44bde;kg
bc2ab1e9-02fa-30f5-ac7e-0e434c3e7194;c56e8024-a3ab-470c-8b3f-dd70ed38f83d;1;t-Butylamine;emissions to water/river;;t-Butylamine;Elementary flows/Emission to water/fresh water;;;;93a60a56-a3c8-11da-a746-0800200b9a66;Mass;;kg;20aadc24-a391-41cf-b340-3e4529f44bde;kg
0666bfab-6431-3ed7-8ea4-87e5fe39692f;a805071f-ce96-4d72-bdd5-4334d9aa3c23;1;Tebuconazole;emissions to soil/agricultural;;Tebuconazole;Elementary flows/Emission to soil/agricultural;;;;93a60a56-a3c8-11da-a746-0800200b9a66;Mass;;kg;20aadc24-a391-41cf-b340-3e4529f44bde;kg
0179c709-6fcc-31f9-9a06-826ad25baf0a;f5a070c3-4239-4130-b224-130f18b50ada;1;Tebufenozide;emissions to soil/agricultural;;Tebufenozide;Elementary flows/Emission to soil/agricultural;;;;93a60a56-a3c8-11da-a746-0800200b9a66;Mass;;kg;20aadc24-a391-41cf-b340-3e4529f44bde;kg
ceb25649-2aeb-309a-ac47-3e0e01c116cf;57d8084d-08e2-4212-9abf-3f051bee142e;1;Tebupirimphos;emissions to soil/agricultural;;Tebupirimfos;Elementary flows/Emission to soil/agricultural;;;;93a60a56-a3c8-11da-a746-0800200b9a66;Mass;;kg;20aadc24-a391-41cf-b340-3e4529f44bde;kg
3ac15c43-3736-3d93-9342-1a1e0e2e12e0;3d92a9a3-8942-4ed9-8522-fe027656e9e9;1;Tebutam;emissions to soil/agricultural;;Tebutam;Elementary flows/Emission to soil/agricultural;;;;93a60a56-a3c8-11da-a746-0800200b9a66;Mass;;kg;20aadc24-a391-41cf-b340-3e4529f44bde;kg
2994df91-2273-3be1-a924-82ce5c035467;dff60a99-97be-401d-a28c-a825ae53bc15;1;Technetium-99m;emissions to water/river;;Technetium-99m;Elementary flows/Emission to water/river;;;;93a60a56-a3c8-17da-a746-0800200c9a66;Radioactivity;;kBq;e9773595-284e-46dd-9671-5fc9ff406833;kBq
a08e2321-0574-3ffb-896a-fd7e099008d8;ad419049-3445-481f-97a3-3d4529ee924f;1;Teflubenzuron;emissions to soil/agricultural;;Teflubenzuron;Elementary flows/Emission to soil/agricultural;;;;93a60a56-a3c8-11da-a746-0800200b9a66;Mass;;kg;20aadc24-a391-41cf-b340-3e4529f44bde;kg
3df2859a-7ed6-3eb1-bcb9-8af38a0ff0b5;273b51ae-dcc4-45c6-b8da-f6ba0313edf8;1;Tefluthrin;emissions to soil/agricultural;;Tefluthrin;Elementary flows/Emission to soil/agricultural;;;;93a60a56-a3c8-11da-a746-0800200b9a66;Mass;;kg;20aadc24-a391-41cf-b340-3e4529f44bde;kg
1ffbf630-a115-3802-8059-23ee2ca300e9;c6379349-6cf0-54c9-8bfe-2ec812501fda;1;Tellurium;emissions to air/unspecified;;Tellurium;Elementary flows/Emission to air/unspecified;;;;93a60a56-a3c8-11da-a746-0800200b9a66;Mass;;kg;20aadc24-a391-41cf-b340-3e4529f44bde;kg
09e1287d-5721-30a8-8f93-b5d909fd774d;9bc66656-9f37-44bc-ae0b-5d5243b8137e;1;Ethene, tetrachloro-;emissions to air/unspecified;;Tetrachloroethylene;Elementary flows/Emission to air/unspecified;;;;93a60a56-a3c8-11da-a746-0800200b9a66;Mass;;kg;20aadc24-a391-41cf-b340-3e4529f44bde;kg
b8f4c2a8-36d9-34e4-8541-d83c9fe57bdc;c1833bfb-adfe-4596-a1cd-0b3c4c81a994;1;Tellurium-123m;emissions to water/river;;Tellurium-123m;Elementary flows/Emission to water/river;;;;93a60a56-a3c8-17da-a746-0800200c9a66;Radioactivity;;kBq;e9773595-284e-46dd-9671-5fc9ff406833;kBq
f0a8e2f6-c5b7-3f3b-8f4a-de5f687acb27;fdba525b-f037-4018-b31d-abe3868ae256;1;Tellurium-132;emissions to water/river;;Tellurium-132;Elementary flows/Emission to water/fresh water;;;;93a60a56-a3c8-17da-a746-0800200c9a66;Radioactivity;;kBq;e9773595-284e-46dd-9671-5fc9ff406833;kBq
3f60d298-2f5a-3f64-89a2-bbb956e387e4;e5cf113b-af17-4b49-a15a-105b94f49096;1;Terbufos;emissions to air/unspecified;;Terbufos;Elementary flows/Emission to air/unspecified;;;;93a60a56-a3c8-11da-a746-0800200b9a66;Mass;;kg;20aadc24-a391-41cf-b340-3e4529f44bde;kg
c9bde84f-923b-3c1a-a254-5c2adc06a289;15057e97-7b47-405e-8222-6ed5cf4e0087;1;Terbufos;emissions to soil/agricultural;;Terbufos;Elementary flows/Emission to soil/agricultural;;;;93a60a56-a3c8-11da-a746-0800200b9a66;Mass;;kg;20aadc24-a391-41cf-b340-3e4529f44bde;kg
a4fcc604-cfc4-3412-8cc4-8fab9e42d4e6;d54e12bc-09e2-4e50-9371-78b3f407244f;1;Terbufos;emissions to water/river;;Terbufos;Elementary flows/Emission to water/fresh water;;;;93a60a56-a3c8-11da-a746-0800200b9a66;Mass;;kg;20aadc24-a391-41cf-b340-3e4529f44bde;kg
d22815e8-b9a5-36a5-91a7-59f43964f59b;10b69d7a-018d-44c6-9a5e-e67fc9475b86;1;Terpenes;emissions to air/low. pop.;;Terpenes;Elementary flows/Emission to air/low population density;;;;93a60a56-a3c8-11da-a746-0800200b9a66;Mass;;kg;20aadc24-a391-41cf-b340-3e4529f44bde;kg
2980cf5c-56bb-3759-85a0-247aadbce5fa;96bec6ea-fd71-48a1-ae8b-87a7b818eb77;1;Terpenes;emissions to air/unspecified;;Terpenes;Elementary flows/Emission to air/unspecified;;;;93a60a56-a3c8-11da-a746-0800200b9a66;Mass;;kg;20aadc24-a391-41cf-b340-3e4529f44bde;kg
61b06e98-847d-327a-be80-4a6c06aba3ef;2a1c80de-a083-470b-80dd-ba11a5aeea8c;1;Tetramethyl ammonium hydroxide;emissions to air/high. pop.;;Tetramethyl ammonium hydroxide;Elementary flows/Emission to air/high population density;;;;93a60a56-a3c8-11da-a746-0800200b9a66;Mass;;kg;20aadc24-a391-41cf-b340-3e4529f44bde;kg
c31cb66e-ab56-3e07-bfd6-9ebe69af78f9;50deb561-3de9-4b25-9b61-1695ad2dd136;1;Thallium;emissions to air/high. pop.;;Thallium I;Elementary flows/Emission to air/high population density;;;;93a60a56-a3c8-11da-a746-0800200b9a66;Mass;;kg;20aadc24-a391-41cf-b340-3e4529f44bde;kg
d8e818bf-5d2a-3252-a29f-ef30d7761fe8;9540d6dc-b589-4fbb-8260-1b6a88b8bf11;1;Thallium;emissions to air/low. pop.;;Thallium I;Elementary flows/Emission to air/low population density;;;;93a60a56-a3c8-11da-a746-0800200b9a66;Mass;;kg;20aadc24-a391-41cf-b340-3e4529f44bde;kg
3f448873-1c59-3ebb-b46a-3b1e21cf4e37;18aa2daa-0188-4328-b24b-1ad1398ecf81;1;Thallium;emissions to air/unspecified;;Thallium I;Elementary flows/Emission to air/unspecified;;;;93a60a56-a3c8-11da-a746-0800200b9a66;Mass;;kg;20aadc24-a391-41cf-b340-3e4529f44bde;kg
d2754ac6-d04b-39f1-a749-bef6ac700d6c;7da26881-518f-4b1b-87bf-7d1f633a7c1a;1;Thallium;emissions to water/groundwater;;Thallium I;Elementary flows/Emission to water/ground water;;;;93a60a56-a3c8-11da-a746-0800200b9a66;Mass;;kg;20aadc24-a391-41cf-b340-3e4529f44bde;kg
40e2fe38-deae-3b37-a113-b0a28fcbf29e;7e9baf19-8fa4-49c6-a3c2-2e875217e60b;1;Thallium;emissions to water/groundwater, long-term;;Thallium I;Elementary flows/Emission to water/ground water, long-term;;;;93a60a56-a3c8-11da-a746-0800200b9a66;Mass;;kg;20aadc24-a391-41cf-b340-3e4529f44bde;kg
f5ff54a3-fbff-34e0-9337-ce4255627450;db652d59-898e-46f3-acce-b28596c26dc7;1;Thallium;emissions to water/river;;Thallium I;Elementary flows/Emission to water/fresh water;;;;93a60a56-a3c8-11da-a746-0800200b9a66;Mass;;kg;20aadc24-a391-41cf-b340-3e4529f44bde;kg
a37fee68-7aed-366d-a2b8-a0346cd81cc4;32fccda4-0d99-40ab-b65f-c7203080b62b;1;Thallium;emissions to water/unspecified;;Thallium I;Elementary flows/Emission to water/unspecified;;;;93a60a56-a3c8-11da-a746-0800200b9a66;Mass;;kg;20aadc24-a391-41cf-b340-3e4529f44bde;kg
571dd978-491a-33cc-8d16-b67a42934a53;53f7bad5-fba1-54ca-94af-7abfbc18d21e;1;Thiacloprid;emissions to soil/agricultural;;Thiacloprid;Elementary flows/Emission to soil/agricultural;;;;93a60a56-a3c8-11da-a746-0800200b9a66;Mass;;kg;20aadc24-a391-41cf-b340-3e4529f44bde;kg
945b9b82-168d-3712-ba3d-f032fb2651e6;9a8e2785-9175-4818-83ae-fc394e2d695a;1;Thiamethoxam;emissions to soil/agricultural;;Thiamethoxam;Elementary flows/Emission to soil/agricultural;;;;93a60a56-a3c8-11da-a746-0800200b9a66;Mass;;kg;20aadc24-a391-41cf-b340-3e4529f44bde;kg
b01473d9-90bc-3682-bc26-530035360d7d;723a8b35-613c-4dbb-91af-ed3c06e273cc;1;Thiazole, 2-(thiocyanatemethylthio)benzo-;emissions to soil/agricultural;;TCMTB;Elementary flows/Emission to soil/agricultural;;;;93a60a56-a3c8-11da-a746-0800200b9a66;Mass;;kg;20aadc24-a391-41cf-b340-3e4529f44bde;kg
74e4462b-7de0-3ebc-93cf-aa265271e35c;68f5b661-cd07-445f-b14b-0fa266b3b168;1;Thidiazuron;emissions to soil/agricultural;;Thidiazuron;Elementary flows/Emission to soil/agricultural;;;;93a60a56-a3c8-11da-a746-0800200b9a66;Mass;;kg;20aadc24-a391-41cf-b340-3e4529f44bde;kg
45bfe9ee-b529-3e2a-ae43-f321cd9a22ee;4bafafca-ff89-46aa-9aaf-c93667df13a4;1;Thifensulfuron-methyl;emissions to soil/agricultural;;Thifensulfuron-methyl;Elementary flows/Emission to soil/agricultural;;;;93a60a56-a3c8-11da-a746-0800200b9a66;Mass;;kg;20aadc24-a391-41cf-b340-3e4529f44bde;kg
f19d1866-60a8-3cbe-9144-58116479f4f6;5d02269c-1130-47a5-aa86-00d79802dc88;1;Thiobencarb;emissions to soil/agricultural;;Thiobencarb;Elementary flows/Emission to soil/agricultural;;;;93a60a56-a3c8-11da-a746-0800200b9a66;Mass;;kg;20aadc24-a391-41cf-b340-3e4529f44bde;kg
53ed42f0-9ba6-39d2-bf85-2ce41a567ea5;f992dcb8-c19c-46b1-a36b-3053ef83b755;1;Thiram;emissions to soil/agricultural;;Thiram;Elementary flows/Emission to soil/agricultural;;;;93a60a56-a3c8-11da-a746-0800200b9a66;Mass;;kg;20aadc24-a391-41cf-b340-3e4529f44bde;kg
023e24f1-2b99-3cf4-a067-bcbabc8972bd;cb16ed3f-19b5-45c6-b504-b2be562d0002;1;Thorium;emissions to air/high. pop.;;Thorium;Elementary flows/Emission to air/high population density;;;;93a60a56-a3c8-11da-a746-0800200b9a66;Mass;;kg;20aadc24-a391-41cf-b340-3e4529f44bde;kg
e8c59ef4-6068-3676-a6cd-a5d9eae0c2a3;d28f10c4-a8d0-4891-b7a4-362e12360079;1;Thorium;emissions to air/low. pop.;;Thorium;Elementary flows/Emission to air/low population density;;;;93a60a56-a3c8-11da-a746-0800200b9a66;Mass;;kg;20aadc24-a391-41cf-b340-3e4529f44bde;kg
a65c830c-a17b-3f35-9bcb-2f99d310d6c7;6e769b2f-11ce-4ec1-ad99-a27c93361e72;1;Thorium-228;emissions to air/high. pop.;;Thorium-228;Elementary flows/Emission to air/high population density;;;;93a60a56-a3c8-17da-a746-0800200c9a66;Radioactivity;;kBq;e9773595-284e-46dd-9671-5fc9ff406833;kBq
ca957537-9ce9-31c8-96be-5a9eeeb0df06;bae57811-0343-41be-97cf-2c74279dd638;1;Thorium-228;emissions to air/low. pop.;;Thorium-228;Elementary flows/Emission to air/low population density;;;;93a60a56-a3c8-17da-a746-0800200c9a66;Radioactivity;;kBq;e9773595-284e-46dd-9671-5fc9ff406833;kBq
94ec4bc9-f66c-3a75-9a6c-55057296ea76;ecc877ac-3c34-4838-b1f8-6ae0ff2cd2fc;1;Thorium-228;emissions to air/unspecified;;Thorium-228;Elementary flows/Emission to air/unspecified;;;;93a60a56-a3c8-17da-a746-0800200c9a66;Radioactivity;;kBq;e9773595-284e-46dd-9671-5fc9ff406833;kBq
38745f46-8af0-3f29-8c47-3315c30fcdff;caae5c9b-66bf-4e1a-aa73-f84d11a41753;1;Thorium-228;emissions to water/groundwater;;Thorium-228;Elementary flows/Emission to water/ground water;;;;93a60a56-a3c8-17da-a746-0800200c9a66;Radioactivity;;kBq;e9773595-284e-46dd-9671-5fc9ff406833;kBq
3243ac7b-8c18-38a8-87bd-bccda0310b2a;27d2b49d-9ecb-4b0a-80dc-9c6598464c6a;1;Thorium-228;emissions to water/ocean;;Thorium-228;Elementary flows/Emission to water/ocean;;;;93a60a56-a3c8-17da-a746-0800200c9a66;Radioactivity;;kBq;e9773595-284e-46dd-9671-5fc9ff406833;kBq
b7a28c8f-87fd-3ea2-816d-71297a99ffc0;e12a5d26-dbc4-427c-a92e-3fdaf349df9f;1;Thorium-228;emissions to water/river;;Thorium-228;Elementary flows/Emission to water/fresh water;;;;93a60a56-a3c8-17da-a746-0800200c9a66;Radioactivity;;kBq;e9773595-284e-46dd-9671-5fc9ff406833;kBq
b2895e7a-ccaf-3ac4-97b9-17662b0d2de7;4eb24f81-0468-4b92-bae3-8b12dfc90438;1;Thorium-230;emissions to air/low. pop.;;Thorium-230;Elementary flows/Emission to air/low population density;;;;93a60a56-a3c8-17da-a746-0800200c9a66;Radioactivity;;kBq;e9773595-284e-46dd-9671-5fc9ff406833;kBq
b2fc1b3d-c156-39ba-88f0-ad522706897b;22d1736f-baa9-481e-9583-42654a6a7c26;1;Thorium-230;emissions to air/unspecified;;Thorium-230;Elementary flows/Emission to air/unspecified;;;;93a60a56-a3c8-17da-a746-0800200c9a66;Radioactivity;;kBq;e9773595-284e-46dd-9671-5fc9ff406833;kBq
f7db0777-6386-329c-8411-526063728f60;1fc92346-b546-4eb4-9f2f-3f000c9b4ce6;1;Thorium-230;emissions to water/lake;;Thorium-230;Elementary flows/Emission to water/lake;;;;93a60a56-a3c8-17da-a746-0800200c9a66;Radioactivity;;kBq;e9773595-284e-46dd-9671-5fc9ff406833;kBq
b490280d-e8b5-3946-aaf6-9b0cdf94887a;613f4eaf-afee-4934-877f-dc91aef6411f;1;Thorium-230;emissions to water/river;;Thorium-230;Elementary flows/Emission to water/fresh water;;;;93a60a56-a3c8-17da-a746-0800200c9a66;Radioactivity;;kBq;e9773595-284e-46dd-9671-5fc9ff406833;kBq
1437f3aa-8f56-3518-9f90-ebdb10e565ac;e17ab5b1-0e70-409c-b7fd-0a01e6a26de3;1;Thorium-232;emissions to air/high. pop.;;Thorium-232;Elementary flows/Emission to air/high population density;;;;93a60a56-a3c8-17da-a746-0800200c9a66;Radioactivity;;kBq;e9773595-284e-46dd-9671-5fc9ff406833;kBq
cd061da7-782c-3def-8084-cc52d8e54d2e;4c54be62-05f1-4201-940d-f161537be704;1;Thorium-232;emissions to air/low. pop.;;Thorium-232;Elementary flows/Emission to air/low population density;;;;93a60a56-a3c8-17da-a746-0800200c9a66;Radioactivity;;kBq;e9773595-284e-46dd-9671-5fc9ff406833;kBq
2aef3f1d-338a-32ef-a878-26d27ffad71f;08ebf986-d40a-4538-8aa7-21da2f99edf7;1;Thorium-232;emissions to air/unspecified;;Thorium-232;Elementary flows/Emission to air/unspecified;;;;93a60a56-a3c8-17da-a746-0800200c9a66;Radioactivity;;kBq;e9773595-284e-46dd-9671-5fc9ff406833;kBq
03c3dbdc-508d-3a1a-a9d8-2dcedcf7b64a;ffbe8447-6d78-46dd-8378-47019a82ce82;1;Thorium-232;emissions to water/groundwater;;Thorium-232;Elementary flows/Emission to water/ground water;;;;93a60a56-a3c8-17da-a746-0800200c9a66;Radioactivity;;kBq;e9773595-284e-46dd-9671-5fc9ff406833;kBq
59af9186-05f9-3261-9743-4dbec27c3b72;852118b9-043d-4db7-8b71-e3670fb280d2;1;Thorium-232;emissions to water/ocean;;Thorium-232;Elementary flows/Emission to water/ocean;;;;93a60a56-a3c8-17da-a746-0800200c9a66;Radioactivity;;kBq;e9773595-284e-46dd-9671-5fc9ff406833;kBq
b68c47ac-9d2b-3013-95e8-0b259f53c2a1;cecaa388-029f-409d-b764-6523e0b8de79;1;Thorium-232;emissions to water/river;;Thorium-232;Elementary flows/Emission to water/fresh water;;;;93a60a56-a3c8-17da-a746-0800200c9a66;Radioactivity;;kBq;e9773595-284e-46dd-9671-5fc9ff406833;kBq
e0d298a3-ec7c-3555-91da-f7abf342624d;8e2a5517-13ff-4423-b1ec-3632b0a72bf5;1;Thorium-234;emissions to air/low. pop.;;Thorium-234;Elementary flows/Emission to air/low population density;;;;93a60a56-a3c8-17da-a746-0800200c9a66;Radioactivity;;kBq;e9773595-284e-46dd-9671-5fc9ff406833;kBq
1a2eac4c-c569-3bb0-ae08-e42be3e7c6d1;898c1c27-5cc0-4713-89f6-1ab864aadc44;1;Thorium-234;emissions to air/unspecified;;Thorium-234;Elementary flows/Emission to air/unspecified;;;;93a60a56-a3c8-17da-a746-0800200c9a66;Radioactivity;;kBq;e9773595-284e-46dd-9671-5fc9ff406833;kBq
16ce4761-f611-3d53-a212-de6823182897;9e13835a-58af-4809-a8b9-88a26a3a58b8;1;Thorium-234;emissions to water/river;;Thorium-234;Elementary flows/Emission to water/fresh water;;;;93a60a56-a3c8-17da-a746-0800200c9a66;Radioactivity;;kBq;e9773595-284e-46dd-9671-5fc9ff406833;kBq
3f2fbbc6-d5fe-3376-a3f9-32b648365a71;19b6e569-85a4-4ea9-a590-d61a21e3c846;1;Tin;emissions to air/high. pop.;;Tin ion;Elementary flows/Emission to air/high population density;;;;93a60a56-a3c8-11da-a746-0800200b9a66;Mass;;kg;20aadc24-a391-41cf-b340-3e4529f44bde;kg
ef0ebae9-d302-3c38-932f-d67824db0eea;f563b90e-a300-4403-b278-d2fdcd73e5a7;1;Tin;emissions to air/low. pop.;;Tin ion;Elementary flows/Emission to air/low population density;;;;93a60a56-a3c8-11da-a746-0800200b9a66;Mass;;kg;20aadc24-a391-41cf-b340-3e4529f44bde;kg
7af344ac-cd13-39d1-ad8c-b298ffcfc09b;8a422b03-1055-4bc8-b439-27bf8d7eef57;1;Tin;emissions to air/low. pop., long-term;;Tin ion;Elementary flows/Emission to air/low population density, long-term;;;;93a60a56-a3c8-11da-a746-0800200b9a66;Mass;;kg;20aadc24-a391-41cf-b340-3e4529f44bde;kg
b1056d9d-60aa-3cf3-ba94-b0c53fe9fccf;2a7b68ff-f12a-44c6-8b31-71ec91d29889;1;Tin;emissions to air/unspecified;;Tin ion;Elementary flows/Emission to air/unspecified;;;;93a60a56-a3c8-11da-a746-0800200b9a66;Mass;;kg;20aadc24-a391-41cf-b340-3e4529f44bde;kg
f0db6c49-0db9-323b-82c3-c32d170c6215;168c970b-91c9-4427-a3a0-6686ad6cc2c4;1;Tin;emissions to soil/agricultural;;Tin ion;Elementary flows/Emission to soil/agricultural;;;;93a60a56-a3c8-11da-a746-0800200b9a66;Mass;;kg;20aadc24-a391-41cf-b340-3e4529f44bde;kg
6f498738-42df-3c13-a498-bf0702e7957c;85a764f2-a810-4b20-bc86-a45604262fda;1;Tin;emissions to soil/unspecified;;Tin ion;Elementary flows/Emission to soil/unspecified;;;;93a60a56-a3c8-11da-a746-0800200b9a66;Mass;;kg;20aadc24-a391-41cf-b340-3e4529f44bde;kg
af050ea3-8221-38b8-9310-38f4ec2ad137;df28f5b4-4754-4e51-ac98-31238976d7c7;1;Tin;emissions to water/river;;Tin ion;Elementary flows/Emission to water/fresh water;;;;93a60a56-a3c8-11da-a746-0800200b9a66;Mass;;kg;20aadc24-a391-41cf-b340-3e4529f44bde;kg
89280999-fa34-323f-b3b7-cd468e01bf6c;7b66aae2-1d58-490b-8ee7-7677f93c4282;1;Tin;emissions to water/groundwater;;Tin ion;Elementary flows/Emission to water/ground water;;;;93a60a56-a3c8-11da-a746-0800200b9a66;Mass;;kg;20aadc24-a391-41cf-b340-3e4529f44bde;kg
35526a22-3edc-38d1-be7e-835b2619b80c;60a6702f-20ad-444f-a6df-f6374f1e3183;1;Tin;emissions to water/groundwater, long-term;;Tin ion;Elementary flows/Emission to water/ground water, long-term;;;;93a60a56-a3c8-11da-a746-0800200b9a66;Mass;;kg;20aadc24-a391-41cf-b340-3e4529f44bde;kg
60de8595-1cfb-34a9-9a58-12b0a8aa9649;08a91e70-3ddc-11dd-9993-0050c2490048;1;Tin;emissions to water/ocean;;Tin ion;Elementary flows/Emission to water/ocean;;;;93a60a56-a3c8-11da-a746-0800200b9a66;Mass;;kg;20aadc24-a391-41cf-b340-3e4529f44bde;kg
73ff3857-228a-31c6-a4db-412038a89269;63e8256a-8549-11e0-9d78-0800200c9a66;1;Tin;emissions to water/unspecified;;Tin ion;Elementary flows/Emission to water/unspecified;;;;93a60a56-a3c8-11da-a746-0800200b9a66;Mass;;kg;20aadc24-a391-41cf-b340-3e4529f44bde;kg
112a9661-b340-3875-b7f6-e55c814619ee;53d5ef26-66d8-4536-afa2-2f6b114189ba;1;Tin;resources/in ground;;Tin;Elementary flows/Resource/in ground;;;;93a60a56-a3c8-11da-a746-0800200b9a66;Mass;;kg;20aadc24-a391-41cf-b340-3e4529f44bde;kg
70bfc5b1-00c0-346c-b096-392e11369ef5;63e8256a-8549-11e0-9d78-0800200c9a66;1;Tin (II);emissions to water/unspecified;;Tin ion;Elementary flows/Emission to water/unspecified;;;;93a60a56-a3c8-11da-a746-0800200b9a66;Mass;;kg;20aadc24-a391-41cf-b340-3e4529f44bde;kg
de0c0cdd-39d8-3d97-8284-da0205ebbb15;c701f32d-24aa-4929-a52e-fb45e8d1a143;1;Tin oxide;emissions to air/unspecified;;Tin oxide;Elementary flows/Emission to air/unspecified;;;;93a60a56-a3c8-11da-a746-0800200b9a66;Mass;;kg;20aadc24-a391-41cf-b340-3e4529f44bde;kg
0e129d16-a284-300d-88b9-74f18f4eded2;73933beb-6a47-3309-9882-f8598ba1ca77;1;Tin, resource correction;resources/in ground;;Tin, resource correction;Elementary flows/Resource/unspecified;;;;93a60a56-a3c8-11da-a746-0800200b9a66;Mass;;kg;20aadc24-a391-41cf-b340-3e4529f44bde;kg
51fc09d9-f39d-36b4-a2d8-e329e703226c;78cd4852-e7b9-4301-adf7-51e730b0356a;1;TiO2, 54% in ilmenite, 2.6% in crude ore;resources/in ground;;TiO2, 54% in ilmenite, 2.6% in crude ore;Elementary flows/Resource/in ground;;;;93a60a56-a3c8-11da-a746-0800200b9a66;Mass;;kg;20aadc24-a391-41cf-b340-3e4529f44bde;kg
6c6f1751-8545-32ac-b8ed-24ddb45ca47e;ec0fa5ce-51b4-4792-a8e8-c4ee668eddc3;1;TiO2, 95% in rutile, 0.40% in crude ore;resources/in ground;;TiO2, 95% in rutile, 0.40% in crude ore;Elementary flows/Resource/in ground;;;;93a60a56-a3c8-11da-a746-0800200b9a66;Mass;;kg;20aadc24-a391-41cf-b340-3e4529f44bde;kg
f1bf4fa6-6d9e-3924-b1e3-dfff5f58d8e0;f8f772bc-7204-4fda-aa97-080fd0f1b34c;1;Titanium;emissions to air/high. pop.;;Titanium ion;Elementary flows/Emission to air/high population density;;;;93a60a56-a3c8-11da-a746-0800200b9a66;Mass;;kg;20aadc24-a391-41cf-b340-3e4529f44bde;kg
9a09024a-0e9a-35f7-9762-033ee454c762;4a156a66-eb3e-4f87-90a2-ccd13bf942ff;1;Titanium;emissions to air/low. pop.;;Titanium ion;Elementary flows/Emission to air/low population density;;;;93a60a56-a3c8-11da-a746-0800200b9a66;Mass;;kg;20aadc24-a391-41cf-b340-3e4529f44bde;kg
efcf1cb7-f7d5-3ea2-b5c9-b7ca9e43b837;b3701449-fe4b-4513-b4a4-065e62f03e5c;1;Titanium;emissions to air/low. pop., long-term;;Titanium ion;Elementary flows/Emission to air/low population density, long-term;;;;93a60a56-a3c8-11da-a746-0800200b9a66;Mass;;kg;20aadc24-a391-41cf-b340-3e4529f44bde;kg
2739a242-d723-31ed-b0a5-7a9729a733fa;b15d845f-810e-4614-8633-af8bab2014ee;1;Titanium;emissions to air/unspecified;;Titanium ion;Elementary flows/Emission to air/unspecified;;;;93a60a56-a3c8-11da-a746-0800200b9a66;Mass;;kg;20aadc24-a391-41cf-b340-3e4529f44bde;kg
3ad47642-3033-3d96-81fe-779127dfd8b4;334f3d29-ec7d-4ca4-9e65-524c64c6649c;1;Titanium;emissions to soil/agricultural;;Titanium ion;Elementary flows/Emission to soil/agricultural;;;;93a60a56-a3c8-11da-a746-0800200b9a66;Mass;;kg;20aadc24-a391-41cf-b340-3e4529f44bde;kg
93eb892e-8ad8-3ca2-90af-444bf9884769;6bc9e39e-bfc5-4929-88d9-863684901143;1;Titanium;emissions to soil/unspecified;;Titanium ion;Elementary flows/Emission to soil/unspecified;;;;93a60a56-a3c8-11da-a746-0800200b9a66;Mass;;kg;20aadc24-a391-41cf-b340-3e4529f44bde;kg
e3cc5495-b90d-34e1-862d-758be8195cac;df8c7706-a6c7-37f7-81d6-5feb3dd08b92;1;Titanium;emissions to water/groundwater;;Titanium ion;Elementary flows/Emission to water/ground water;;;;93a60a56-a3c8-11da-a746-0800200b9a66;Mass;;kg;20aadc24-a391-41cf-b340-3e4529f44bde;kg
614a6eb6-1ae1-38d9-9b36-f4044fe21c44;08fbcb07-e7a1-352c-b779-9d7c578059d5;1;Titanium;emissions to water/groundwater, long-term;;Titanium ion;Elementary flows/Emission to water/ground water, long-term;;;;93a60a56-a3c8-11da-a746-0800200b9a66;Mass;;kg;20aadc24-a391-41cf-b340-3e4529f44bde;kg
22984b69-315f-37d5-8b71-e816a08186ba;08ba90dc-28c6-4c48-8e90-51b61139734f;1;Titanium;emissions to water/lake;;Titanium ion;Elementary flows/Emission to water/lake;;;;93a60a56-a3c8-11da-a746-0800200b9a66;Mass;;kg;20aadc24-a391-41cf-b340-3e4529f44bde;kg
02df7671-e8f5-3e11-b21b-15baf6df6195;08a91e70-3ddc-11dd-999e-0050c2490048;1;Titanium;emissions to water/ocean;;Titanium ion;Elementary flows/Emission to water/ocean;;;;93a60a56-a3c8-11da-a746-0800200b9a66;Mass;;kg;20aadc24-a391-41cf-b340-3e4529f44bde;kg
c592ebb3-4f60-3894-af19-352f902092de;a86c05d6-fd47-4f0d-8ece-559afa4fd339;1;Titanium;emissions to water/river;;Titanium ion;Elementary flows/Emission to water/fresh water;;;;93a60a56-a3c8-11da-a746-0800200b9a66;Mass;;kg;20aadc24-a391-41cf-b340-3e4529f44bde;kg
31768982-e475-3350-9670-34f56ecdb642;6089e9e4-f382-4066-9968-fc7e42b51066;1;Titanium;emissions to water/unspecified;;Titanium ion;Elementary flows/Emission to water/unspecified;;;;93a60a56-a3c8-11da-a746-0800200b9a66;Mass;;kg;20aadc24-a391-41cf-b340-3e4529f44bde;kg
2ad430fa-e94f-3c8c-b44f-0f65a110a74b;2f033407-6060-4e1e-868c-9f362d10fdb2;1;Titanium;resources/in ground;;Titanium;Elementary flows/Resource/in ground;;;;93a60a56-a3c8-11da-a746-0800200b9a66;Mass;;kg;20aadc24-a391-41cf-b340-3e4529f44bde;kg
2d6a6b6d-702c-3ec3-a442-367fdd89f36e;95e24e9c-e1d9-3c71-8c32-fcf4b133dc10;1;TOC, Total Organic Carbon;emissions to air/high. pop.;;TOC, Total Organic Carbon;Elementary flows/Emission to air/high population density;;;;93a60a56-a3c8-11da-a746-0800200b9a66;Mass;;kg;20aadc24-a391-41cf-b340-3e4529f44bde;kg
ea85433c-9b70-3e5b-8312-e2351f4ba220;63e8256b-8549-11e0-9d78-0800200c9a66;1;TOC, Total Organic Carbon;emissions to air/unspecified;;TOC, Total Organic Carbon;Elementary flows/Emission to air/unspecified;;;;93a60a56-a3c8-11da-a746-0800200b9a66;Mass;;kg;20aadc24-a391-41cf-b340-3e4529f44bde;kg
e85ace0b-b702-3175-9729-599ae21dfdb2;89850512-9156-4915-9a49-2cc0c3d07382;1;TOC, Total Organic Carbon;emissions to soil/unspecified;;TOC, Total Organic Carbon;Elementary flows/Emission to soil/unspecified;;;;93a60a56-a3c8-11da-a746-0800200b9a66;Mass;;kg;20aadc24-a391-41cf-b340-3e4529f44bde;kg
88f491e7-6284-3e3e-94c8-2ca2d3a30f32;73b225ab-ddc4-4a38-9ed0-ceedee987424;1;TOC, Total Organic Carbon;emissions to water/groundwater;;TOC, Total Organic Carbon;Elementary flows/Emission to water/ground water;;;;93a60a56-a3c8-11da-a746-0800200b9a66;Mass;;kg;20aadc24-a391-41cf-b340-3e4529f44bde;kg
467723da-7e4e-3866-b996-bf678c2cd1cb;8734eb08-50cf-4f5a-8d1a-db76d38efe3c;1;TOC, Total Organic Carbon;emissions to water/groundwater, long-term;;TOC, Total Organic Carbon;Elementary flows/Emission to water/ground water, long-term;;;;93a60a56-a3c8-11da-a746-0800200b9a66;Mass;;kg;20aadc24-a391-41cf-b340-3e4529f44bde;kg
7738051c-b4b1-38d0-ad36-5c589a944096;d1c0567e-ff1a-4cb7-a4f0-de28b2d99b63;1;TOC, Total Organic Carbon;emissions to water/ocean;;TOC, Total Organic Carbon;Elementary flows/Emission to water/ocean;;;;93a60a56-a3c8-11da-a746-0800200b9a66;Mass;;kg;20aadc24-a391-41cf-b340-3e4529f44bde;kg
919a77ca-ee5c-3664-88e7-502292afe6fb;9d73edf8-57c4-443b-80bd-e7cfaeeb93e0;1;TOC, Total Organic Carbon;emissions to water/river;;TOC, Total Organic Carbon;Elementary flows/Emission to water/fresh water;;;;93a60a56-a3c8-11da-a746-0800200b9a66;Mass;;kg;20aadc24-a391-41cf-b340-3e4529f44bde;kg
64eef41f-7cd3-35b8-81a8-18a5eca1b325;cec4a04d-562a-4a38-a98f-5fb3d07eea6b;1;TOC, Total Organic Carbon;emissions to water/unspecified;;TOC, Total Organic Carbon;Elementary flows/Emission to water/unspecified;;;;93a60a56-a3c8-11da-a746-0800200b9a66;Mass;;kg;20aadc24-a391-41cf-b340-3e4529f44bde;kg
afe2cc90-0493-3388-9499-e4873628038f;39946c56-cdf6-4a22-9ac9-1cd333b65533;1;Toluene;emissions to air/high. pop.;;Toluene;Elementary flows/Emission to air/high population density;;;;93a60a56-a3c8-11da-a746-0800200b9a66;Mass;;kg;20aadc24-a391-41cf-b340-3e4529f44bde;kg
bbdc998a-5613-38dd-8b7c-77377ef5f491;77f17646-cede-4a49-99dd-55950098b077;1;Toluene;emissions to air/low. pop.;;Toluene;Elementary flows/Emission to air/low population density;;;;93a60a56-a3c8-11da-a746-0800200b9a66;Mass;;kg;20aadc24-a391-41cf-b340-3e4529f44bde;kg
da855d21-4a3a-32f0-95d4-5347e0580353;3b1ecf8e-1d2c-4330-81da-a79f9068976d;1;Toluene;emissions to air/unspecified;;Toluene;Elementary flows/Emission to air/unspecified;;;;93a60a56-a3c8-11da-a746-0800200b9a66;Mass;;kg;20aadc24-a391-41cf-b340-3e4529f44bde;kg
cf37e380-452e-3612-8f47-3a5d1afb0baf;f2d5f01a-3e16-4a6c-a3dc-f6ee9a728957;1;Toluene;emissions to water/ocean;;Toluene;Elementary flows/Emission to water/ocean;;;;93a60a56-a3c8-11da-a746-0800200b9a66;Mass;;kg;20aadc24-a391-41cf-b340-3e4529f44bde;kg
e9da73f4-82d6-3be3-b3da-216f60d62323;c26b9e07-4540-4d7c-a1c0-75009b41542d;1;Toluene;emissions to water/river;;Toluene;Elementary flows/Emission to water/fresh water;;;;93a60a56-a3c8-11da-a746-0800200b9a66;Mass;;kg;20aadc24-a391-41cf-b340-3e4529f44bde;kg
63ca6973-9daa-3f2f-be66-dd481864ddab;826c7733-9b0a-4ec5-9f35-32294f9138e3;1;Toluene;emissions to water/unspecified;;Toluene;Elementary flows/Emission to water/unspecified;;;;93a60a56-a3c8-11da-a746-0800200b9a66;Mass;;kg;20aadc24-a391-41cf-b340-3e4529f44bde;kg
6cd5ddb0-ce3d-321d-b6b7-31bc6f71930b;a3833724-a816-4c9e-b6fd-ac43e8aeedc2;1;Toluene, 2-chloro-;emissions to air/high. pop.;;o-Chlorotoluene;Elementary flows/Emission to air/high population density;;;;93a60a56-a3c8-11da-a746-0800200b9a66;Mass;;kg;20aadc24-a391-41cf-b340-3e4529f44bde;kg
2a87a280-ded8-327e-a7de-4f43927c3bba;ea5789d9-c0f9-4aeb-9df9-0caaf211534b;1;Toluene, 2-chloro-;emissions to water/river;;o-Chlorotoluene;Elementary flows/Emission to water/surface water;;;;93a60a56-a3c8-11da-a746-0800200b9a66;Mass;;kg;20aadc24-a391-41cf-b340-3e4529f44bde;kg
cedfc7ab-c763-3aa8-b3e6-b4884bd1a95f;ad83a9b9-77ce-4a23-852d-d606ec7f8ffb;1;Tralkoxydim;emissions to soil/agricultural;;Tralkoxydim;Elementary flows/Emission to soil/agricultural;;;;93a60a56-a3c8-11da-a746-0800200b9a66;Mass;;kg;20aadc24-a391-41cf-b340-3e4529f44bde;kg
2243c54a-2258-3652-a3b7-b0326acf64d5;04279d50-d748-4d84-b004-8c90ccb044e2;1;Tralomethrin;emissions to soil/agricultural;;Tralomethrin;Elementary flows/Emission to soil/agricultural;;;;93a60a56-a3c8-11da-a746-0800200b9a66;Mass;;kg;20aadc24-a391-41cf-b340-3e4529f44bde;kg
05b31e08-c4af-3697-b85f-131caa42ead4;c0143eba-3daf-44ad-8d34-6e1d34128ace;1;Transformation, from agriculture;resources/land;;Transformation, from agriculture;Elementary flows/Resource/land;;;;93a60a56-a3c8-19da-a746-0800200c9a66;Area;;m2;3ce61faa-5716-41c1-aef6-b5920054acc9;m2
c228acda-5e76-3c9c-908d-467e0d5493e2;c228acda-5e76-3c9c-908d-467e0d5493e2;1;Transformation, from agriculture, mosaic;resources/land;;Transformation, from agriculture;Elementary flows/Resource/land;;;;93a60a56-a3c8-19da-a746-0800200c9a66;Area;;m2;3ce61faa-5716-41c1-aef6-b5920054acc9;m2
7dd5f038-2848-3477-8e30-6cb3996f1fb7;f05cca02-ec18-4acc-9939-59658ff9a554;1;Transformation, from annual crop;resources/land;;Transformation, from annual crop;Elementary flows/Resource/land;;;;93a60a56-a3c8-19da-a746-0800200c9a66;Area;;m2;3ce61faa-5716-41c1-aef6-b5920054acc9;m2
eb37eaea-66b4-36ca-a274-fe45e91d1b92;a70beb60-354d-4dcd-b6fd-8c251357fb2a;1;Transformation, from annual crop, irrigated;resources/unspecified;;Transformation, from annual crop, irrigated;Elementary flows/Resource/land;;;;93a60a56-a3c8-19da-a746-0800200c9a66;Area;;m2;3ce61faa-5716-41c1-aef6-b5920054acc9;m2
b9c48755-de07-34d4-a4b9-68cd9c4793f3;4b420f19-0421-461e-a0b6-7efbf580089b;1;Transformation, from annual crop, non-irrigated;resources/land;;Transformation, from annual crop, non-irrigated;Elementary flows/Resource/land;;;;93a60a56-a3c8-19da-a746-0800200c9a66;Area;;m2;3ce61faa-5716-41c1-aef6-b5920054acc9;m2
6844a3cc-bb56-3067-8810-d5d1df0dc504;777b7fc7-d7a2-3e6d-a326-cfa1f6b11aea;1;Transformation, from annual crop, non-irrigated, fallow;resources/land;;Transformation, from annual crop, non-irrigated, fallow;Elementary flows/Resource/land;;;;93a60a56-a3c8-19da-a746-0800200c9a66;Area;;m2;3ce61faa-5716-41c1-aef6-b5920054acc9;m2
21a0ae36-a8f4-3541-b25b-a555e4d5bb37;ab3e851e-21c9-47cf-8e7d-5f96dfae3ba5;1;Transformation, from annual crop, non-irrigated, intensive;resources/unspecified;;Transformation, from annual crop, non-irrigated, intensive;Elementary flows/Resource/land;;;;93a60a56-a3c8-19da-a746-0800200c9a66;Area;;m2;3ce61faa-5716-41c1-aef6-b5920054acc9;m2
415a1a32-4299-3bf5-a735-589f72d608b5;436403fd-caa1-3abb-9de4-e3dde0774798;1;Transformation, from arable, non-irrigated, diverse-intensive;resources/land;;Transformation, from annual crop, non-irrigated, diverse-intensive;Elementary flows/Resource/land;;;;93a60a56-a3c8-19da-a746-0800200c9a66;Area;;m2;3ce61faa-5716-41c1-aef6-b5920054acc9;m2
08da01b3-1b6f-397e-8e3a-97ae3ab256c3;43c8b65e-8551-37da-9f00-7fedc95fe17d;1;Transformation, from arable, organic;resources/land;;Transformation, from arable, organic;Elementary flows/Resource/land;;;;93a60a56-a3c8-19da-a746-0800200c9a66;Area;;m2;3ce61faa-5716-41c1-aef6-b5920054acc9;m2
c19f90ac-a8ef-3f96-bb45-dba1fbb7dca6;c1513682-45ad-444e-afb5-27c660714e88;1;Transformation, from dump site, inert material landfill;resources/land;;Transformation, from dump site, inert material landfill;Elementary flows/Resource/land;;;;93a60a56-a3c8-19da-a746-0800200c9a66;Area;;m2;3ce61faa-5716-41c1-aef6-b5920054acc9;m2
9db8d813-6bbf-37fb-acdd-03274fd751da;7fdc928c-f347-45e7-82d7-046acdf878ae;1;Transformation, from dump site, residual material landfill;resources/land;;Transformation, from dump site, residual material landfill;Elementary flows/Resource/land;;;;93a60a56-a3c8-19da-a746-0800200c9a66;Area;;m2;3ce61faa-5716-41c1-aef6-b5920054acc9;m2
c3c4a100-6c1d-38b2-b2fa-a3e9ba50d23d;b79e26a0-88db-441f-b79b-508506e81b93;1;Transformation, from dump site, sanitary landfill;resources/land;;Transformation, from dump site, sanitary landfill;Elementary flows/Resource/land;;;;93a60a56-a3c8-19da-a746-0800200c9a66;Area;;m2;3ce61faa-5716-41c1-aef6-b5920054acc9;m2
955fb33c-f195-3999-85dd-f0b2dbd4ffcd;7d5b5802-3698-4be8-98f8-ab7c1a2e9328;1;Transformation, from dump site, slag compartment;resources/land;;Transformation, from dump site, slag compartment;Elementary flows/Resource/land;;;;93a60a56-a3c8-19da-a746-0800200c9a66;Area;;m2;3ce61faa-5716-41c1-aef6-b5920054acc9;m2
df79fbb7-e70d-31a3-8b8c-728b088ca802;e71f95a5-fd82-4128-9fd1-be3f0e85d0fc;1;Transformation, from forest, extensive;resources/land;;Transformation, from forest, extensive;Elementary flows/Resource/land;;;;93a60a56-a3c8-19da-a746-0800200c9a66;Area;;m2;3ce61faa-5716-41c1-aef6-b5920054acc9;m2
58708122-abaf-3377-9d9f-20ef66f02044;8c920eda-3eee-4782-ace6-c706fb363b88;1;Transformation, from forest, intensive, clear-cutting;resources/land;;Transformation, from forest, intensive, clear-cutting;Elementary flows/Resource/land;;;;93a60a56-a3c8-19da-a746-0800200c9a66;Area;;m2;3ce61faa-5716-41c1-aef6-b5920054acc9;m2
619f5c01-f7a7-33ee-8b11-6e4150949edf;963b17e3-ec2a-3715-85eb-01d84a8fce7b;1;Transformation, from forest, intensive, normal;resources/land;;Transformation, from forest, intensive, normal;Elementary flows/Resource/land;;;;93a60a56-a3c8-19da-a746-0800200c9a66;Area;;m2;3ce61faa-5716-41c1-aef6-b5920054acc9;m2
5dcdd0d7-3041-325e-9030-c298aa6bfc7d;99f1deff-a149-49bf-b1fd-95f7ff7d1331;1;Transformation, from forest, intensive, short-cycle;resources/land;;Transformation, from forest, intensive, short-cycle;Elementary flows/Resource/land;;;;93a60a56-a3c8-19da-a746-0800200c9a66;Area;;m2;3ce61faa-5716-41c1-aef6-b5920054acc9;m2
d491b05c-42a4-3d53-a458-17823f8d0a9a;ac0aba5c-66ce-42c9-9f46-1e47ab7bc4b9;1;Transformation, from forest, natural;resources/land;;Transformation, from forest, natural;Elementary flows/Resource/land;;;;93a60a56-a3c8-19da-a746-0800200c9a66;Area;;m2;3ce61faa-5716-41c1-aef6-b5920054acc9;m2
164a8865-57ad-31b2-8d4d-76f32e982b75;0930b6b8-d9c6-4462-966f-ac7495b63bed;1;Transformation, from forest, unspecified;resources/land;;Transformation, from forest, unspecified;Elementary flows/Resource/land;;;;93a60a56-a3c8-19da-a746-0800200c9a66;Area;;m2;3ce61faa-5716-41c1-aef6-b5920054acc9;m2
8ecfeed4-41e0-3c09-a078-e72746bfeff5;0930b6b8-d9c6-4462-966f-ac7495b63bed;1;Transformation, from forest, unspecified;resources/unspecified;;Transformation, from forest, unspecified;Elementary flows/Resource/land;;;;93a60a56-a3c8-19da-a746-0800200c9a66;Area;;m2;3ce61faa-5716-41c1-aef6-b5920054acc9;m2
23176fab-e265-3cd5-86ef-b7605acc4149;2e002771-9f22-43e3-9990-f06f8235700b;1;Transformation, from heterogeneous, agricultural;resources/land;;Transformation, from heterogeneous, agricultural;Elementary flows/Resource/land;;;;93a60a56-a3c8-19da-a746-0800200c9a66;Area;;m2;3ce61faa-5716-41c1-aef6-b5920054acc9;m2
d4e06165-6d89-3cec-8e33-1a49e9f2687b;b6dcefd8-3848-4338-9c3e-fe6e91f20937;1;Transformation, from industrial area;resources/land;;Transformation, from industrial area;Elementary flows/Resource/land;;;;93a60a56-a3c8-19da-a746-0800200c9a66;Area;;m2;3ce61faa-5716-41c1-aef6-b5920054acc9;m2
408e37b5-9ec3-3483-9732-ffc37cece8ac;b93fac73-b3b1-4825-b1db-c129d404d3f3;1;Transformation, from industrial area, benthos;resources/land;;Transformation, from industrial area, benthos;Elementary flows/Resource/unspecified;;;;93a60a56-a3c8-19da-a746-0800200c9a66;Area;;m2;3ce61faa-5716-41c1-aef6-b5920054acc9;m2
f0039baa-81ef-341e-8a72-cf0ee14d06b4;12be05aa-48ad-49a8-a864-7a51ba56075b;1;Transformation, from industrial area, built up;resources/land;;Transformation, from industrial area, built up;Elementary flows/Resource/unspecified;;;;93a60a56-a3c8-19da-a746-0800200c9a66;Area;;m2;3ce61faa-5716-41c1-aef6-b5920054acc9;m2
0261c0bd-48e1-3382-8b11-6888137e3faf;f9795c43-391d-4e31-a4ce-bee8259adb03;1;Transformation, from industrial area, vegetation;resources/land;;Transformation, from industrial area, vegetation;Elementary flows/Resource/land;;;;93a60a56-a3c8-19da-a746-0800200c9a66;Area;;m2;3ce61faa-5716-41c1-aef6-b5920054acc9;m2
15de0669-5ff7-37bd-abd3-e900b256a6e5;64d99cb5-3b4f-4195-b86f-c5f45b4dcd19;1;Transformation, from mineral extraction site;resources/land;;Transformation, from mineral extraction site;Elementary flows/Resource/land;;;;93a60a56-a3c8-19da-a746-0800200c9a66;Area;;m2;3ce61faa-5716-41c1-aef6-b5920054acc9;m2
3339cc60-b97c-3a0a-93e1-752ef1e06972;54d144f3-a534-429d-bdd6-f3d8448ab4cc;1;Transformation, from pasture and meadow;resources/land;;Transformation, from pasture and meadow;Elementary flows/Resource/unspecified;;;;93a60a56-a3c8-19da-a746-0800200c9a66;Area;;m2;3ce61faa-5716-41c1-aef6-b5920054acc9;m2
c481462f-4182-33b9-9c6e-631a82f55fd0;7eb4fceb-e6d0-3ae3-9f92-db8148633e6d;1;Transformation, from pasture and meadow, organic;resources/land;;Transformation, from pasture and meadow, organic;Elementary flows/Resource/land;;;;93a60a56-a3c8-19da-a746-0800200c9a66;Area;;m2;3ce61faa-5716-41c1-aef6-b5920054acc9;m2
f09fc338-488e-3bac-a0a9-ee21a297a58c;2c126bcc-bb63-4d63-bd72-f02a1e616809;1;Transformation, from pasture, man made;resources/land;;Transformation, from pasture, man made;Elementary flows/Resource/land;;;;93a60a56-a3c8-19da-a746-0800200c9a66;Area;;m2;3ce61faa-5716-41c1-aef6-b5920054acc9;m2
9392c65e-3769-3953-840d-0b6937df7d2c;82f2476e-988b-4d7a-bde6-5da9337d1f65;1;Transformation, from pasture, man made, extensive;resources/land;;Transformation, from pasture, man made, extensive;Elementary flows/Resource/land;;;;93a60a56-a3c8-19da-a746-0800200c9a66;Area;;m2;3ce61faa-5716-41c1-aef6-b5920054acc9;m2
e2a6efcd-217a-3a72-ae2c-f561ef7f04f1;592bf69f-8551-4611-8942-4620be0adabe;1;Transformation, from pasture, man made, intensive;resources/land;;Transformation, from pasture, man made, intensive;Elementary flows/Resource/land;;;;93a60a56-a3c8-19da-a746-0800200c9a66;Area;;m2;3ce61faa-5716-41c1-aef6-b5920054acc9;m2
dde1df96-ded1-31f1-a48e-b682cd54bdfc;fe91efc5-25ce-4316-b0d1-43173a755777;1;Transformation, from permanent crop, fruit, extensive;resources/land;;Transformation, from permanent crop, fruit, extensive;Elementary flows/Resource/unspecified;;;;93a60a56-a3c8-19da-a746-0800200c9a66;Area;;m2;3ce61faa-5716-41c1-aef6-b5920054acc9;m2
1c5ca26f-8301-3af9-850d-2b06b1528997;e15786b4-0445-4a67-8e9f-cb7b3e349935;1;Transformation, from sea and ocean;resources/land;;Transformation, from sea and ocean;Elementary flows/Resource/unspecified;;;;93a60a56-a3c8-19da-a746-0800200c9a66;Area;;m2;3ce61faa-5716-41c1-aef6-b5920054acc9;m2
e117887b-eb13-3a98-a81d-82a2942562d0;928ba839-d6e5-4d1e-b5fd-122998a9bbe2;1;Transformation, from seabed, unspecified;resources/land;;Transformation, from seabed, unspecified;Elementary flows/Resource/land;;;;93a60a56-a3c8-19da-a746-0800200c9a66;Area;;m2;3ce61faa-5716-41c1-aef6-b5920054acc9;m2
6c6bacdb-2406-32f3-a0a3-20bf8b4b03f3;17a5a406-333f-4b9e-8852-c2de50bc9585;1;Transformation, from shrub land, sclerophyllous;resources/land;;Transformation, from shrub land, sclerophyllous;Elementary flows/Resource/land;;;;93a60a56-a3c8-19da-a746-0800200c9a66;Area;;m2;3ce61faa-5716-41c1-aef6-b5920054acc9;m2
a5748196-bb57-3521-87a3-c1e0808e494a;46b8b2fd-eb2a-413d-bc39-e7dc18a420ef;1;Transformation, from traffic area, rail/road embankment;resources/land;;Transformation, from traffic area, rail/road embankment;Elementary flows/Resource/land;;;;93a60a56-a3c8-19da-a746-0800200c9a66;Area;;m2;3ce61faa-5716-41c1-aef6-b5920054acc9;m2
56355a6c-bd5e-3446-9d6c-3b4139840c4f;00907a61-b501-4f47-b688-1dc2b51d48c1;1;Transformation, from traffic area, road network;resources/land;;Transformation, from traffic area, road network;Elementary flows/Resource/land;;;;93a60a56-a3c8-19da-a746-0800200c9a66;Area;;m2;3ce61faa-5716-41c1-aef6-b5920054acc9;m2
4f57ae9b-096f-3447-8f2a-92fde8f64038;7899bb60-56fd-3d8b-8c3a-9d6341b9d747;1;Transformation, from tropical rain forest;resources/land;;Transformation, from tropical rain forest;Elementary flows/Resource/land;;;;93a60a56-a3c8-19da-a746-0800200c9a66;Area;;m2;3ce61faa-5716-41c1-aef6-b5920054acc9;m2
04d9eaf5-6209-312b-98cb-e3eec5511862;12264257-7f8b-4afe-b3cb-3ac28ca1661a;1;Transformation, from unknown;resources/land;;Transformation, from unknown;Elementary flows/Resource/land;;;;93a60a56-a3c8-19da-a746-0800200c9a66;Area;;m2;3ce61faa-5716-41c1-aef6-b5920054acc9;m2
b71cd6bd-9312-3490-9da4-905cf8612c37;12264257-7f8b-4afe-b3cb-3ac28ca1661a;1;Transformation, from unknown;resources/unspecified;;Transformation, from unknown;Elementary flows/Resource/land;;;;93a60a56-a3c8-19da-a746-0800200c9a66;Area;;m2;3ce61faa-5716-41c1-aef6-b5920054acc9;m2
6ed2f3d3-f475-395e-9028-0e85785f56dd;29630a65-f38c-48a5-9744-c0121f586640;1;Transformation, from unspecified;resources/land;;Transformation, from unspecified;Elementary flows/Resource/land;;;;93a60a56-a3c8-19da-a746-0800200c9a66;Area;;m2;3ce61faa-5716-41c1-aef6-b5920054acc9;m2
e92d50cd-aab2-3fdc-878b-1cc525bd34ff;1a1d0d4b-6b95-4815-ad06-2ec5fe333c43;1;Transformation, from unspecified, natural (non-use);resources/land;;Transformation, from unspecified, natural (non-use);Elementary flows/Resource/land;;;;93a60a56-a3c8-19da-a746-0800200c9a66;Area;;m2;3ce61faa-5716-41c1-aef6-b5920054acc9;m2
c1edeff1-4769-32a2-a846-6c5de6b9265e;1a1d0d4b-6b95-4815-ad06-2ec5fe333c43;1;Transformation, from unspecified, natural (non-use);resources/unspecified;;Transformation, from unspecified, natural (non-use);Elementary flows/Resource/land;;;;93a60a56-a3c8-19da-a746-0800200c9a66;Area;;m2;3ce61faa-5716-41c1-aef6-b5920054acc9;m2
945cf277-f656-3a30-a7e1-5e320373c39a;85a087a2-6217-3cc1-9f2f-1cc9dccf6f9d;1;Transformation, from unspecified, used;resources/in ground;;Transformation, from unspecified, used;Elementary flows/Resource/unspecified;;;;93a60a56-a3c8-19da-a746-0800200c9a66;Area;;m2;3ce61faa-5716-41c1-aef6-b5920054acc9;m2
d12b816a-121c-3141-92c4-4b4b9ba1a773;85a087a2-6217-3cc1-9f2f-1cc9dccf6f9d;1;Transformation, from unspecified, used;resources/unspecified;;Transformation, from unspecified, used;Elementary flows/Resource/unspecified;;;;93a60a56-a3c8-19da-a746-0800200c9a66;Area;;m2;3ce61faa-5716-41c1-aef6-b5920054acc9;m2
c485d59a-1715-32c1-b223-7c36c01fcaef;a8e39acd-6e7f-4d43-973b-37e6b7c00037;1;Transformation, from urban, continuously built;resources/land;;Transformation, from urban, continuously built;Elementary flows/Resource/land;;;;93a60a56-a3c8-19da-a746-0800200c9a66;Area;;m2;3ce61faa-5716-41c1-aef6-b5920054acc9;m2
fa4b1c24-6161-31b5-b56e-9ef415ce8911;ba94eeb5-4b68-4848-a86e-71a9f3b70a4c;1;Transformation, from urban, discontinuously built;resources/land;;Transformation, from urban, discontinuously built;Elementary flows/Resource/land;;;;93a60a56-a3c8-19da-a746-0800200c9a66;Area;;m2;3ce61faa-5716-41c1-aef6-b5920054acc9;m2
6f0c184c-2571-30b6-b149-f8987579379d;28e5f69f-7b2e-4e31-9725-d407b2964b3f;1;Transformation, to agriculture;resources/land;;Transformation, to agriculture;Elementary flows/Resource/land;;;;93a60a56-a3c8-19da-a746-0800200c9a66;Area;;m2;3ce61faa-5716-41c1-aef6-b5920054acc9;m2
58f20a3f-5564-3042-834a-ed2c5fc33c3d;c3f83a91-4888-41a4-add9-fd01678a1e5f;1;Transformation, to annual crop;resources/land;;Transformation, to annual crop;Elementary flows/Resource/land;;;;93a60a56-a3c8-19da-a746-0800200c9a66;Area;;m2;3ce61faa-5716-41c1-aef6-b5920054acc9;m2
e1fe3064-95ec-3877-9529-a691ae9100a6;247ddc2a-c861-43be-97f0-0183e3d12f99;1;Transformation, to annual crop, irrigated;resources/unspecified;;Transformation, to annual crop, irrigated;Elementary flows/Resource/land;;;;93a60a56-a3c8-19da-a746-0800200c9a66;Area;;m2;3ce61faa-5716-41c1-aef6-b5920054acc9;m2
11f154ad-e2e1-3cf5-8639-5577025da6e2;e97b784a-ec09-4b1b-9f14-cc0ce9799c9e;1;Transformation, to annual crop, non-irrigated;resources/land;;Transformation, to annual crop, non-irrigated;Elementary flows/Resource/land;;;;93a60a56-a3c8-19da-a746-0800200c9a66;Area;;m2;3ce61faa-5716-41c1-aef6-b5920054acc9;m2
54ad7e4f-dc38-3fdd-bbf1-5f529e6917cb;2e52cbfa-94d7-432b-892f-431daa71a6ef;1;Transformation, to annual crop, non-irrigated, intensive;resources/unspecified;;Transformation, to annual crop, non-irrigated, intensive;Elementary flows/Resource/land;;;;93a60a56-a3c8-19da-a746-0800200c9a66;Area;;m2;3ce61faa-5716-41c1-aef6-b5920054acc9;m2
2adeef4b-4e0a-363d-8b30-d75b74dacfc4;2f1e926a-ec96-432b-b2a6-bd5e3de2ff87;1;Transformation, to arable land, unspecified use;resources/land;;Transformation, to arable land, unspecified use;Elementary flows/Resource/land;;;;93a60a56-a3c8-19da-a746-0800200c9a66;Area;;m2;3ce61faa-5716-41c1-aef6-b5920054acc9;m2
483d489f-6ae8-36d5-b864-61b7539d043d;984054e3-b91c-3e32-aeca-59f6cdedeb97;1;Transformation, to arable, non-irrigated, diverse-intensive;resources/land;;Transformation, to annual crop, non-irrigated, diverse-intensive;Elementary flows/Resource/land;;;;93a60a56-a3c8-19da-a746-0800200c9a66;Area;;m2;3ce61faa-5716-41c1-aef6-b5920054acc9;m2
2cf22612-01cc-3f7d-8452-9f8db06c506d;3e88be44-3a9b-38ab-aa3a-544ba1ecf359;1;Transformation, to arable, non-irrigated, fallow;resources/land;;Transformation, to annual crop, non-irrigated, fallow;Elementary flows/Resource/land;;;;93a60a56-a3c8-19da-a746-0800200c9a66;Area;;m2;3ce61faa-5716-41c1-aef6-b5920054acc9;m2
f374de5b-a8b6-34f2-8320-feb8ad109505;2e1a4ab8-76e5-44cf-a726-ea75ac62efac;1;Transformation, to arable, organic;resources/land;;Transformation, to arable, organic;Elementary flows/Resource/land;;;;93a60a56-a3c8-19da-a746-0800200c9a66;Area;;m2;3ce61faa-5716-41c1-aef6-b5920054acc9;m2
83aaf6fd-7602-389f-8528-a4b0a3b0db8f;90a5a447-af6f-421a-8201-011f07ad1150;1;Transformation, to dump site;resources/land;;Transformation, to dump site;Elementary flows/Resource/land;;;;93a60a56-a3c8-19da-a746-0800200c9a66;Area;;m2;3ce61faa-5716-41c1-aef6-b5920054acc9;m2
61875ed5-a40a-30a1-b460-c506d1f3eea5;6c4a3fb1-813d-33f2-87e7-157699f2a835;1;Transformation, to dump site, benthos;resources/land;;Transformation, to dump site, benthos;Elementary flows/Resource/land;;;;93a60a56-a3c8-19da-a746-0800200c9a66;Area;;m2;3ce61faa-5716-41c1-aef6-b5920054acc9;m2
001b463f-65d8-3927-959d-16b9195dae54;d10b390c-9d0c-4f59-b31d-3d0d70e77a35;1;Transformation, to dump site, inert material landfill;resources/land;;Transformation, to dump site, inert material landfill;Elementary flows/Resource/land;;;;93a60a56-a3c8-19da-a746-0800200c9a66;Area;;m2;3ce61faa-5716-41c1-aef6-b5920054acc9;m2
e79a0d33-bf73-38c2-b022-b92a14dbabc2;8f5c8cb3-dccd-45da-9f1f-d1c61cd789c3;1;Transformation, to dump site, residual material landfill;resources/land;;Transformation, to dump site, residual material landfill;Elementary flows/Resource/land;;;;93a60a56-a3c8-19da-a746-0800200c9a66;Area;;m2;3ce61faa-5716-41c1-aef6-b5920054acc9;m2
c4b6aaaa-d9ac-3a67-a7f2-0a9188343379;1a568858-efa8-4c2a-b46e-82b6e66b6072;1;Transformation, to dump site, sanitary landfill;resources/land;;Transformation, to dump site, sanitary landfill;Elementary flows/Resource/land;;;;93a60a56-a3c8-19da-a746-0800200c9a66;Area;;m2;3ce61faa-5716-41c1-aef6-b5920054acc9;m2
ce2105d9-58e3-383d-a3ff-1a7eccf138e5;d73b27a2-81bd-4264-baa5-ce4aca3545be;1;Transformation, to dump site, slag compartment;resources/land;;Transformation, to dump site, slag compartment;Elementary flows/Resource/land;;;;93a60a56-a3c8-19da-a746-0800200c9a66;Area;;m2;3ce61faa-5716-41c1-aef6-b5920054acc9;m2
7556acbe-28c2-3ebb-903d-7bd7d5e71242;88e8456c-dc23-4bb4-aed5-a4186a2fbf77;1;Transformation, to forest, extensive;resources/land;;Transformation, to forest, extensive;Elementary flows/Resource/land;;;;93a60a56-a3c8-19da-a746-0800200c9a66;Area;;m2;3ce61faa-5716-41c1-aef6-b5920054acc9;m2
141c0a33-a3ab-39db-8338-b50992366567;994d61de-fbb0-4187-a4d4-b11c3c2b9102;1;Transformation, to forest, intensive;resources/land;;Transformation, to forest, intensive;Elementary flows/Resource/land;;;;93a60a56-a3c8-19da-a746-0800200c9a66;Area;;m2;3ce61faa-5716-41c1-aef6-b5920054acc9;m2
ede26211-6c3d-3b37-99dd-5725828eb3ee;cdbfd224-21fe-457e-a47d-26a525965051;1;Transformation, to forest, intensive, clear-cutting;resources/land;;Transformation, to forest, intensive, clear-cutting;Elementary flows/Resource/land;;;;93a60a56-a3c8-19da-a746-0800200c9a66;Area;;m2;3ce61faa-5716-41c1-aef6-b5920054acc9;m2
d55d1109-51eb-38c6-80dd-0aaf44a1ae2e;05a9f970-d413-321a-8161-88b70933593f;1;Transformation, to forest, intensive, normal;resources/land;;Transformation, to forest, intensive, normal;Elementary flows/Resource/land;;;;93a60a56-a3c8-19da-a746-0800200c9a66;Area;;m2;3ce61faa-5716-41c1-aef6-b5920054acc9;m2
139837cd-1fd0-31b0-aa71-b83c07ff634e;3573b5ab-5158-4048-a364-aad9e706acb4;1;Transformation, to forest, intensive, short-cycle;resources/land;;Transformation, to forest, intensive, short-cycle;Elementary flows/Resource/land;;;;93a60a56-a3c8-19da-a746-0800200c9a66;Area;;m2;3ce61faa-5716-41c1-aef6-b5920054acc9;m2
17be99aa-af85-31b3-9f55-d298a93485a6;bba9f623-5919-4ef3-b98d-c94af1553179;1;Transformation, to forest, unspecified;resources/land;;Transformation, to forest, unspecified;Elementary flows/Resource/land;;;;93a60a56-a3c8-19da-a746-0800200c9a66;Area;;m2;3ce61faa-5716-41c1-aef6-b5920054acc9;m2
4d29a9c6-fa25-3219-8f38-cf7243f3c917;fdda4f8e-b620-4df6-92a9-101a251d2f42;1;Transformation, to heterogeneous, agricultural;resources/land;;Transformation, to heterogeneous, agricultural;Elementary flows/Resource/land;;;;93a60a56-a3c8-19da-a746-0800200c9a66;Area;;m2;3ce61faa-5716-41c1-aef6-b5920054acc9;m2
3bf0d5a2-9081-37f1-b820-082b2d977a9a;4624deff-2016-41d4-b2bf-3db8dab88779;1;Transformation, to industrial area;resources/in ground;;Transformation, to industrial area;Elementary flows/Resource/land;;;;93a60a56-a3c8-19da-a746-0800200c9a66;Area;;m2;3ce61faa-5716-41c1-aef6-b5920054acc9;m2
40890d76-0316-399d-b75c-5df76dc853fd;4624deff-2016-41d4-b2bf-3db8dab88779;1;Transformation, to industrial area;resources/land;;Transformation, to industrial area;Elementary flows/Resource/land;;;;93a60a56-a3c8-19da-a746-0800200c9a66;Area;;m2;3ce61faa-5716-41c1-aef6-b5920054acc9;m2
158d1494-3862-368b-9574-db5951ecacd7;4624deff-2016-41d4-b2bf-3db8dab88779;1;Transformation, to industrial area;resources/unspecified;;Transformation, to industrial area;Elementary flows/Resource/land;;;;93a60a56-a3c8-19da-a746-0800200c9a66;Area;;m2;3ce61faa-5716-41c1-aef6-b5920054acc9;m2
b125170f-ed49-3373-b35c-37acc50c7475;e6dd1a4b-0a12-4b46-9245-6ec9b63c8255;1;Transformation, to industrial area, benthos;resources/land;;Transformation, to industrial area, benthos;Elementary flows/Resource/unspecified;;;;93a60a56-a3c8-19da-a746-0800200c9a66;Area;;m2;3ce61faa-5716-41c1-aef6-b5920054acc9;m2
fa70b17b-332b-3d48-a955-b4be756275cf;c24fe83a-3170-49a3-ab67-279d34b8d920;1;Transformation, to industrial area, built up;resources/land;;Transformation, to industrial area, built up;Elementary flows/Resource/unspecified;;;;93a60a56-a3c8-19da-a746-0800200c9a66;Area;;m2;3ce61faa-5716-41c1-aef6-b5920054acc9;m2
40e0723d-75ea-351a-8e3f-23240749e458;c24fe83a-3170-49a3-ab67-279d34b8d920;1;Transformation, to industrial area, built up;resources/unspecified;;Transformation, to industrial area, built up;Elementary flows/Resource/unspecified;;;;93a60a56-a3c8-19da-a746-0800200c9a66;Area;;m2;3ce61faa-5716-41c1-aef6-b5920054acc9;m2
22d03468-f49b-3902-8eb1-656654cb8c4d;6f2f97dc-2aeb-482c-a20a-9747f0746898;1;Transformation, to industrial area, vegetation;resources/land;;Transformation, to industrial area, vegetation;Elementary flows/Resource/land;;;;93a60a56-a3c8-19da-a746-0800200c9a66;Area;;m2;3ce61faa-5716-41c1-aef6-b5920054acc9;m2
e625c135-6561-3fda-afa2-4907149fd049;6f2f97dc-2aeb-482c-a20a-9747f0746898;1;Transformation, to industrial area, vegetation;resources/unspecified;;Transformation, to industrial area, vegetation;Elementary flows/Resource/land;;;;93a60a56-a3c8-19da-a746-0800200c9a66;Area;;m2;3ce61faa-5716-41c1-aef6-b5920054acc9;m2
c0e4084d-116c-39f4-b9b7-5dd97a7cca3c;626915e9-2424-4059-8b6a-fae47161acdf;1;Transformation, to mineral extraction site;resources/land;;Transformation, to mineral extraction site;Elementary flows/Resource/land;;;;93a60a56-a3c8-19da-a746-0800200c9a66;Area;;m2;3ce61faa-5716-41c1-aef6-b5920054acc9;m2
32b3223c-be62-3c84-bfb4-2e2fc3ff45f5;f1211810-39f3-49bd-826f-310dbe82950c;1;Transformation, to pasture and meadow, organic;resources/land;;Transformation, to pasture and meadow, organic;Elementary flows/Resource/land;;;;93a60a56-a3c8-19da-a746-0800200c9a66;Area;;m2;3ce61faa-5716-41c1-aef6-b5920054acc9;m2
0b88309a-b207-39fa-8ba0-7775f960008f;7a16b680-6d9a-4db3-a23e-0ec64aca5995;1;Transformation, to pasture, man made;resources/land;;Transformation, to pasture, man made;Elementary flows/Resource/land;;;;93a60a56-a3c8-19da-a746-0800200c9a66;Area;;m2;3ce61faa-5716-41c1-aef6-b5920054acc9;m2
71ab4d90-7999-3bec-921e-c21991cb9171;7464da86-f239-4bef-a778-04d5818bb956;1;Transformation, to pasture, man made, extensive;resources/land;;Transformation, to pasture, man made, extensive;Elementary flows/Resource/land;;;;93a60a56-a3c8-19da-a746-0800200c9a66;Area;;m2;3ce61faa-5716-41c1-aef6-b5920054acc9;m2
f691c0b5-c7cb-3f12-87d5-869665a4381d;ec242c43-095c-4b42-8907-e0f13573f0a4;1;Transformation, to pasture, man made, intensive;resources/land;;Transformation, to pasture, man made, intensive;Elementary flows/Resource/land;;;;93a60a56-a3c8-19da-a746-0800200c9a66;Area;;m2;3ce61faa-5716-41c1-aef6-b5920054acc9;m2
323adfe2-ac15-335a-84a8-f9fd46d586cc;07a366fe-1c9e-4651-ad1a-1da666316417;1;Transformation, to permanent crop, fruit, intensive;resources/land;;Transformation, to permanent crop, fruit, intensive;Elementary flows/Resource/unspecified;;;;93a60a56-a3c8-19da-a746-0800200c9a66;Area;;m2;3ce61faa-5716-41c1-aef6-b5920054acc9;m2
28d688d3-b291-3f2c-9614-cb816492be2c;65b5162f-5ca9-4721-91cf-00a929960222;1;Transformation, to sea and ocean;resources/land;;Transformation, to sea and ocean;Elementary flows/Resource/unspecified;;;;93a60a56-a3c8-19da-a746-0800200c9a66;Area;;m2;3ce61faa-5716-41c1-aef6-b5920054acc9;m2
f48c070c-e755-30b2-b6a7-05084db4e844;345281db-4ed3-e458-5ead-00003fdd1e9a;1;Transformation, to sealed soil;resources/land;;Transformation, to sealed soil;Elementary flows/Resource/land;;;;93a60a56-a3c8-19da-a746-0800200c9a66;Area;;m2;3ce61faa-5716-41c1-aef6-b5920054acc9;m2
d31a2244-952e-317e-819d-1f6fb7b22113;9089d7ad-09b1-4174-a188-8844ebde2d5d;1;Transformation, to shrub land, sclerophyllous;resources/land;;Transformation, to shrub land, sclerophyllous;Elementary flows/Resource/land;;;;93a60a56-a3c8-19da-a746-0800200c9a66;Area;;m2;3ce61faa-5716-41c1-aef6-b5920054acc9;m2
85938b22-cf6e-30bc-b3bc-a9eb46621288;f4d4db7e-0763-3193-b5a9-a954e6434de9;1;Transformation, to traffic area;resources/unspecified;;Transformation, to traffic area;Elementary flows/Resource/unspecified;;;;93a60a56-a3c8-19da-a746-0800200c9a66;Area;;m2;3ce61faa-5716-41c1-aef6-b5920054acc9;m2
81ca94ce-b1a0-36d6-9b04-96c3fbc6e26b;0abf9db7-b5a2-4c18-8ec6-aca3a7fb5579;1;Transformation, to traffic area, rail network;resources/land;;Transformation, to traffic area, rail network;Elementary flows/Resource/land;;;;93a60a56-a3c8-19da-a746-0800200c9a66;Area;;m2;3ce61faa-5716-41c1-aef6-b5920054acc9;m2
81455d36-5243-396e-9c7f-d45c995a2038;04eb0695-e67b-46e5-9516-da6bde119822;1;Transformation, to traffic area, rail/road embankment;resources/land;;Transformation, to traffic area, rail/road embankment;Elementary flows/Resource/land;;;;93a60a56-a3c8-19da-a746-0800200c9a66;Area;;m2;3ce61faa-5716-41c1-aef6-b5920054acc9;m2
0db7bffb-81ac-3213-9a61-f3ff14d24b8c;565414ae-fff7-4f41-9668-a5a7d12874a9;1;Transformation, to traffic area, road embankment;resources/land;;Transformation, to traffic area, road embankment;Elementary flows/Resource/unspecified;;;;93a60a56-a3c8-19da-a746-0800200c9a66;Area;;m2;3ce61faa-5716-41c1-aef6-b5920054acc9;m2
983f6ce3-923f-333a-b91c-8348c04be2d0;a42347d2-09f1-405e-95dd-bf6ac03765d8;1;Transformation, to traffic area, road network;resources/land;;Transformation, to traffic area, road network;Elementary flows/Resource/land;;;;93a60a56-a3c8-19da-a746-0800200c9a66;Area;;m2;3ce61faa-5716-41c1-aef6-b5920054acc9;m2
665c05a9-1317-3274-b04e-919da29c44a9;a42347d2-09f1-405e-95dd-bf6ac03765d8;1;Transformation, to traffic area, road network;resources/unspecified;;Transformation, to traffic area, road network;Elementary flows/Resource/land;;;;93a60a56-a3c8-19da-a746-0800200c9a66;Area;;m2;3ce61faa-5716-41c1-aef6-b5920054acc9;m2
15fbd971-943b-3fc0-8ec4-97af69a5ed58;c8a8cc97-c00f-31a0-ac0e-017f59071ac5;1;Transformation, to tropical rain forest;resources/land;;Transformation, to tropical rain forest;Elementary flows/Resource/land;;;;93a60a56-a3c8-19da-a746-0800200c9a66;Area;;m2;3ce61faa-5716-41c1-aef6-b5920054acc9;m2
1968b51d-9687-3e7a-a0ec-e322e1717e92;36965153-1daf-452a-8089-f4b5222c46ae;1;Transformation, to unknown;resources/land;;Transformation, to unknown;Elementary flows/Resource/land;;;;93a60a56-a3c8-19da-a746-0800200c9a66;Area;;m2;3ce61faa-5716-41c1-aef6-b5920054acc9;m2
8db51d1b-ae41-3226-9197-56f036b82106;325dbf5f-dda2-328a-852c-d7b4d5d2ff58;1;Transformation, to urban;resources/unspecified;;Transformation, to urban;Elementary flows/Resource/unspecified;;;;93a60a56-a3c8-19da-a746-0800200c9a66;Area;;m2;3ce61faa-5716-41c1-aef6-b5920054acc9;m2
3e7740e8-a973-3253-8cf3-85c70ff7579b;66f25f1d-1898-4827-bcbb-ca82f15c4d02;1;Transformation, to urban, continuously built;resources/land;;Transformation, to urban, continuously built;Elementary flows/Resource/land;;;;93a60a56-a3c8-19da-a746-0800200c9a66;Area;;m2;3ce61faa-5716-41c1-aef6-b5920054acc9;m2
5abdec09-e74d-302c-b4c9-67aba052e417;55beee8d-d04e-4307-bb0e-4e113dc07ee7;1;Transformation, to urban, discontinuously built;resources/land;;Transformation, to urban, discontinuously built;Elementary flows/Resource/land;;;;93a60a56-a3c8-19da-a746-0800200c9a66;Area;;m2;3ce61faa-5716-41c1-aef6-b5920054acc9;m2
ca9173f7-83ff-38d9-8211-5b9e84c7dd9a;55beee8d-d04e-4307-bb0e-4e113dc07ee7;1;Transformation, to urban, discontinuously built;resources/unspecified;;Transformation, to urban, discontinuously built;Elementary flows/Resource/land;;;;93a60a56-a3c8-19da-a746-0800200c9a66;Area;;m2;3ce61faa-5716-41c1-aef6-b5920054acc9;m2
488ecd7e-adab-3414-a4d6-19a6678531d5;426e316e-db90-40ec-9f45-fa08e6db160c;1;Transformation, to water bodies, artificial;resources/land;;Transformation, to water bodies, artificial;Elementary flows/Resource/unspecified;;;;93a60a56-a3c8-19da-a746-0800200c9a66;Area;;m2;3ce61faa-5716-41c1-aef6-b5920054acc9;m2
b88cece0-1574-3f34-ac5f-7ae0b90903e7;90e42c10-53b5-3d2f-9905-ea8b98fdcf8e;1;Transformation, to water courses, artificial;resources/land;;Transformation, to water courses, artificial;Elementary flows/Resource/land;;;;93a60a56-a3c8-19da-a746-0800200c9a66;Area;;m2;3ce61faa-5716-41c1-aef6-b5920054acc9;m2
0d4d0ba1-37cb-3077-ace4-0d3fcf983368;7e7dafac-5f96-495c-8a34-11fdc6e9f4e8;1;Triadimenol;emissions to soil/agricultural;;Triadimenol;Elementary flows/Emission to soil/agricultural;;;;93a60a56-a3c8-11da-a746-0800200b9a66;Mass;;kg;20aadc24-a391-41cf-b340-3e4529f44bde;kg
533fdfd9-b32f-34dc-a17a-ddb10a8c80ea;c5c25aa6-d630-40bd-bed7-4e718c877ef4;1;Triallate;emissions to soil/agricultural;;Triallate;Elementary flows/Emission to soil/agricultural;;;;93a60a56-a3c8-11da-a746-0800200b9a66;Mass;;kg;20aadc24-a391-41cf-b340-3e4529f44bde;kg
25029885-615e-31fd-93b4-2001ec80abeb;e9d1e8d9-2db3-40d8-b7a9-8f39a0bd5ae0;1;Triasulfuron;emissions to soil/agricultural;;Triasulfuron;Elementary flows/Emission to soil/agricultural;;;;93a60a56-a3c8-11da-a746-0800200b9a66;Mass;;kg;20aadc24-a391-41cf-b340-3e4529f44bde;kg
7a66c213-5b89-3edf-8898-1e9cf3722b30;395bf19a-d3e3-4185-9bee-141fdbfd6afe;1;Tribenuron;emissions to soil/agricultural;;Tribenuron;Elementary flows/Emission to soil/agricultural;;;;93a60a56-a3c8-11da-a746-0800200b9a66;Mass;;kg;20aadc24-a391-41cf-b340-3e4529f44bde;kg
f57aacb3-ce47-33c6-aa2c-f9c9583dc23a;ebb21cc2-3bb4-45eb-8f7f-58bf297f6431;1;Tribenuron-methyl;emissions to soil/agricultural;;Tribenuron-methyl;Elementary flows/Emission to soil/agricultural;;;;93a60a56-a3c8-11da-a746-0800200b9a66;Mass;;kg;20aadc24-a391-41cf-b340-3e4529f44bde;kg
5608ed89-77a7-3e38-b80a-7a78a85d5a2c;9f6d9658-e3f7-4c8b-96da-bfec6511ae7d;1;Tribufos;emissions to soil/agricultural;;Tribufos;Elementary flows/Emission to soil/agricultural;;;;93a60a56-a3c8-11da-a746-0800200b9a66;Mass;;kg;20aadc24-a391-41cf-b340-3e4529f44bde;kg
9b06e187-b930-3a26-8cce-2c2a243e7d71;fe0acd60-3ddc-11dd-a3b6-0050c2490048;1;Tributylstannane;emissions to water/river;;Tributylstannane;Elementary flows/Emission to water/fresh water;;;;93a60a56-a3c8-11da-a746-0800200b9a66;Mass;;kg;20aadc24-a391-41cf-b340-3e4529f44bde;kg
b85b7912-57b3-3478-8599-8196abc98306;1e6fcd59-42a2-363c-875c-fbed481088f7;1;Tributylstannane;emissions to water/unspecified;;Tributylstannane;Elementary flows/Emission to water/unspecified;;;;93a60a56-a3c8-11da-a746-0800200b9a66;Mass;;kg;20aadc24-a391-41cf-b340-3e4529f44bde;kg
75c66ef6-e9d2-323c-9d5e-65737437f986;f4498c00-c870-40fb-a2b3-49b6f522d324;1;Tributyltin compounds;emissions to water/ocean;;Tributyltin compounds;Elementary flows/Emission to water/ocean;;;;93a60a56-a3c8-11da-a746-0800200b9a66;Mass;;kg;20aadc24-a391-41cf-b340-3e4529f44bde;kg
3b583d99-7db1-30b4-9ef6-f969b8ac7dc8;4e23d775-13a1-4925-9f23-07c37bb1045d;1;Tributyltin oxide;emissions to water/river;;Tributyltin oxide;Elementary flows/Emission to water/fresh water;;;;93a60a56-a3c8-11da-a746-0800200b9a66;Mass;;kg;20aadc24-a391-41cf-b340-3e4529f44bde;kg
7c5aca8f-0295-36d5-8f94-143668247ed9;51e8811b-04e2-4801-987c-fb0015535965;1;Trichlorfon;emissions to soil/agricultural;;Trichlorfon;Elementary flows/Emission to soil/agricultural;;;;93a60a56-a3c8-11da-a746-0800200b9a66;Mass;;kg;20aadc24-a391-41cf-b340-3e4529f44bde;kg
fa68a720-5675-3dc6-a8c6-1bdf064423de;613c8699-aaaa-435d-9834-22620b96f87f;1;Trichloroethane;emissions to air/unspecified;;TRICHLOROETHANE;Elementary flows/Emission to air/unspecified;;;;93a60a56-a3c8-11da-a746-0800200b9a66;Mass;;kg;20aadc24-a391-41cf-b340-3e4529f44bde;kg
61c65345-fcf1-3037-b47f-0270868736c7;e44fd74a-5967-4e79-bad0-08e7363b630c;1;Triclopyr;emissions to soil/agricultural;;Triclopyr;Elementary flows/Emission to soil/agricultural;;;;93a60a56-a3c8-11da-a746-0800200b9a66;Mass;;kg;20aadc24-a391-41cf-b340-3e4529f44bde;kg
5cdcef3e-6c75-365d-9358-3d0bb88fbb55;4b22b04e-4cfa-4a8c-b1da-6cd436d03ef6;1;Triethylene glycol;emissions to water/ocean;;Triethylene glycol;Elementary flows/Emission to water/ocean;;;;93a60a56-a3c8-11da-a746-0800200b9a66;Mass;;kg;20aadc24-a391-41cf-b340-3e4529f44bde;kg
c7fc84af-79ae-3b9b-ad51-2867f6482bac;3350efd8-d98a-4683-9a13-ac69bab90c5f;1;Triethylene glycol;emissions to water/river;;Triethylene glycol;Elementary flows/Emission to water/fresh water;;;;93a60a56-a3c8-11da-a746-0800200b9a66;Mass;;kg;20aadc24-a391-41cf-b340-3e4529f44bde;kg
20c5bc22-2802-3357-865d-79798d97686b;fa1a376f-567a-47b2-98e9-b3e5a5e4d224;1;Trifloxystrobin;emissions to soil/agricultural;;Trifloxystrobin;Elementary flows/Emission to soil/agricultural;;;;93a60a56-a3c8-11da-a746-0800200b9a66;Mass;;kg;20aadc24-a391-41cf-b340-3e4529f44bde;kg
291e9674-7981-38f2-8494-16ef32c11622;d9a5b786-d06c-44af-a088-b070aa605d9b;1;Trifluralin;emissions to air/unspecified;;Trifluralin;Elementary flows/Emission to air/unspecified;;;;93a60a56-a3c8-11da-a746-0800200b9a66;Mass;;kg;20aadc24-a391-41cf-b340-3e4529f44bde;kg
e36c3646-3bf1-3852-875a-187e323c6b70;91b452dc-ddbd-40a4-9281-33303109495e;1;Trifluralin;emissions to soil/agricultural;;Trifluralin;Elementary flows/Emission to soil/agricultural;;;;93a60a56-a3c8-11da-a746-0800200b9a66;Mass;;kg;20aadc24-a391-41cf-b340-3e4529f44bde;kg
e57df87a-13c2-33d2-be33-2460fb4bc0ed;c9bf4390-00fd-40f2-a010-c9d0a584eb77;1;Trifluralin;emissions to water/river;;Trifluralin;Elementary flows/Emission to water/fresh water;;;;93a60a56-a3c8-11da-a746-0800200b9a66;Mass;;kg;20aadc24-a391-41cf-b340-3e4529f44bde;kg
ddec7b4f-73bb-323a-a922-2f5a5fde53db;37d7d60d-3682-4da4-aa64-99c51b5d524b;1;Trimethylamine;emissions to air/high. pop.;;Trimethylamine;Elementary flows/Emission to air/high population density;;;;93a60a56-a3c8-11da-a746-0800200b9a66;Mass;;kg;20aadc24-a391-41cf-b340-3e4529f44bde;kg
26a0d1d3-4bb8-341d-90b8-a6178508b00a;4b2fee8b-eb81-439a-bb0c-be075daec7af;1;Trimethylamine;emissions to water/river;;Trimethylamine;Elementary flows/Emission to water/fresh water;;;;93a60a56-a3c8-11da-a746-0800200b9a66;Mass;;kg;20aadc24-a391-41cf-b340-3e4529f44bde;kg
a84fb4aa-795f-320a-af7f-b8c815b611e2;51c7daf4-14e1-45e9-aa67-051c4ddcd9da;1;Trinexapac-ethyl;emissions to soil/agricultural;;Trinexapac-ethyl;Elementary flows/Emission to soil/agricultural;;;;93a60a56-a3c8-11da-a746-0800200b9a66;Mass;;kg;20aadc24-a391-41cf-b340-3e4529f44bde;kg
c50e0377-3b64-3c55-b31e-430b8ae4bd98;89ca077d-583d-4293-8d32-248f12bd3e5b;1;Tungsten;emissions to air/low. pop.;;Tungsten;Elementary flows/Emission to air/low population density;;;;93a60a56-a3c8-11da-a746-0800200b9a66;Mass;;kg;20aadc24-a391-41cf-b340-3e4529f44bde;kg
3dfbfae1-c137-3a35-8fe2-cf9e3ad168fd;714958de-a211-4a3c-8dce-848ccb79b094;1;Tungsten;emissions to air/low. pop., long-term;;Tungsten;Elementary flows/Emission to air/low population density, long-term;;;;93a60a56-a3c8-11da-a746-0800200b9a66;Mass;;kg;20aadc24-a391-41cf-b340-3e4529f44bde;kg
b09c1471-7f98-3e2e-8ffc-d8eb87c3166b;3277c200-21e3-4b45-8dcc-97cdc2e4c245;1;Tungsten;emissions to water/groundwater;;Tungsten;Elementary flows/Emission to water/ground water;;;;93a60a56-a3c8-11da-a746-0800200b9a66;Mass;;kg;20aadc24-a391-41cf-b340-3e4529f44bde;kg
d6288770-a635-3dcb-ac82-2d580ffae3e1;10319ea8-90db-4340-be33-b7182dca01db;1;Tungsten;emissions to water/groundwater, long-term;;Tungsten;Elementary flows/Emission to water/ground water, long-term;;;;93a60a56-a3c8-11da-a746-0800200b9a66;Mass;;kg;20aadc24-a391-41cf-b340-3e4529f44bde;kg
f7dfd46c-7a2f-3246-8b83-e77854e2276f;7282b430-0b75-426c-a8c0-6aff91985c0d;1;Tungsten;emissions to water/river;;Tungsten;Elementary flows/Emission to water/fresh water;;;;93a60a56-a3c8-11da-a746-0800200b9a66;Mass;;kg;20aadc24-a391-41cf-b340-3e4529f44bde;kg
397ac827-8e62-3e9d-b146-199d741b1814;d0696f95-6cb3-453b-b849-c99ba9c90c28;1;Ulexite;resources/in ground;;Ulexite;Elementary flows/Resource/in ground;;;;93a60a56-a3c8-11da-a746-0800200b9a66;Mass;;kg;20aadc24-a391-41cf-b340-3e4529f44bde;kg
e9ff109e-c2e7-3a3a-ba01-8a2aaf4b32c2;52317c31-7bdc-47de-9c23-ecf55127de75;1;Uranium;emissions to air/high. pop.;;Uranium;Elementary flows/Emission to air/high population density;;;;93a60a56-a3c8-11da-a746-0800200b9a66;Mass;;kg;20aadc24-a391-41cf-b340-3e4529f44bde;kg
57f7018f-ef9f-362e-a050-923e0dae8847;2e518059-747c-4ff1-8da3-17134c547ac2;1;Uranium;emissions to air/low. pop.;;Uranium;Elementary flows/Emission to air/low population density;;;;93a60a56-a3c8-11da-a746-0800200b9a66;Mass;;kg;20aadc24-a391-41cf-b340-3e4529f44bde;kg
1236f949-fd7d-3467-945e-95ff848a0007;595f08d9-6304-497e-bb7d-48b6d2d8bff3;1;Uranium;emissions to air/unspecified;;Uranium;Elementary flows/Emission to air/unspecified;;;;93a60a56-a3c8-11da-a746-0800200b9a66;Mass;;kg;20aadc24-a391-41cf-b340-3e4529f44bde;kg
96d38aaa-3678-3a32-98bf-b91845908540;2d1bfd75-8b64-3f96-83d7-2dd01fd72a31;1;Uranium;emissions to water/unspecified;;Uranium;Elementary flows/Emission to water/unspecified;;;;93a60a56-a3c8-11da-a746-0800200b9a66;Mass;;kg;20aadc24-a391-41cf-b340-3e4529f44bde;kg
662d614d-526d-399e-baca-bdbee81ed754;2ba5e39b-adb6-4767-a51d-90c1cf32fe98;1;Uranium;resources/in ground;;Uranium;Elementary flows/Resource/in ground;;;;93a60a56-a3c8-11da-a746-0800200b9a66;Mass;;kg;20aadc24-a391-41cf-b340-3e4529f44bde;kg
103526c7-75c0-3dff-ba42-ea06884249b8;aad22438-7b99-390d-8932-2f0b285eb8fb;1;Uranium;resources/land;;Uranium;Elementary flows/Resource/land;;;;93a60a56-a3c8-11da-a746-0800200b9a66;Mass;;kg;20aadc24-a391-41cf-b340-3e4529f44bde;kg
4c46ddb8-3e20-3018-93b7-94b68b47f968;ed65c408-2351-4f62-8430-dcd2f62ab70e;1;Uranium;resources/unspecified;;Uranium;Elementary flows/Resource/unspecified;;;;93a60a56-a3c8-11da-a746-0800200b9a66;Mass;;kg;20aadc24-a391-41cf-b340-3e4529f44bde;kg
d5ca7431-e06a-38fc-bcf7-195e94706fbd;16916dd2-a145-4cb2-9769-19c551b2ff5e;1;Uranium alpha;emissions to air/low. pop.;;Uranium alpha;Elementary flows/Emission to air/low population density;;;;93a60a56-a3c8-17da-a746-0800200c9a66;Radioactivity;;kBq;e9773595-284e-46dd-9671-5fc9ff406833;kBq
663b8cad-d4c4-3486-8f76-ddb719b4c832;306f6179-2458-44a3-ab63-c0f9fdfe669c;1;Uranium alpha;emissions to water/lake;;Uranium alpha;Elementary flows/Emission to water/lake;;;;93a60a56-a3c8-17da-a746-0800200c9a66;Radioactivity;;kBq;e9773595-284e-46dd-9671-5fc9ff406833;kBq
ee4c04e0-be77-30f6-b845-c2a087740817;1df3b7a5-3409-4e27-87ab-6573323e7883;1;Uranium alpha;emissions to water/river;;Uranium alpha;Elementary flows/Emission to water/river;;;;93a60a56-a3c8-17da-a746-0800200c9a66;Radioactivity;;kBq;e9773595-284e-46dd-9671-5fc9ff406833;kBq
1fe30ecf-4c62-3700-a0e4-36f3d02d7a7e;1cb0b78b-6fd5-4193-8144-d47478920ced;1;Uranium alpha;emissions to water/unspecified;;Uranium alpha;Elementary flows/Emission to water/unspecified;;;;93a60a56-a3c8-17da-a746-0800200c9a66;Radioactivity;;kBq;e9773595-284e-46dd-9671-5fc9ff406833;kBq
3651ae4f-a908-3c33-ba8a-c2a62f60c95e;ac98d2a4-4985-49f9-b4e2-fc896ef145b6;1;Uranium-234;emissions to air/low. pop.;;Uranium-234;Elementary flows/Emission to air/low population density;;;;93a60a56-a3c8-17da-a746-0800200c9a66;Radioactivity;;kBq;e9773595-284e-46dd-9671-5fc9ff406833;kBq
de352144-c8b1-31c8-b9ab-5ce2f83d62e5;bf112355-f868-42b8-8f39-6f2901cc38b9;1;Uranium-234;emissions to air/unspecified;;Uranium-234;Elementary flows/Emission to air/unspecified;;;;93a60a56-a3c8-17da-a746-0800200c9a66;Radioactivity;;kBq;e9773595-284e-46dd-9671-5fc9ff406833;kBq
65935d3f-301c-310c-9433-3f01c460a527;67cb4d1f-1729-409a-945b-cd00a7c02eb5;1;Uranium-234;emissions to water/lake;;Uranium-234;Elementary flows/Emission to water/lake;;;;93a60a56-a3c8-17da-a746-0800200c9a66;Radioactivity;;kBq;e9773595-284e-46dd-9671-5fc9ff406833;kBq
fb9cdfe4-74cb-3f07-8d24-430f673b08b5;28b4d99e-6111-4ef9-8c34-10f94fff9309;1;Uranium-234;emissions to water/ocean;;Uranium-234;Elementary flows/Emission to water/ocean;;;;93a60a56-a3c8-17da-a746-0800200c9a66;Radioactivity;;kBq;e9773595-284e-46dd-9671-5fc9ff406833;kBq
91cbfb29-af03-31be-a22c-4c5086430a65;97db3d38-00fc-417e-a1e8-2fd4fa7dc191;1;Uranium-234;emissions to water/river;;Uranium-234;Elementary flows/Emission to water/fresh water;;;;93a60a56-a3c8-17da-a746-0800200c9a66;Radioactivity;;kBq;e9773595-284e-46dd-9671-5fc9ff406833;kBq
e8dcb5f5-5ad9-3945-82e9-ea96a94deafd;1869fd74-ed68-4814-9596-12315b1e810d;1;Uranium-234;emissions to water/unspecified;;Uranium-234;Elementary flows/Emission to water/unspecified;;;;93a60a56-a3c8-17da-a746-0800200c9a66;Radioactivity;;kBq;e9773595-284e-46dd-9671-5fc9ff406833;kBq
dfb7a895-b0ea-3e77-820f-4ca88f22ab3e;6b44284d-6941-4ae6-815e-ce87f5b603bb;1;Uranium-235;emissions to air/low. pop.;;Uranium-235;Elementary flows/Emission to air/low population density;;;;93a60a56-a3c8-17da-a746-0800200c9a66;Radioactivity;;kBq;e9773595-284e-46dd-9671-5fc9ff406833;kBq
eb3da3f9-60ae-3b0a-9e3e-396dd860f33a;698d08b4-fee6-40d4-93dd-24a28d48df45;1;Uranium-235;emissions to air/unspecified;;Uranium-235;Elementary flows/Emission to air/unspecified;;;;93a60a56-a3c8-17da-a746-0800200c9a66;Radioactivity;;kBq;e9773595-284e-46dd-9671-5fc9ff406833;kBq
a86df433-7d87-3dbe-8b9c-78c698d2b43a;821c383d-2f47-4b00-968c-88b269955a00;1;Uranium-235;emissions to water/lake;;Uranium-235;Elementary flows/Emission to water/lake;;;;93a60a56-a3c8-17da-a746-0800200c9a66;Radioactivity;;kBq;e9773595-284e-46dd-9671-5fc9ff406833;kBq
d95f5c5e-07d5-3753-a2ba-277a8455e1a0;620e4fde-d96a-4354-b354-53b8b4187d80;1;Uranium-235;emissions to water/river;;Uranium-235;Elementary flows/Emission to water/fresh water;;;;93a60a56-a3c8-17da-a746-0800200c9a66;Radioactivity;;kBq;e9773595-284e-46dd-9671-5fc9ff406833;kBq
ad7e5877-8d5a-3aa9-99d7-317e6046a36d;4d466648-95dd-4866-97ad-6008746d32ab;1;Uranium-235;emissions to water/unspecified;;Uranium-235;Elementary flows/Emission to water/unspecified;;;;93a60a56-a3c8-17da-a746-0800200c9a66;Radioactivity;;kBq;e9773595-284e-46dd-9671-5fc9ff406833;kBq
0447f29b-eaad-31c5-8686-9ed0e7c8c309;543421e8-f0b3-45a2-b0ed-03489e878138;1;Uranium-238;emissions to air/high. pop.;;Uranium-238;Elementary flows/Emission to air/high population density;;;;93a60a56-a3c8-17da-a746-0800200c9a66;Radioactivity;;kBq;e9773595-284e-46dd-9671-5fc9ff406833;kBq
c628ead9-8cc3-3592-b555-c280e2821db3;e6aafd63-a6d5-41f7-9b82-45f791c7037c;1;Uranium-238;emissions to air/low. pop.;;Uranium-238;Elementary flows/Emission to air/low population density;;;;93a60a56-a3c8-17da-a746-0800200c9a66;Radioactivity;;kBq;e9773595-284e-46dd-9671-5fc9ff406833;kBq
ba3bac64-f01a-3738-94b5-02f1569f9bed;c36056d2-5101-4198-b13b-fdc0a8cf27ee;1;Uranium-238;emissions to air/unspecified;;Uranium-238;Elementary flows/Emission to air/unspecified;;;;93a60a56-a3c8-17da-a746-0800200c9a66;Radioactivity;;kBq;e9773595-284e-46dd-9671-5fc9ff406833;kBq
a7ff02d6-950e-32e0-98d0-edbb89299264;16cd83f0-c5c0-4b6f-8dd0-26d4e3b9a017;1;Uranium-238;emissions to water/groundwater;;Uranium-238;Elementary flows/Emission to water/ground water;;;;93a60a56-a3c8-17da-a746-0800200c9a66;Radioactivity;;kBq;e9773595-284e-46dd-9671-5fc9ff406833;kBq
28099739-6dd5-3383-a226-82d2cb1ac66c;cf839cca-1e56-4758-9417-b9a15e414206;1;Uranium-238;emissions to water/lake;;Uranium-238;Elementary flows/Emission to water/lake;;;;93a60a56-a3c8-17da-a746-0800200c9a66;Radioactivity;;kBq;e9773595-284e-46dd-9671-5fc9ff406833;kBq
cd1c51d6-7470-39b6-8e6a-bed53ae5cb47;c407952d-43b2-49c4-a756-26e5e76bfbbf;1;Uranium-238;emissions to water/ocean;;Uranium-238;Elementary flows/Emission to water/ocean;;;;93a60a56-a3c8-17da-a746-0800200c9a66;Radioactivity;;kBq;e9773595-284e-46dd-9671-5fc9ff406833;kBq
67b39fa6-ffdf-3293-a1eb-c78cac645373;75ebd471-2671-4b1e-b6b7-e18ea4a4f26c;1;Uranium-238;emissions to water/river;;Uranium-238;Elementary flows/Emission to water/fresh water;;;;93a60a56-a3c8-17da-a746-0800200c9a66;Radioactivity;;kBq;e9773595-284e-46dd-9671-5fc9ff406833;kBq
8c574598-be06-31d1-bd38-8d53cfb687aa;71d27d29-04f2-421a-981f-5c5c2b00486f;1;Uranium-238;emissions to water/unspecified;;Uranium-238;Elementary flows/Emission to water/unspecified;;;;93a60a56-a3c8-17da-a746-0800200c9a66;Radioactivity;;kBq;e9773595-284e-46dd-9671-5fc9ff406833;kBq
8c967b00-d494-3db7-94b5-4fd40d3e7a8d;7d54ebd3-7128-4465-a1a3-6592d8d030bd;1;Urea;emissions to water/river;;Urea;Elementary flows/Emission to water/fresh water;;;;93a60a56-a3c8-11da-a746-0800200b9a66;Mass;;kg;20aadc24-a391-41cf-b340-3e4529f44bde;kg
834e464b-79c9-30d6-82bf-9eacf038ba98;59e1e295-5efb-3dff-8379-8f3c75bec7a4;1;Used air;emissions to air/unspecified;;Used air;Elementary flows/Emission to air/unspecified;;;;93a60a56-a3c8-11da-a746-0800200b9a66;Mass;;kg;20aadc24-a391-41cf-b340-3e4529f44bde;kg
70ec6dc2-b985-3b37-bae6-e2313f97f23f;2cba713d-ab0b-44cb-babb-f8cac262554f;1;Vanadium;emissions to air/high. pop.;;Vanadium V;Elementary flows/Emission to air/high population density;;;;93a60a56-a3c8-11da-a746-0800200b9a66;Mass;;kg;20aadc24-a391-41cf-b340-3e4529f44bde;kg
d404e67e-e1f6-3fcb-914e-b8e9f598d061;481c0dd4-3ab2-47b5-94c4-b990e8a9dde5;1;Vanadium;emissions to air/low. pop.;;Vanadium V;Elementary flows/Emission to air/low population density;;;;93a60a56-a3c8-11da-a746-0800200b9a66;Mass;;kg;20aadc24-a391-41cf-b340-3e4529f44bde;kg
9dc9fe1c-c42d-327f-9404-00627852fb9d;b8de5961-4e83-4731-bac1-77a4d01234a4;1;Vanadium;emissions to air/low. pop., long-term;;Vanadium V;Elementary flows/Emission to air/low population density, long-term;;;;93a60a56-a3c8-11da-a746-0800200b9a66;Mass;;kg;20aadc24-a391-41cf-b340-3e4529f44bde;kg
7f46fc46-5293-3bde-af49-10da2f178373;591b0a62-8064-4697-86ed-47bfa1f8b5e6;1;Vanadium;emissions to air/unspecified;;Vanadium V;Elementary flows/Emission to air/unspecified;;;;93a60a56-a3c8-11da-a746-0800200b9a66;Mass;;kg;20aadc24-a391-41cf-b340-3e4529f44bde;kg
de5670d6-ddf2-3e56-88d0-766459c409b4;adfb11ec-7a41-47da-abc2-c92c59810e50;1;Vanadium;emissions to soil/agricultural;;Vanadium V;Elementary flows/Emission to soil/agricultural;;;;93a60a56-a3c8-11da-a746-0800200b9a66;Mass;;kg;20aadc24-a391-41cf-b340-3e4529f44bde;kg
16127e98-117f-37de-b3c2-2dde16b6cb9f;1a5850a0-0069-4b73-bb91-7a61e8d45ae5;1;Vanadium;emissions to soil/industrial;;Vanadium V;Elementary flows/Emission to soil/industrial;;;;93a60a56-a3c8-11da-a746-0800200b9a66;Mass;;kg;20aadc24-a391-41cf-b340-3e4529f44bde;kg
933749b3-e0b7-3433-887f-c52f3159abc7;4122276a-89a6-4e31-ad7d-19568cecf9ce;1;Vanadium;emissions to soil/unspecified;;Vanadium V;Elementary flows/Emission to soil/unspecified;;;;93a60a56-a3c8-11da-a746-0800200b9a66;Mass;;kg;20aadc24-a391-41cf-b340-3e4529f44bde;kg
f02fd696-01c0-37ef-9237-c8517803aabd;a708a1f6-7297-45ba-8fda-47a1ce6f11c3;1;Vanadium;emissions to water/river;;Vanadium V;Elementary flows/Emission to water/fresh water;;;;93a60a56-a3c8-11da-a746-0800200b9a66;Mass;;kg;20aadc24-a391-41cf-b340-3e4529f44bde;kg
247b772f-b50f-376e-87c4-3579aa5d6f41;a3178646-f9e4-3a94-9988-e81e3935aea7;1;Vanadium;emissions to water/groundwater;;Vanadium V;Elementary flows/Emission to water/ground water;;;;93a60a56-a3c8-11da-a746-0800200b9a66;Mass;;kg;20aadc24-a391-41cf-b340-3e4529f44bde;kg
37f4d919-76cc-37ec-ab3c-bf0f9371d44b;41dbbe1f-06e1-4a34-8497-5986be8f9e51;1;Vanadium;emissions to water/groundwater, long-term;;Vanadium V;Elementary flows/Emission to water/ground water, long-term;;;;93a60a56-a3c8-11da-a746-0800200b9a66;Mass;;kg;20aadc24-a391-41cf-b340-3e4529f44bde;kg
e7c5713c-8865-39b6-9904-723644bab324;645687e9-58d1-36bf-a28c-9fe0735146c5;1;Vanadium;emissions to water/lake;;Vanadium V;Elementary flows/Emission to water/lake;;;;93a60a56-a3c8-11da-a746-0800200b9a66;Mass;;kg;20aadc24-a391-41cf-b340-3e4529f44bde;kg
800cce20-11e8-3e4f-a0ce-38b5ed5591f7;dbdc3ea8-cc2b-4dbe-82b9-e954e333281d;1;Vanadium;emissions to water/ocean;;Vanadium V;Elementary flows/Emission to water/ocean;;;;93a60a56-a3c8-11da-a746-0800200b9a66;Mass;;kg;20aadc24-a391-41cf-b340-3e4529f44bde;kg
339c907b-c6cc-369c-bb03-03e9724dc6b8;9ba627f4-3a6c-4dd6-8598-4e1639fbd85a;1;Vanadium;emissions to water/unspecified;;Vanadium V;Elementary flows/Emission to water/unspecified;;;;93a60a56-a3c8-11da-a746-0800200b9a66;Mass;;kg;20aadc24-a391-41cf-b340-3e4529f44bde;kg
2bde763c-6d62-3d05-ae9b-e534904d35a6;c9c4b80a-73dd-415a-92fb-f877595651c1;1;Vanadium;resources/in ground;;Vanadium;Elementary flows/Resource/in ground;;;;93a60a56-a3c8-11da-a746-0800200b9a66;Mass;;kg;20aadc24-a391-41cf-b340-3e4529f44bde;kg
860ed4c2-9708-381a-adf9-e0d040cbad61;9ba627f4-3a6c-4dd6-8598-4e1639fbd85a;1;Vanadium V;emissions to water/unspecified;;Vanadium V;Elementary flows/Emission to water/unspecified;;;;93a60a56-a3c8-11da-a746-0800200b9a66;Mass;;kg;20aadc24-a391-41cf-b340-3e4529f44bde;kg
638aa19d-600f-3ff6-9b1a-84047deb14b9;bea19217-6a28-4711-8142-2e71090c0b46;1;Vermiculite;resources/in ground;;Vermiculite;Elementary flows/Resource/in ground;;;;93a60a56-a3c8-11da-a746-0800200b9a66;Mass;;kg;20aadc24-a391-41cf-b340-3e4529f44bde;kg
ba5140b5-da39-3299-a5a8-8362b066b302;7db70809-e30b-4633-992e-2cfe03891907;1;Vinclozolin;emissions to soil/agricultural;;Vinclozolin;Elementary flows/Emission to soil/agricultural;;;;93a60a56-a3c8-11da-a746-0800200b9a66;Mass;;kg;20aadc24-a391-41cf-b340-3e4529f44bde;kg
734a9801-60cd-3600-b459-5b00a5053e8c;1d444a45-70c4-4718-8427-1c0fff91f88e;1;Vinyl acetate;emissions to air/unspecified;;Vinyl acetate;Elementary flows/Emission to air/unspecified;;;;93a60a56-a3c8-11da-a746-0800200b9a66;Mass;;kg;20aadc24-a391-41cf-b340-3e4529f44bde;kg
2380af8c-598e-3032-bb95-fdba520c85c1;37b1a5b2-9b3b-4966-a979-084cf2091128;1;Vinyl acetate;emissions to water/unspecified;;Vinyl acetate;Elementary flows/Emission to water/unspecified;;;;93a60a56-a3c8-11da-a746-0800200b9a66;Mass;;kg;20aadc24-a391-41cf-b340-3e4529f44bde;kg
6a408b04-a444-3391-a24d-1739a1adab60;a028e2af-de2b-4e29-9d6b-a56d6a50f10f;1;VOC, volatile organic compounds, unspecified origin;emissions to air/unspecified;;VOC, volatile organic compounds, unspecified origin;Elementary flows/Emission to air/unspecified;;;;93a60a56-a3c8-11da-a746-0800200b9a66;Mass;;kg;20aadc24-a391-41cf-b340-3e4529f44bde;kg
388b853b-d7c8-3ea2-8c01-7d62c13d3c48;113746e5-66a9-4d8c-b72b-4a99e7fcd052;1;VOC, volatile organic compounds, unspecified origin;emissions to water/ocean;;VOC, volatile organic compounds;Elementary flows/Emission to water/ocean;;;;93a60a56-a3c8-11da-a746-0800200b9a66;Mass;;kg;20aadc24-a391-41cf-b340-3e4529f44bde;kg
b5f4d8e2-a1ed-3c43-8204-8e61028db371;f2b42152-1663-42c9-9be6-4e6bf2c643e4;1;VOC, volatile organic compounds, unspecified origin;emissions to water/river;;VOC, volatile organic compounds;Elementary flows/Emission to water/fresh water;;;;93a60a56-a3c8-11da-a746-0800200b9a66;Mass;;kg;20aadc24-a391-41cf-b340-3e4529f44bde;kg
755ea8cc-84a2-3f72-8848-8f48f0d1d0aa;9ba627f4-3a6c-4dd6-8598-4e1639fbd85a;1;VOC, volatile organic compounds, unspecified origin;emissions to water/unspecified;;VOC, volatile organic compounds;Elementary flows/Emission to water/unspecified;;;;93a60a56-a3c8-11da-a746-0800200b9a66;Mass;;kg;20aadc24-a391-41cf-b340-3e4529f44bde;kg
1f708fec-e109-325a-8df1-de729ec8924a;f6df5030-8e06-4276-bfeb-219db8dab104;1;Volume occupied, final repository for low-active radioactive waste;resources/in ground;;Volume occupied, final repository for low-active radioactive waste;Elementary flows/Resource/in ground;;;;93a60a56-a3c8-22da-a746-0800200c9a66;Volume;;m3;1c3a9695-398d-4b1f-b07e-a8715b610f70;m3
93d90688-3ac8-347a-a1a5-968c5faac313;adb4b590-7fb2-47b6-84e7-d4746a94c7b5;1;Volume occupied, final repository for radioactive waste;resources/in ground;;Volume occupied, final repository for radioactive waste;Elementary flows/Resource/in ground;;;;93a60a56-a3c8-22da-a746-0800200c9a66;Volume;;m3;1c3a9695-398d-4b1f-b07e-a8715b610f70;m3
62f7bae3-3c7d-3555-84b4-904eff843159;9a9d71c7-79f7-42d0-af47-282d22a7cf07;1;Volume occupied, reservoir;resources/in water;;Volume occupied, reservoir;Elementary flows/Resource/in water;;;;441238a3-ba09-46ec-b35b-c30cfba746d1;Volume*Time;;m3y;ee5f2241-18af-4444-b457-b275660e5a20;m3*a
511420df-1e7d-33e3-b15e-a5fb79c486fc;8bd1295e-4af1-4177-88a2-6f56ac8e4546;1;Volume occupied, underground deposit;resources/in ground;;Volume occupied, underground deposit;Elementary flows/Resource/in ground;;;;93a60a56-a3c8-22da-a746-0800200c9a66;Volume;;m3;1c3a9695-398d-4b1f-b07e-a8715b610f70;m3
263edb08-9a69-3ddc-9e39-595776529614;263edb08-9a69-3ddc-9e39-595776529614;1;Waste mass, total, placed in landfill;resources/in ground;;Waste mass, total, placed in landfill;Elementary flows/Resource/in ground;;;;93a60a56-a3c8-11da-a746-0800200b9a66;Mass;;kg;20aadc24-a391-41cf-b340-3e4529f44bde;kg
d4f27de0-e3cf-3ca5-87bd-d2c16d02aa59;2cf8d1c2-8f38-44d3-a1fe-fb797f775b66;1;Waste water;emissions to water/ocean;;Waste water;Elementary flows/Emission to water/ocean;;;;93a60a56-a3c8-11da-a746-0800200b9a66;Mass;;kg;20aadc24-a391-41cf-b340-3e4529f44bde;kg
c0df3313-cdec-33b2-ab07-e776ec7e09ca;72721c4e-d589-4ad7-8c5e-4228b8690ddb;1;Waste water;emissions to water/river;;Waste water;Elementary flows/Emission to water/fresh water;;;;93a60a56-a3c8-11da-a746-0800200b9a66;Mass;;kg;20aadc24-a391-41cf-b340-3e4529f44bde;kg
4838e173-0988-3e27-b823-76c192c2c4b5;b61cc486-7a9d-3880-a2ae-1bc3a65d0f43;1000;Waste water/m3;emissions to water/unspecified;;Waste water;Elementary flows/Emission to water/unspecified;;;;93a60a56-a3c8-11da-a746-0800200b9a66;Mass;;m3;20aadc24-a391-41cf-b340-3e4529f44bde;kg
b7e39450-5bc4-3408-aca0-80421f8c52e0;6b99e3e0-59ed-43cf-a17b-d5edea71e1bd;1;Water;emissions to air/high. pop.;;Water;Elementary flows/Emission to air/high population density;;;;93a60a56-a3c8-11da-a746-0800200b9a66;Mass;;kg;20aadc24-a391-41cf-b340-3e4529f44bde;kg
a7bea606-94ca-3d13-807e-41ae52d67dd8;d0fa3cee-a088-49c0-b80e-f3acac182f0b;1;Water;emissions to air/low. pop.;;Water;Elementary flows/Emission to air/low population density;;;;93a60a56-a3c8-11da-a746-0800200b9a66;Mass;;kg;20aadc24-a391-41cf-b340-3e4529f44bde;kg
b5222038-915b-3a90-9713-badeda8b5397;5677a205-a4fb-44cd-9c62-05195db926a6;1;Water;emissions to air/stratosphere + troposphere;;Water;Elementary flows/Emission to air/lower stratosphere + upper troposphere;;;;93a60a56-a3c8-11da-a746-0800200b9a66;Mass;;kg;20aadc24-a391-41cf-b340-3e4529f44bde;kg
b6e14a90-a192-35e6-9f79-1732dd24b8e0;8864b4ad-7348-469e-b2d3-48610ffd4fca;1;Water;emissions to air/unspecified;;Water;Elementary flows/Emission to air/unspecified;;;;93a60a56-a3c8-11da-a746-0800200b9a66;Mass;;kg;20aadc24-a391-41cf-b340-3e4529f44bde;kg
005deb84-80d8-3d21-b9b0-ebca7caf4486;6e9312ec-1e02-4232-9589-0746bc67d4e6;1;Water;emissions to water/groundwater;;Water;Elementary flows/Emission to water/ground water;;;;93a60a56-a3c8-11da-a746-0800200b9a66;Mass;;kg;20aadc24-a391-41cf-b340-3e4529f44bde;kg
d829810a-6ff5-30e5-9fb2-bfbb9cd9cd02;ed3fdab8-6123-4c08-a25b-0a74a7fa779a;1;Water;emissions to water/ocean;;Water;Elementary flows/Emission to water/ocean;;;;93a60a56-a3c8-11da-a746-0800200b9a66;Mass;;kg;20aadc24-a391-41cf-b340-3e4529f44bde;kg
91f4a143-503f-35f0-9103-dfae145c8cb7;19229850-3ddf-3c30-bfa5-b356b7be2fbd;1;Water;emissions to water/river;;Water;Elementary flows/Emission to water/river;;;;93a60a56-a3c8-11da-a746-0800200b9a66;Mass;;kg;20aadc24-a391-41cf-b340-3e4529f44bde;kg
3da4eca1-e53b-344e-b97a-b0d95e437a4b;3564b893-744f-326d-a75d-a086409ef6ca;1;Water;emissions to water/unspecified;;Water;Elementary flows/Emission to water/unspecified;;;;93a60a56-a3c8-11da-a746-0800200b9a66;Mass;;kg;20aadc24-a391-41cf-b340-3e4529f44bde;kg
89c7d449-6a69-3aa8-9d3b-cbef89573095;e16520ae-28cc-4fd6-a6bc-57052921753e;1;Water, AE;emissions to water/river;;Water, AE;Elementary flows/Emission to water/river;;;;93a60a56-a3c8-22da-a746-0800200c9a66;Volume;;m3;1c3a9695-398d-4b1f-b07e-a8715b610f70;m3
4827a591-8f29-31f6-b09e-3cb0232263f3;df8e6d6e-1a54-34df-a3b2-389170ead31f;1;Water, AO;emissions to water/river;;Water, AO;Elementary flows/Emission to water/river;;;;93a60a56-a3c8-22da-a746-0800200c9a66;Volume;;m3;1c3a9695-398d-4b1f-b07e-a8715b610f70;m3
7282b532-f62e-3246-97ce-30c0325d18bf;933f549b-58e6-3178-9ea7-1c6d51793669;1;Water, AR;emissions to water/river;;Water, AR;Elementary flows/Emission to water/river;;;;93a60a56-a3c8-22da-a746-0800200c9a66;Volume;;m3;1c3a9695-398d-4b1f-b07e-a8715b610f70;m3
51b44978-81ab-3130-9d51-ef464e44fa36;7c8fd9d5-7d63-304f-92dc-f828a53b6fcf;1;Water, AT;emissions to air/unspecified;;Water, AT;Elementary flows/Emission to air/unspecified;;;;93a60a56-a3c8-11da-a746-0800200b9a66;Mass;;kg;20aadc24-a391-41cf-b340-3e4529f44bde;kg
c5f0c1f2-1759-306a-80a2-e864faea4228;1dee5e4c-8599-32e3-8b54-e88d4dd784ce;1;Water, AT;emissions to water/unspecified;;Water, AT;Elementary flows/Emission to water/unspecified;;;;93a60a56-a3c8-22da-a746-0800200c9a66;Volume;;m3;1c3a9695-398d-4b1f-b07e-a8715b610f70;m3
e503c74b-6155-32ca-8444-32f9ed1fa031;e611414e-1245-3c07-b7c4-6971ee4bf4bc;1;Water, AU;emissions to air/unspecified;;Water, AU;Elementary flows/Emission to air/unspecified;;;;93a60a56-a3c8-11da-a746-0800200b9a66;Mass;;kg;20aadc24-a391-41cf-b340-3e4529f44bde;kg
0a6df63c-00d3-3b63-8f5a-782d9b011c2d;8295b7e0-0823-3e07-83e8-47602b3095f4;1;Water, AU;emissions to water/river;;Water, AU;Elementary flows/Emission to water/river;;;;93a60a56-a3c8-22da-a746-0800200c9a66;Volume;;m3;1c3a9695-398d-4b1f-b07e-a8715b610f70;m3
59dd0e86-fdb8-3fb6-aecc-4839d808e2ee;dface97f-f556-3e56-bc75-0ef54d0207a5;1;Water, AU;emissions to water/unspecified;;Water, AU;Elementary flows/Emission to water/unspecified;;;;93a60a56-a3c8-22da-a746-0800200c9a66;Volume;;m3;1c3a9695-398d-4b1f-b07e-a8715b610f70;m3
8d5568c8-e526-349c-82d1-f2d1dc0480a2;29c3ea6e-ce64-3c67-a9ce-a1cc8da4a8bb;1;Water, AZ;emissions to water/ocean;;Water, AZ;Elementary flows/Emission to water/ocean;;;;93a60a56-a3c8-22da-a746-0800200c9a66;Volume;;m3;1c3a9695-398d-4b1f-b07e-a8715b610f70;m3
f2ffb1e7-7c58-3d6d-8aae-71e25ddc9333;61f78e3a-9b29-3be6-8743-be3154f3a2a1;1;Water, AZ;emissions to water/river;;Water, AZ;Elementary flows/Emission to water/river;;;;93a60a56-a3c8-22da-a746-0800200c9a66;Volume;;m3;1c3a9695-398d-4b1f-b07e-a8715b610f70;m3
d5e002a5-b65d-3091-9f13-40cadce92035;ace7b642-6e30-3cad-a04f-200b3b0c5d21;1;Water, BA;emissions to air/unspecified;;Water, BA;Elementary flows/Emission to air/unspecified;;;;93a60a56-a3c8-11da-a746-0800200b9a66;Mass;;kg;20aadc24-a391-41cf-b340-3e4529f44bde;kg
fe521635-c446-3d2d-80d4-ecd38d85c22e;88c0b05c-40e9-353e-b8ab-1a92a960b543;1;Water, BA;emissions to water/unspecified;;Water, BA;Elementary flows/Emission to water/unspecified;;;;93a60a56-a3c8-22da-a746-0800200c9a66;Volume;;m3;1c3a9695-398d-4b1f-b07e-a8715b610f70;m3
a603f0b2-52bd-3d44-8b48-ef901e452699;98f556eb-e45d-3acd-bcdf-74f4f720310d;1;Water, BE;emissions to air/unspecified;;Water, BE;Elementary flows/Emission to air/unspecified;;;;93a60a56-a3c8-11da-a746-0800200b9a66;Mass;;kg;20aadc24-a391-41cf-b340-3e4529f44bde;kg
533c167d-6901-342e-a66a-6067db78d9d8;c3964198-dccc-35a4-b9d1-985e171969d0;1;Water, BE;emissions to water/river;;Water, BE;Elementary flows/Emission to water/river;;;;93a60a56-a3c8-22da-a746-0800200c9a66;Volume;;m3;1c3a9695-398d-4b1f-b07e-a8715b610f70;m3
fd29f386-049a-3a1c-bdd5-b47a9aace233;1a7ccadf-90d4-3dd1-ad01-17c0ab9739ef;1;Water, BE;emissions to water/unspecified;;Water, BE;Elementary flows/Emission to water/unspecified;;;;93a60a56-a3c8-22da-a746-0800200c9a66;Volume;;m3;1c3a9695-398d-4b1f-b07e-a8715b610f70;m3
7dc6a9cd-8e26-35a2-a0d5-4eac00b61bec;4a71535f-60a0-3834-8361-edaf0a8905ab;1;Water, BO;emissions to water/river;;Water, BO;Elementary flows/Emission to water/river;;;;93a60a56-a3c8-22da-a746-0800200c9a66;Volume;;m3;1c3a9695-398d-4b1f-b07e-a8715b610f70;m3
a07b9cde-34c9-3524-8f3b-b96b82495f0c;e21021ad-6c67-3885-bd39-6a1b9195af06;1;Water, BR;emissions to air/unspecified;;Water, BR;Elementary flows/Emission to air/unspecified;;;;93a60a56-a3c8-11da-a746-0800200b9a66;Mass;;kg;20aadc24-a391-41cf-b340-3e4529f44bde;kg
b3798736-b667-39b3-88b4-bf62c5ed7b94;29a9157e-42d5-3e71-ab26-dd76fec002d8;1;Water, BR;emissions to water/river;;Water, BR;Elementary flows/Emission to water/river;;;;93a60a56-a3c8-22da-a746-0800200c9a66;Volume;;m3;1c3a9695-398d-4b1f-b07e-a8715b610f70;m3
2e21da35-2dec-31b5-93a8-3602fa66220f;e50d7a5a-6b25-39a4-8e1b-8d45c04162a3;1;Water, BR;emissions to water/unspecified;;Water, BR;Elementary flows/Emission to water/unspecified;;;;93a60a56-a3c8-22da-a746-0800200c9a66;Volume;;m3;1c3a9695-398d-4b1f-b07e-a8715b610f70;m3
566a064b-9f2f-3794-8de3-22de4a7b2dbb;70591a6d-0ee4-3918-852b-d32e3d830027;1;Water, CA;emissions to air/unspecified;;Water, CA;Elementary flows/Emission to air/unspecified;;;;93a60a56-a3c8-11da-a746-0800200b9a66;Mass;;kg;20aadc24-a391-41cf-b340-3e4529f44bde;kg
372e5a90-c02e-3fa7-b0f0-cf81d2fc293f;3bff1c8b-026b-35f0-a4f0-87bf4e1468b5;1;Water, CA;emissions to water/river;;Water, CA;Elementary flows/Emission to water/river;;;;93a60a56-a3c8-22da-a746-0800200c9a66;Volume;;m3;1c3a9695-398d-4b1f-b07e-a8715b610f70;m3
0f4f9898-2d61-3acc-81a1-6700b73e9d9a;a273328e-1dfc-3918-b58a-fa965dc45db2;1;Water, CA;emissions to water/unspecified;;Water, CA;Elementary flows/Emission to water/unspecified;;;;93a60a56-a3c8-22da-a746-0800200c9a66;Volume;;m3;1c3a9695-398d-4b1f-b07e-a8715b610f70;m3
dd3e30b2-ff87-3db8-ba64-8465ea8d624c;301f2cb6-9672-3d86-ab17-b04d283656da;1;Water, CH;emissions to air/unspecified;;Water, CH;Elementary flows/Emission to air/unspecified;;;;93a60a56-a3c8-11da-a746-0800200b9a66;Mass;;kg;20aadc24-a391-41cf-b340-3e4529f44bde;kg
588ec84c-c267-39cc-8a46-70abd72d9758;200b628c-ac2c-3864-bb86-3ac8c5e442d4;1;Water, CH;emissions to water/river;;Water, CH;Elementary flows/Emission to water/river;;;;93a60a56-a3c8-22da-a746-0800200c9a66;Volume;;m3;1c3a9695-398d-4b1f-b07e-a8715b610f70;m3
effd4297-03a9-3233-853e-0a97beae1ad4;f6080ed9-2b32-318e-9873-fdcf738eb819;1;Water, CH;emissions to water/unspecified;;Water, CH;Elementary flows/Emission to water/unspecified;;;;93a60a56-a3c8-22da-a746-0800200c9a66;Volume;;m3;1c3a9695-398d-4b1f-b07e-a8715b610f70;m3
8051cb7d-6ff2-3211-be43-9461e5d841bc;116e84cf-7faa-32b5-b7c8-dc3fdefd67a7;1;Water, CL;emissions to air/unspecified;;Water, CL;Elementary flows/Emission to air/unspecified;;;;93a60a56-a3c8-11da-a746-0800200b9a66;Mass;;kg;20aadc24-a391-41cf-b340-3e4529f44bde;kg
5f1c4fe8-4f92-3ad5-88a0-6f9def6e0b3c;9b709486-884f-3e43-8acd-28289ca79b0e;1;Water, CL;emissions to water/unspecified;;Water, CL;Elementary flows/Emission to water/unspecified;;;;93a60a56-a3c8-22da-a746-0800200c9a66;Volume;;m3;1c3a9695-398d-4b1f-b07e-a8715b610f70;m3
b0befbda-6eed-35a1-bad5-b042018e67a8;4d77a20d-8ed9-3081-ada0-58d2c49a8333;1;Water, CM;emissions to water/unspecified;;Water, CM;Elementary flows/Emission to water/unspecified;;;;93a60a56-a3c8-22da-a746-0800200c9a66;Volume;;m3;1c3a9695-398d-4b1f-b07e-a8715b610f70;m3
c9521006-1c5f-3b17-b210-f5970323d40d;2355612a-480c-3491-9353-08dc2d657bbc;1;Water, CN;emissions to air/unspecified;;Water, CN;Elementary flows/Emission to air/unspecified;;;;93a60a56-a3c8-11da-a746-0800200b9a66;Mass;;kg;20aadc24-a391-41cf-b340-3e4529f44bde;kg
d1164c78-a6e1-3352-bec2-f70a93a8f1d1;5c701a7b-d757-3e17-a9d5-c317dccdb8c3;1;Water, CN;emissions to water/river;;Water, CN;Elementary flows/Emission to water/river;;;;93a60a56-a3c8-22da-a746-0800200c9a66;Volume;;m3;1c3a9695-398d-4b1f-b07e-a8715b610f70;m3
720f9bc5-ab7e-3145-8af9-2e3da6d36d2e;315bad13-6e3d-3a70-9163-d9502cc768db;1;Water, CN;emissions to water/unspecified;;Water, CN;Elementary flows/Emission to water/unspecified;;;;93a60a56-a3c8-22da-a746-0800200c9a66;Volume;;m3;1c3a9695-398d-4b1f-b07e-a8715b610f70;m3
2751257c-ff9e-3cc4-b909-fb9546e2a885;6bb96a1a-3f9a-32e5-b61d-171bd4d6cc95;1;Water, CO;emissions to water/river;;Water, CO;Elementary flows/Emission to water/river;;;;93a60a56-a3c8-22da-a746-0800200c9a66;Volume;;m3;1c3a9695-398d-4b1f-b07e-a8715b610f70;m3
f6402ea6-aa83-3fb0-9afd-a2215f210b5c;44c1c65e-d7ac-3836-bdee-c186cd62c244;1;Water, CO;emissions to water/unspecified;;Water, CO;Elementary flows/Emission to water/unspecified;;;;93a60a56-a3c8-22da-a746-0800200c9a66;Volume;;m3;1c3a9695-398d-4b1f-b07e-a8715b610f70;m3
2e329c1f-c894-3427-a9b8-e17af62023a9;f1ca67fc-fd5c-3179-aeb9-c689f7a8a2af;1;Water, cooling, unspecified natural origin, CH;resources/in water;;Water, cooling, unspecified natural origin, CH;Elementary flows/Resource/in water;;;;93a60a56-a3c8-22da-a746-0800200c9a66;Volume;;m3;1c3a9695-398d-4b1f-b07e-a8715b610f70;m3
0803c6cd-c9e6-328c-9de1-90a80e80d364;121b0f77-c14f-393e-8b68-30b46e1a426c;1;Water, cooling, unspecified natural origin, CN;resources/in water;;Water, cooling, unspecified natural origin, CN;Elementary flows/Resource/in water;;;;93a60a56-a3c8-22da-a746-0800200c9a66;Volume;;m3;1c3a9695-398d-4b1f-b07e-a8715b610f70;m3
2444a669-da0e-3529-b76a-01196c0fab43;e273a57d-19bd-3a0e-abc7-d6e32bc320dd;1;Water, cooling, unspecified natural origin, DE;resources/in water;;Water, cooling, unspecified natural origin, DE;Elementary flows/Resource/in water;;;;93a60a56-a3c8-22da-a746-0800200c9a66;Volume;;m3;1c3a9695-398d-4b1f-b07e-a8715b610f70;m3
cd3949b0-839a-346e-b4b2-d072e8926cc0;7b492692-f5e0-393c-9e58-0374b38ae9c5;1;Water, cooling, unspecified natural origin, KR;resources/in water;;Water, cooling, unspecified natural origin, KR;Elementary flows/Resource/in water;;;;93a60a56-a3c8-22da-a746-0800200c9a66;Volume;;m3;1c3a9695-398d-4b1f-b07e-a8715b610f70;m3
ba543dc1-91db-3abc-87c5-7dede3561cf8;1b018235-eee1-3b86-a629-ef018e1c4799;1;Water, cooling, unspecified natural origin, RER;resources/in ground;;Water, cooling, unspecified natural origin, RER;Elementary flows/Resource/in ground;;;;93a60a56-a3c8-22da-a746-0800200c9a66;Volume;;m3;1c3a9695-398d-4b1f-b07e-a8715b610f70;m3
d7c9e69b-f894-30b9-b3c1-7cc7dbb44d7f;e86c6358-1283-31b1-af5d-6bf05fc58ff8;1;Water, cooling, unspecified natural origin, RER;resources/in water;;Water, cooling, unspecified natural origin, RER;Elementary flows/Resource/in water;;;;93a60a56-a3c8-22da-a746-0800200c9a66;Volume;;m3;1c3a9695-398d-4b1f-b07e-a8715b610f70;m3
a63935e3-5260-357a-ad8d-75d9d6bf5478;16528d81-d4bb-3fe4-9e44-f46f6fb1f4d2;1;Water, cooling, unspecified natural origin, US;resources/in water;;Water, cooling, unspecified natural origin, US;Elementary flows/Resource/in water;;;;93a60a56-a3c8-22da-a746-0800200c9a66;Volume;;m3;1c3a9695-398d-4b1f-b07e-a8715b610f70;m3
471e1657-ed50-3c68-b823-748356691064;0c6d244f-6086-3c6e-bd96-f287f8bb74f7;1;Water, cooling, unspecified natural origin/m3;resources/in water;;Water, cooling, unspecified natural origin/m3;Elementary flows/Resource/in water;;;;93a60a56-a3c8-22da-a746-0800200c9a66;Volume;;m3;1c3a9695-398d-4b1f-b07e-a8715b610f70;m3
18713a55-c9bb-3cc8-9d2b-2dd73b6a0d8a;c87a653e-d6c6-3475-be9c-4a5466767cf7;1;Water, CS;emissions to air/unspecified;;Water, CS;Elementary flows/Emission to air/unspecified;;;;93a60a56-a3c8-11da-a746-0800200b9a66;Mass;;kg;20aadc24-a391-41cf-b340-3e4529f44bde;kg
11396897-5e34-3980-8beb-304cc7793a3f;6c7eed8d-b523-39e6-8fc2-6d0eb272e931;1;Water, CZ;emissions to air/unspecified;;Water, CZ;Elementary flows/Emission to air/unspecified;;;;93a60a56-a3c8-11da-a746-0800200b9a66;Mass;;kg;20aadc24-a391-41cf-b340-3e4529f44bde;kg
2e5db336-0c76-31b3-a01c-6cd1abefcfe4;4b252136-e335-394e-8339-d016b00b3af7;1;Water, CZ;emissions to water/unspecified;;Water, CZ;Elementary flows/Emission to water/unspecified;;;;93a60a56-a3c8-22da-a746-0800200c9a66;Volume;;m3;1c3a9695-398d-4b1f-b07e-a8715b610f70;m3
637c6d50-6e71-3f72-8895-2fbf36150205;c5143ea9-2dbd-34a7-be34-c3d0c390c493;1;Water, DE;emissions to air/unspecified;;Water, DE;Elementary flows/Emission to air/unspecified;;;;93a60a56-a3c8-11da-a746-0800200b9a66;Mass;;kg;20aadc24-a391-41cf-b340-3e4529f44bde;kg
0aec3267-7019-37ab-9e08-716f9e2a7d82;b2473da9-b49b-38b8-996d-a682ae82cae2;1;Water, DE;emissions to water/river;;Water, DE;Elementary flows/Emission to water/river;;;;93a60a56-a3c8-22da-a746-0800200c9a66;Volume;;m3;1c3a9695-398d-4b1f-b07e-a8715b610f70;m3
28e0e76b-a388-3110-97a2-72800e178a20;82e79c0e-da25-3712-b4c9-b5227131791e;1;Water, DE;emissions to water/unspecified;;Water, DE;Elementary flows/Emission to water/unspecified;;;;93a60a56-a3c8-22da-a746-0800200c9a66;Volume;;m3;1c3a9695-398d-4b1f-b07e-a8715b610f70;m3
d1e5b15a-ee31-3fe3-b4e8-bb9afddd0adc;331785e5-d4e6-3d59-aab4-523c3335c226;1;Water, DK;emissions to air/unspecified;;Water, DK;Elementary flows/Emission to air/unspecified;;;;93a60a56-a3c8-11da-a746-0800200b9a66;Mass;;kg;20aadc24-a391-41cf-b340-3e4529f44bde;kg
cdd9d420-59ef-3efa-a0b7-216bdfbd318a;146f6bbc-070d-3f4e-ab2a-906d9ea1886b;1;Water, DK;emissions to water/unspecified;;Water, DK;Elementary flows/Emission to water/unspecified;;;;93a60a56-a3c8-22da-a746-0800200c9a66;Volume;;m3;1c3a9695-398d-4b1f-b07e-a8715b610f70;m3
64f3768c-44bf-3701-8cca-d72c8b17825c;8a31f194-c800-38a9-815d-b33fbcad867b;1;Water, DZ;emissions to water/river;;Water, DZ;Elementary flows/Emission to water/river;;;;93a60a56-a3c8-22da-a746-0800200c9a66;Volume;;m3;1c3a9695-398d-4b1f-b07e-a8715b610f70;m3
42b088d6-cc71-30ff-beff-2bef56f8e37f;46253395-d1ff-3d6c-81cd-f8fe6dc67934;1;Water, EC;emissions to water/river;;Water, EC;Elementary flows/Emission to water/river;;;;93a60a56-a3c8-22da-a746-0800200c9a66;Volume;;m3;1c3a9695-398d-4b1f-b07e-a8715b610f70;m3
dc14d250-e92e-3b47-a027-5481a2a291cc;027354fe-6d83-35d3-b878-df72c8ec4469;1;Water, EG;emissions to water/river;;Water, EG;Elementary flows/Emission to water/river;;;;93a60a56-a3c8-22da-a746-0800200c9a66;Volume;;m3;1c3a9695-398d-4b1f-b07e-a8715b610f70;m3
4bd55946-ebe7-37cc-9978-1068380ee59d;c0bb4e93-fdc4-363d-a3f4-038ced0c33b1;1;Water, embodied in product, CH;economic issues/unspecified;;Water, embodied in product, CH;Elementary flows/Economic/unspecified;;;;93a60a56-a3c8-11da-a746-0800200b9a66;Mass;;kg;20aadc24-a391-41cf-b340-3e4529f44bde;kg
f489f1aa-7f7d-31db-a55d-3f03afca8df2;d36ae2fe-f744-3c4e-b7cd-53ae24ff3194;1;Water, embodied in product, ES;economic issues/unspecified;;Water, embodied in product, ES;Elementary flows/Economic/unspecified;;;;93a60a56-a3c8-11da-a746-0800200b9a66;Mass;;kg;20aadc24-a391-41cf-b340-3e4529f44bde;kg
ef2eff39-c799-3957-ac0c-887338ad49ab;d795c3ee-124b-332d-8532-fc45e3ccf980;1;Water, embodied in product, KE;economic issues/unspecified;;Water, embodied in product, KE;Elementary flows/Economic/unspecified;;;;93a60a56-a3c8-11da-a746-0800200b9a66;Mass;;kg;20aadc24-a391-41cf-b340-3e4529f44bde;kg
c22d3452-5336-3499-87b0-968259391bd0;6780b3de-3d12-3b6e-a30b-4fdfbc42484c;1;Water, embodied in product, MX;economic issues/unspecified;;Water, embodied in product, MX;Elementary flows/Economic/unspecified;;;;93a60a56-a3c8-11da-a746-0800200b9a66;Mass;;kg;20aadc24-a391-41cf-b340-3e4529f44bde;kg
1ff46f90-8677-3d66-9d3b-6f1797c22fcd;4fb1ad27-803c-3104-9943-80832d86f9e0;1;Water, embodied in product, PE;economic issues/unspecified;;Water, embodied in product, PE;Elementary flows/Economic/unspecified;;;;93a60a56-a3c8-11da-a746-0800200b9a66;Mass;;kg;20aadc24-a391-41cf-b340-3e4529f44bde;kg
e799e7da-955e-3901-a4bc-2d3bb0deb59e;0d916b8a-9859-3e91-8b54-5d77f122bab2;1;Water, ES;emissions to air/unspecified;;Water, ES;Elementary flows/Emission to air/unspecified;;;;93a60a56-a3c8-11da-a746-0800200b9a66;Mass;;kg;20aadc24-a391-41cf-b340-3e4529f44bde;kg
b360d41a-4372-3f98-8a3e-314d72f07061;71cb08fe-d3f7-3d38-8073-d94815935029;1;Water, ES;emissions to water/river;;Water, ES;Elementary flows/Emission to water/river;;;;93a60a56-a3c8-22da-a746-0800200c9a66;Volume;;m3;1c3a9695-398d-4b1f-b07e-a8715b610f70;m3
99f6ed77-9876-3524-a149-e3e62318d8b3;bc96b205-2ac3-356c-9348-3d9180e6f7e7;1;Water, ES;emissions to water/unspecified;;Water, ES;Elementary flows/Emission to water/unspecified;;;;93a60a56-a3c8-22da-a746-0800200c9a66;Volume;;m3;1c3a9695-398d-4b1f-b07e-a8715b610f70;m3
9f74e417-d7f9-36a3-9dbd-2d860dc9a06f;7a05c50a-c884-3f7d-bdb4-ae8fe2a59d2b;1;Water, Europe;emissions to air/unspecified;;Water, Europe;Elementary flows/Emission to air/unspecified;;;;93a60a56-a3c8-11da-a746-0800200b9a66;Mass;;kg;20aadc24-a391-41cf-b340-3e4529f44bde;kg
e9b9aa1e-6ae2-3a47-a2f7-926f146e3252;c4147102-fe11-3857-a3a4-f063f92bd8fd;1;Water, FI;emissions to air/unspecified;;Water, FI;Elementary flows/Emission to air/unspecified;;;;93a60a56-a3c8-11da-a746-0800200b9a66;Mass;;kg;20aadc24-a391-41cf-b340-3e4529f44bde;kg
3d1ec04c-ddbb-32de-b203-e5ac72164b94;b9fd18fc-2ee5-36f7-b739-440e831d3477;1;Water, FI;emissions to water/unspecified;;Water, FI;Elementary flows/Emission to water/unspecified;;;;93a60a56-a3c8-22da-a746-0800200c9a66;Volume;;m3;1c3a9695-398d-4b1f-b07e-a8715b610f70;m3
6a9e5c58-b015-3280-80e7-4502d0b326e4;26e62e38-880d-3c67-a705-33aa05ca78e3;1;Water, fossil;resources/in water;;Water, fossil;Elementary flows/Resource/in water;;;;93a60a56-a3c8-22da-a746-0800200c9a66;Volume;;m3;1c3a9695-398d-4b1f-b07e-a8715b610f70;m3
a7364324-50dc-36a8-99aa-b764115d4b4a;2532ad6d-4361-3506-ad1c-30c1428e3d07;1;Water, FR;emissions to air/low. pop.;;Water, FR;Elementary flows/Emission to air/unspecified;;;;93a60a56-a3c8-11da-a746-0800200b9a66;Mass;;kg;20aadc24-a391-41cf-b340-3e4529f44bde;kg
ae14e4a1-a775-3369-a942-7e94a41bb1ce;2532ad6d-4361-3506-ad1c-30c1428e3d07;1;Water, FR;emissions to air/unspecified;;Water, FR;Elementary flows/Emission to air/unspecified;;;;93a60a56-a3c8-11da-a746-0800200b9a66;Mass;;kg;20aadc24-a391-41cf-b340-3e4529f44bde;kg
48f9fd4e-35dd-3868-b1a5-984178e5a69d;2a8a1088-2664-3b27-8865-b484ecb6d999;1;Water, FR;emissions to water/river;;Water, FR;Elementary flows/Emission to water/river;;;;93a60a56-a3c8-22da-a746-0800200c9a66;Volume;;m3;1c3a9695-398d-4b1f-b07e-a8715b610f70;m3
f03e8a7f-b68c-3592-b0a8-3c3dcd7f6388;39c34b78-35fe-3932-8866-af14c1ef822d;1;Water, FR;emissions to water/unspecified;;Water, FR;Elementary flows/Emission to water/unspecified;;;;93a60a56-a3c8-22da-a746-0800200c9a66;Volume;;m3;1c3a9695-398d-4b1f-b07e-a8715b610f70;m3
2e82b67f-421c-3b3d-8bdd-61165d1962f6;896c1a72-f609-3b0e-a4e1-8ed678e1b102;1;Water, GB;emissions to air/unspecified;;Water, GB;Elementary flows/Emission to air/unspecified;;;;93a60a56-a3c8-11da-a746-0800200b9a66;Mass;;kg;20aadc24-a391-41cf-b340-3e4529f44bde;kg
fa4802e2-88bd-3c50-ab87-f749c614b468;427b7ad3-40c7-3515-a691-7cf3ef5b5bd0;1;Water, GB;emissions to water/ocean;;Water, GB;Elementary flows/Emission to water/ocean;;;;93a60a56-a3c8-22da-a746-0800200c9a66;Volume;;m3;1c3a9695-398d-4b1f-b07e-a8715b610f70;m3
9b00bbbb-4c3a-36c5-9659-9724e5cf6ba5;a16ffdac-79e9-3a72-9cc2-26b926ff349f;1;Water, GB;emissions to water/river;;Water, GB;Elementary flows/Emission to water/river;;;;93a60a56-a3c8-22da-a746-0800200c9a66;Volume;;m3;1c3a9695-398d-4b1f-b07e-a8715b610f70;m3
7fad8651-2f77-331d-830d-beed413e99f9;1a3a3a87-cd57-3f58-b363-1e40a8326edc;1;Water, GB;emissions to water/unspecified;;Water, GB;Elementary flows/Emission to water/unspecified;;;;93a60a56-a3c8-22da-a746-0800200c9a66;Volume;;m3;1c3a9695-398d-4b1f-b07e-a8715b610f70;m3
bcbdf908-00b7-371c-94b1-44a8786daac7;ed8925e1-c8f3-3db3-811e-79739eda182a;1;Water, GQ;emissions to water/river;;Water, GQ;Elementary flows/Emission to water/river;;;;93a60a56-a3c8-22da-a746-0800200c9a66;Volume;;m3;1c3a9695-398d-4b1f-b07e-a8715b610f70;m3
1419670e-795a-3d43-8bc0-b21c6125c29c;2d22399c-53c4-3412-9516-aeb71f2f22f6;1;Water, GR;emissions to air/unspecified;;Water, GR;Elementary flows/Emission to air/unspecified;;;;93a60a56-a3c8-11da-a746-0800200b9a66;Mass;;kg;20aadc24-a391-41cf-b340-3e4529f44bde;kg
c933880c-2b3b-3395-934b-490bac3bb479;91f06f27-d8d9-30ec-bec0-b439985fb132;1;Water, GR;emissions to water/unspecified;;Water, GR;Elementary flows/Emission to water/unspecified;;;;93a60a56-a3c8-22da-a746-0800200c9a66;Volume;;m3;1c3a9695-398d-4b1f-b07e-a8715b610f70;m3
eb68b18b-1cb4-3f72-984e-92622fb5410f;6f520895-d257-3a69-ac4d-2ea3adb6645c;1;Water, HR;emissions to air/unspecified;;Water, HR;Elementary flows/Emission to air/unspecified;;;;93a60a56-a3c8-11da-a746-0800200b9a66;Mass;;kg;20aadc24-a391-41cf-b340-3e4529f44bde;kg
209988f6-edcc-326f-964e-fc7fdf755632;9dd49bd3-1d97-328e-90ed-65462d846ae1;1;Water, HR;emissions to water/unspecified;;Water, HR;Elementary flows/Emission to water/unspecified;;;;93a60a56-a3c8-22da-a746-0800200c9a66;Volume;;m3;1c3a9695-398d-4b1f-b07e-a8715b610f70;m3
b87ab1b1-3391-3093-ae87-53f68e49ed40;97435e8a-5ce8-3800-a895-31af4f7e25f7;1;Water, HU;emissions to air/unspecified;;Water, HU;Elementary flows/Emission to air/unspecified;;;;93a60a56-a3c8-11da-a746-0800200b9a66;Mass;;kg;20aadc24-a391-41cf-b340-3e4529f44bde;kg
0321944c-eb60-3348-b2d7-aa2427e4631a;4c5520ef-e627-34aa-adc2-e8b6ef69afcf;1;Water, HU;emissions to water/unspecified;;Water, HU;Elementary flows/Emission to water/unspecified;;;;93a60a56-a3c8-22da-a746-0800200c9a66;Volume;;m3;1c3a9695-398d-4b1f-b07e-a8715b610f70;m3
a85d6e30-d18d-337c-9d72-5c5ecc07c33f;fa8af060-e867-3551-a66b-c9d1b7394134;1;Water, ID;emissions to water/river;;Water, ID;Elementary flows/Emission to water/river;;;;93a60a56-a3c8-22da-a746-0800200c9a66;Volume;;m3;1c3a9695-398d-4b1f-b07e-a8715b610f70;m3
4244812d-209a-35e1-a05b-490986dd64fc;26950dc0-37cf-329c-af2f-08fbc0fc0988;1;Water, IE;emissions to air/unspecified;;Water, IE;Elementary flows/Emission to air/unspecified;;;;93a60a56-a3c8-11da-a746-0800200b9a66;Mass;;kg;20aadc24-a391-41cf-b340-3e4529f44bde;kg
b2d46a61-06ac-3969-a054-b0813baab146;66fb27c2-c0e3-3eb5-be52-06e5749edcba;1;Water, IE;emissions to water/unspecified;;Water, IE;Elementary flows/Emission to water/unspecified;;;;93a60a56-a3c8-22da-a746-0800200c9a66;Volume;;m3;1c3a9695-398d-4b1f-b07e-a8715b610f70;m3
bfb5d4f7-cd94-3477-8541-3a77e2e6c799;d80d764d-6a49-3688-b1fd-65e0b1501be4;1;Water, IL;emissions to air/unspecified;;Water, IL;Elementary flows/Emission to air/unspecified;;;;93a60a56-a3c8-11da-a746-0800200b9a66;Mass;;kg;20aadc24-a391-41cf-b340-3e4529f44bde;kg
bc3d1ef1-5a7d-39dc-bf6e-7f1bc6acc4f5;8346e0e9-d99a-3a47-a6db-d5aac8f2b117;1;Water, IL;emissions to water/unspecified;;Water, IL;Elementary flows/Emission to water/unspecified;;;;93a60a56-a3c8-22da-a746-0800200c9a66;Volume;;m3;1c3a9695-398d-4b1f-b07e-a8715b610f70;m3
81387cb0-e0b9-3a57-aa75-a5a9e07e97fc;4070d905-51b4-3731-9e5d-e51052c6f9df;1;Water, IN;emissions to air/unspecified;;Water, IN;Elementary flows/Emission to air/unspecified;;;;93a60a56-a3c8-11da-a746-0800200b9a66;Mass;;kg;20aadc24-a391-41cf-b340-3e4529f44bde;kg
cccbf2b8-4ca7-3087-8149-ede39ff6ec16;45014eb2-47ec-3ae2-9997-4dabede95ad4;1;Water, IN;emissions to water/river;;Water, IN;Elementary flows/Emission to water/river;;;;93a60a56-a3c8-22da-a746-0800200c9a66;Volume;;m3;1c3a9695-398d-4b1f-b07e-a8715b610f70;m3
4520ee95-ae63-351b-9ce9-5fcb0dc0a464;a3e87835-8723-3005-b2a3-4a5fe2da48ff;1;Water, IN;emissions to water/unspecified;;Water, IN;Elementary flows/Emission to water/unspecified;;;;93a60a56-a3c8-22da-a746-0800200c9a66;Volume;;m3;1c3a9695-398d-4b1f-b07e-a8715b610f70;m3
07d16e29-875d-3196-b9c4-70785ed09d8b;4d614890-4bb0-3497-b5b4-18da88c88779;1;Water, IQ;emissions to water/river;;Water, IQ;Elementary flows/Emission to water/river;;;;93a60a56-a3c8-22da-a746-0800200c9a66;Volume;;m3;1c3a9695-398d-4b1f-b07e-a8715b610f70;m3
00bcd313-7b27-3f56-9cc6-f614d04945bc;a92dcd1c-edb3-3817-9206-d26b48a8b1b5;1;Water, IR;emissions to water/river;;Water, IR;Elementary flows/Emission to water/river;;;;93a60a56-a3c8-22da-a746-0800200c9a66;Volume;;m3;1c3a9695-398d-4b1f-b07e-a8715b610f70;m3
661c9650-a530-3329-acd3-e585c3e17c28;30a13291-1788-3774-829d-e43fd4cdd3a6;1;Water, IS;emissions to air/unspecified;;Water, IS;Elementary flows/Emission to air/unspecified;;;;93a60a56-a3c8-11da-a746-0800200b9a66;Mass;;kg;20aadc24-a391-41cf-b340-3e4529f44bde;kg
d576f01f-64f6-30e0-9eb3-f9231ad08c23;5ba1bf90-fa3f-388b-b65b-7427c8fe6863;1;Water, IT;emissions to air/unspecified;;Water, IT;Elementary flows/Emission to air/unspecified;;;;93a60a56-a3c8-11da-a746-0800200b9a66;Mass;;kg;20aadc24-a391-41cf-b340-3e4529f44bde;kg
2f5544e2-1b65-33d6-b442-2b6f90800538;d022cb79-66cc-3668-bfd6-dc2549d6179b;1;Water, IT;emissions to water/river;;Water, IT;Elementary flows/Emission to water/river;;;;93a60a56-a3c8-22da-a746-0800200c9a66;Volume;;m3;1c3a9695-398d-4b1f-b07e-a8715b610f70;m3
c2084ec0-0674-3d0f-af9b-e0308acd256b;c8fb0d02-a3fa-37b5-a02b-58f78f5c88bb;1;Water, IT;emissions to water/unspecified;;Water, IT;Elementary flows/Emission to water/unspecified;;;;93a60a56-a3c8-22da-a746-0800200c9a66;Volume;;m3;1c3a9695-398d-4b1f-b07e-a8715b610f70;m3
edf485a3-5528-3ccd-9081-b060b610e229;dce9950a-7c40-363e-83c4-09f3a2230a28;1;Water, JP;emissions to air/unspecified;;Water, JP;Elementary flows/Emission to air/unspecified;;;;93a60a56-a3c8-11da-a746-0800200b9a66;Mass;;kg;20aadc24-a391-41cf-b340-3e4529f44bde;kg
ef4435ef-5aaa-319d-986c-8aa9bb2f8fc3;912287aa-778e-3d94-9687-669ea7119a28;1;Water, JP;emissions to water/river;;Water, JP;Elementary flows/Emission to water/river;;;;93a60a56-a3c8-22da-a746-0800200c9a66;Volume;;m3;1c3a9695-398d-4b1f-b07e-a8715b610f70;m3
f4173922-229f-35d9-b300-6a4500679717;5f0983e4-139f-3f15-851c-cc728f86e7d2;1;Water, JP;emissions to water/unspecified;;Water, JP;Elementary flows/Emission to water/unspecified;;;;93a60a56-a3c8-22da-a746-0800200c9a66;Volume;;m3;1c3a9695-398d-4b1f-b07e-a8715b610f70;m3
4b4b0f59-db85-3bcc-af39-36b354400b2d;bc2afa86-7d44-352e-8af7-b04f553eca32;1;Water, KE;emissions to air/unspecified;;Water, KE;Elementary flows/Emission to air/unspecified;;;;93a60a56-a3c8-11da-a746-0800200b9a66;Mass;;kg;20aadc24-a391-41cf-b340-3e4529f44bde;kg
ca1cf975-94fa-315e-b7fb-ee19388b1be0;fc29eb5e-0162-3f77-8838-b238d3b4cea2;1;Water, KR;emissions to air/unspecified;;Water, KR;Elementary flows/Emission to air/unspecified;;;;93a60a56-a3c8-11da-a746-0800200b9a66;Mass;;kg;20aadc24-a391-41cf-b340-3e4529f44bde;kg
cdefeddc-ec9f-3646-8210-834f756641c4;e18351d6-33ef-3a76-98bf-05f91e26e970;1;Water, KR;emissions to water/river;;Water, KR;Elementary flows/Emission to water/river;;;;93a60a56-a3c8-22da-a746-0800200c9a66;Volume;;m3;1c3a9695-398d-4b1f-b07e-a8715b610f70;m3
73be5c43-fc1d-3ce7-b99a-368304edc3e6;789b4e49-86bb-3685-bcce-a6a0c24f3bc7;1;Water, KR;emissions to water/unspecified;;Water, KR;Elementary flows/Emission to water/unspecified;;;;93a60a56-a3c8-22da-a746-0800200c9a66;Volume;;m3;1c3a9695-398d-4b1f-b07e-a8715b610f70;m3
b1c8aab1-2e9c-359f-bc88-b212e37a33e6;a12da2b6-e0a6-44c1-a3d3-3ec4ed9ff95b;1;Water, KW;emissions to water/river;;Water, KW;Elementary flows/Emission to water/river;;;;93a60a56-a3c8-22da-a746-0800200c9a66;Volume;;m3;1c3a9695-398d-4b1f-b07e-a8715b610f70;m3
355976f6-3cbd-389f-8c49-8f033f9bc101;37c624ea-4bfb-3ad5-a4d6-98bdb7a95698;1;Water, KZ;emissions to water/ocean;;Water, KZ;Elementary flows/Emission to water/ocean;;;;93a60a56-a3c8-22da-a746-0800200c9a66;Volume;;m3;1c3a9695-398d-4b1f-b07e-a8715b610f70;m3
403e4e8f-e724-31f5-bf1f-03c665f9d81b;221fe54c-7ba7-3637-9ea0-3f2f96c62773;1;Water, KZ;emissions to water/river;;Water, KZ;Elementary flows/Emission to water/river;;;;93a60a56-a3c8-22da-a746-0800200c9a66;Volume;;m3;1c3a9695-398d-4b1f-b07e-a8715b610f70;m3
0aaf3738-ce57-3911-9381-461e2cb6aabf;1acb026e-9de6-48fe-9e0d-be4d24125bbc;1;Water, lake;resources/in water;;Water, lake;Elementary flows/Resource/in water;;;;93a60a56-a3c8-22da-a746-0800200c9a66;Volume;;m3;1c3a9695-398d-4b1f-b07e-a8715b610f70;m3
4d22d7aa-4ef3-3a72-a979-9bc2953ca453;169587c8-2222-3417-bcd2-7c59d34f654d;1;Water, lake, RER;resources/in water;;Water, lake, RER;Elementary flows/Resource/in water;;;;93a60a56-a3c8-22da-a746-0800200c9a66;Volume;;m3;1c3a9695-398d-4b1f-b07e-a8715b610f70;m3
56c413ff-46ce-30fa-93b2-6f137e5eea81;1ce7e7a9-ce00-3302-973f-ebc45723bb70;1;Water, LU;emissions to air/unspecified;;Water, LU;Elementary flows/Emission to air/unspecified;;;;93a60a56-a3c8-11da-a746-0800200b9a66;Mass;;kg;20aadc24-a391-41cf-b340-3e4529f44bde;kg
92281ef7-dcb5-3ec4-9103-4fa1204fb354;e2c8763f-7e01-32a1-bad4-ffdc66c798af;1;Water, LU;emissions to water/unspecified;;Water, LU;Elementary flows/Emission to water/unspecified;;;;93a60a56-a3c8-22da-a746-0800200c9a66;Volume;;m3;1c3a9695-398d-4b1f-b07e-a8715b610f70;m3
287c921f-5553-3621-9937-6d5dfec12002;885bfbd5-0ba8-462a-8cb2-6fad41ae57ee;1;Water, LY;emissions to water/river;;Water, LY;Elementary flows/Emission to water/river;;;;93a60a56-a3c8-22da-a746-0800200c9a66;Volume;;m3;1c3a9695-398d-4b1f-b07e-a8715b610f70;m3
e14e804f-4f25-327e-a1d4-ecf7c8ba7d19;a433ca89-0cb1-359d-9fcd-affbd98935b5;1;Water, MA;emissions to water/unspecified;;Water, MA;Elementary flows/Emission to water/unspecified;;;;93a60a56-a3c8-22da-a746-0800200c9a66;Volume;;m3;1c3a9695-398d-4b1f-b07e-a8715b610f70;m3
438d19c2-e583-3d33-af45-39953235d04c;ae55e3ba-d47c-3b7c-9958-ad42c9302bae;1;Water, MK;emissions to air/unspecified;;Water, MK;Elementary flows/Emission to air/unspecified;;;;93a60a56-a3c8-11da-a746-0800200b9a66;Mass;;kg;20aadc24-a391-41cf-b340-3e4529f44bde;kg
74dd11e8-d011-35ec-bf96-1b08928e68a8;c1d9a38e-56dd-3f7d-a577-a79c692616a8;1;Water, MK;emissions to water/unspecified;;Water, MK;Elementary flows/Emission to water/unspecified;;;;93a60a56-a3c8-22da-a746-0800200c9a66;Volume;;m3;1c3a9695-398d-4b1f-b07e-a8715b610f70;m3
f453726d-61bc-3bd6-a53e-82b0fd73066f;bfa5d0c0-374a-34eb-88f4-0b514aff3282;1;Water, MX;emissions to air/unspecified;;Water, MX;Elementary flows/Emission to air/unspecified;;;;93a60a56-a3c8-11da-a746-0800200b9a66;Mass;;kg;20aadc24-a391-41cf-b340-3e4529f44bde;kg
9af2adf5-0aad-38be-9efa-13b1865c43a0;1f9d400c-9ccd-3124-9d34-791802234755;1;Water, MX;emissions to water/ocean;;Water, MX;Elementary flows/Emission to water/ocean;;;;93a60a56-a3c8-22da-a746-0800200c9a66;Volume;;m3;1c3a9695-398d-4b1f-b07e-a8715b610f70;m3
382f23dc-d091-3807-b88c-1b9648ce4202;84585060-248e-3f7a-9ce6-6d18127aa538;1;Water, MX;emissions to water/river;;Water, MX;Elementary flows/Emission to water/river;;;;93a60a56-a3c8-22da-a746-0800200c9a66;Volume;;m3;1c3a9695-398d-4b1f-b07e-a8715b610f70;m3
05badfd3-e68d-31e0-b9dd-b9580f03d177;f7615642-73fd-3774-839f-d23c91b9e8bb;1;Water, MX;emissions to water/unspecified;;Water, MX;Elementary flows/Emission to water/unspecified;;;;93a60a56-a3c8-22da-a746-0800200c9a66;Volume;;m3;1c3a9695-398d-4b1f-b07e-a8715b610f70;m3
519ccc45-74d6-3e9a-9771-aae810798c63;31196fb3-1549-38bd-bc9b-0271178d4467;1;Water, MY;emissions to air/unspecified;;Water, MY;Elementary flows/Emission to air/unspecified;;;;93a60a56-a3c8-11da-a746-0800200b9a66;Mass;;kg;20aadc24-a391-41cf-b340-3e4529f44bde;kg
f8f75a43-ded5-3c50-947e-15957ba348af;9fc1c6be-a23e-302a-84ba-723ffadb5e53;1;Water, MY;emissions to water/river;;Water, MY;Elementary flows/Emission to water/river;;;;93a60a56-a3c8-22da-a746-0800200c9a66;Volume;;m3;1c3a9695-398d-4b1f-b07e-a8715b610f70;m3
f1237480-75f6-33e9-8380-285dd5963128;9048d9b8-3e23-341c-8309-66e2bab1a3b8;1;Water, MY;emissions to water/unspecified;;Water, MY;Elementary flows/Emission to water/unspecified;;;;93a60a56-a3c8-22da-a746-0800200c9a66;Volume;;m3;1c3a9695-398d-4b1f-b07e-a8715b610f70;m3
b26d1695-44f6-34b1-b2df-24c3c8c74a01;de0577a9-dfe7-3c69-97cf-86f9bc691e13;1;Water, MZ;emissions to air/unspecified;;Water, MZ;Elementary flows/Emission to air/unspecified;;;;93a60a56-a3c8-11da-a746-0800200b9a66;Mass;;kg;20aadc24-a391-41cf-b340-3e4529f44bde;kg
b8368e6f-d680-3cf9-9c96-5fea56b313f5;3666b96f-e960-3339-b7f0-7bc8cfd73579;1;Water, NG;emissions to water/river;;Water, NG;Elementary flows/Emission to water/river;;;;93a60a56-a3c8-22da-a746-0800200c9a66;Volume;;m3;1c3a9695-398d-4b1f-b07e-a8715b610f70;m3
b5cf7b26-76e3-3da9-8b8c-1f2b0f80c890;0efc358d-6450-378f-99e8-f67904d41256;1;Water, NL;emissions to air/unspecified;;Water, NL;Elementary flows/Emission to air/unspecified;;;;93a60a56-a3c8-11da-a746-0800200b9a66;Mass;;kg;20aadc24-a391-41cf-b340-3e4529f44bde;kg
8f17868f-3ea3-3767-bc34-a43b6707b30b;29a9e447-e1f0-3256-8908-7e0de7d33ff4;1;Water, NL;emissions to water/river;;Water, NL;Elementary flows/Emission to water/river;;;;93a60a56-a3c8-22da-a746-0800200c9a66;Volume;;m3;1c3a9695-398d-4b1f-b07e-a8715b610f70;m3
7c3a548f-62b3-392d-ae54-4d4729183be1;9ea5d1a0-b6d3-361e-9622-b43e6867a719;1;Water, NL;emissions to water/unspecified;;Water, NL;Elementary flows/Emission to water/unspecified;;;;93a60a56-a3c8-22da-a746-0800200c9a66;Volume;;m3;1c3a9695-398d-4b1f-b07e-a8715b610f70;m3
f9eb0971-d7a7-3f44-b817-3bbc81cb0248;2d7c74f8-7351-3162-bf20-38cd98e57f7f;1;Water, NO;emissions to air/unspecified;;Water, NO;Elementary flows/Emission to air/unspecified;;;;93a60a56-a3c8-11da-a746-0800200b9a66;Mass;;kg;20aadc24-a391-41cf-b340-3e4529f44bde;kg
32509499-3c0c-3acc-b81d-567bb01850e9;f497d22d-52e9-3628-a937-9eb602f1935b;1;Water, NO;emissions to water/fossilwater;;Water, NO;Elementary flows/Emission to water/fossil-;;;;93a60a56-a3c8-22da-a746-0800200c9a66;Volume;;m3;1c3a9695-398d-4b1f-b07e-a8715b610f70;m3
206b69c2-c7c6-38b0-b541-5766668b2ecf;2608b77e-7414-3cd6-aa9e-b864f110ad4a;1;Water, NO;emissions to water/ocean;;Water, NO;Elementary flows/Emission to water/ocean;;;;93a60a56-a3c8-22da-a746-0800200c9a66;Volume;;m3;1c3a9695-398d-4b1f-b07e-a8715b610f70;m3
b6aecf83-d2d6-3dcd-b60e-d9af4ed0a89b;ccf07a8c-dc0f-331e-9926-a22e1473a872;1;Water, NO;emissions to water/river;;Water, NO;Elementary flows/Emission to water/river;;;;93a60a56-a3c8-22da-a746-0800200c9a66;Volume;;m3;1c3a9695-398d-4b1f-b07e-a8715b610f70;m3
f4ad4eae-dc86-3214-9413-4ae5532325c7;c7c142c6-6b81-32cd-865c-b75e2b692b51;1;Water, NO;emissions to water/unspecified;;Water, NO;Elementary flows/Emission to water/unspecified;;;;93a60a56-a3c8-22da-a746-0800200c9a66;Volume;;m3;1c3a9695-398d-4b1f-b07e-a8715b610f70;m3
613366e2-f8d5-371d-b74d-2614ec2ee67e;58fa4e22-3803-30c5-880f-e08a1f96aeeb;1;Water, NZ;emissions to air/unspecified;;Water, NZ;Elementary flows/Emission to air/unspecified;;;;93a60a56-a3c8-11da-a746-0800200b9a66;Mass;;kg;20aadc24-a391-41cf-b340-3e4529f44bde;kg
bc014b29-7d1b-387c-89a6-7f274285e03d;8891ed74-b2ee-3687-b496-163193629141;1;Water, NZ;emissions to water/unspecified;;Water, NZ;Elementary flows/Emission to water/unspecified;;;;93a60a56-a3c8-22da-a746-0800200c9a66;Volume;;m3;1c3a9695-398d-4b1f-b07e-a8715b610f70;m3
5c5a52f8-7b5f-3f14-b757-243e2041bd61;74fc15d0-0edc-3ff6-8532-f484bf7ac361;1;Water, OECD;emissions to air/unspecified;;Water, OECD;Elementary flows/Emission to air/unspecified;;;;93a60a56-a3c8-11da-a746-0800200b9a66;Mass;;kg;20aadc24-a391-41cf-b340-3e4529f44bde;kg
6b061535-634f-3e5c-96ab-636e7ed30078;7927d774-dabd-4efc-9af7-46a99f5798ba;1;Water, OM;emissions to water/river;;Water, OM;Elementary flows/Emission to water/river;;;;93a60a56-a3c8-22da-a746-0800200c9a66;Volume;;m3;1c3a9695-398d-4b1f-b07e-a8715b610f70;m3
e6a171a9-1842-390a-afb8-6620c6b5a9d0;8c16dbe2-58e9-3833-ac81-d9b8cede66f1;1;Water, PE;emissions to air/unspecified;;Water, PE;Elementary flows/Emission to air/unspecified;;;;93a60a56-a3c8-11da-a746-0800200b9a66;Mass;;kg;20aadc24-a391-41cf-b340-3e4529f44bde;kg
6d62c75e-b985-34fe-8d22-d58b726baf46;36d184e4-a801-3abc-b6b1-654376ffc044;1;Water, PE;emissions to water/river;;Water, PE;Elementary flows/Emission to water/river;;;;93a60a56-a3c8-22da-a746-0800200c9a66;Volume;;m3;1c3a9695-398d-4b1f-b07e-a8715b610f70;m3
912127e9-3699-351c-b4a4-5a5bcf8ba435;8f7584d7-01cf-3b06-a2fb-025aef6152d7;1;Water, PE;emissions to water/unspecified;;Water, PE;Elementary flows/Emission to water/unspecified;;;;93a60a56-a3c8-22da-a746-0800200c9a66;Volume;;m3;1c3a9695-398d-4b1f-b07e-a8715b610f70;m3
cb2697ff-9d3c-37b1-bcc1-3a587e544381;d3cf558d-1520-3ce6-8d61-17a0687d9005;1;Water, PL;emissions to air/unspecified;;Water, PL;Elementary flows/Emission to air/unspecified;;;;93a60a56-a3c8-11da-a746-0800200b9a66;Mass;;kg;20aadc24-a391-41cf-b340-3e4529f44bde;kg
f50f6c6a-38f5-31f5-9f35-fea98ceb853d;bb5889a6-7fcb-3364-870e-4e3155fad25e;1;Water, PL;emissions to water/river;;Water, PL;Elementary flows/Emission to water/river;;;;93a60a56-a3c8-22da-a746-0800200c9a66;Volume;;m3;1c3a9695-398d-4b1f-b07e-a8715b610f70;m3
93a786d4-977a-30be-b9e2-8041c4d97b82;a6f7af6d-5d03-37c3-92c1-3c7ec700b2e8;1;Water, PL;emissions to water/unspecified;;Water, PL;Elementary flows/Emission to water/unspecified;;;;93a60a56-a3c8-22da-a746-0800200c9a66;Volume;;m3;1c3a9695-398d-4b1f-b07e-a8715b610f70;m3
86d45f07-68be-3922-86cf-8ce293d88b03;a5e216e9-1b15-3a08-ae24-8f8ad8e44f29;1;Water, process, surface;resources/in water;;Water, process, surface;Elementary flows/Resource/in water;;;;93a60a56-a3c8-11da-a746-0800200b9a66;Mass;;kg;20aadc24-a391-41cf-b340-3e4529f44bde;kg
8a0169b0-2e3b-3e6a-8e13-3c8c6ec8741b;d2fc8c70-6510-3f1f-933a-39f3a263c609;1;Water, process, unspecified natural origin/kg;resources/in ground;;Water, process, unspecified natural origin/kg;Elementary flows/Resource/unspecified;;;;93a60a56-a3c8-11da-a746-0800200b9a66;Mass;;kg;20aadc24-a391-41cf-b340-3e4529f44bde;kg
ecc3e21f-0ff0-3ccc-a927-9de956d70bcf;e4521dfd-1897-3ab4-a281-b8de776efeb4;1;Water, process, unspecified natural origin/kg;resources/land;;Water, process, unspecified natural origin/kg;Elementary flows/Resource/land;;;;93a60a56-a3c8-11da-a746-0800200b9a66;Mass;;kg;20aadc24-a391-41cf-b340-3e4529f44bde;kg
4db353e6-31c6-38cc-abcd-3f534e8ddedb;d2fc8c70-6510-3f1f-933a-39f3a263c609;1;Water, process, unspecified natural origin/kg;resources/unspecified;;Water, process, unspecified natural origin/kg;Elementary flows/Resource/unspecified;;;;93a60a56-a3c8-11da-a746-0800200b9a66;Mass;;kg;20aadc24-a391-41cf-b340-3e4529f44bde;kg
b325afd0-faf3-3169-820f-63ddc909bff6;68ee3cd2-e897-3388-b259-38ece38752f2;1;Water, process, unspecified natural origin/m3;resources/in water;;Water, process, unspecified natural origin/m3;Elementary flows/Resource/in water;;;;93a60a56-a3c8-22da-a746-0800200c9a66;Volume;;m3;1c3a9695-398d-4b1f-b07e-a8715b610f70;m3
f7d941d7-69b3-3f8b-9029-10a2710aff58;f8b55757-7bc1-38e6-b663-6053878c7ebb;1;Water, process, unspecified natural origin/m3;resources/land;;Water, process, unspecified natural origin/m3;Elementary flows/Resource/land;;;;93a60a56-a3c8-22da-a746-0800200c9a66;Volume;;m3;1c3a9695-398d-4b1f-b07e-a8715b610f70;m3
f3b0ac5b-0427-3ecc-8e4c-d45fa85c0239;28182006-69ba-388d-9289-00d649518c9d;1;Water, process, unspecified natural origin/m3;resources/unspecified;;Water, process, unspecified natural origin/m3;Elementary flows/Resource/unspecified;;;;93a60a56-a3c8-22da-a746-0800200c9a66;Volume;;m3;1c3a9695-398d-4b1f-b07e-a8715b610f70;m3
0ff2e074-0cea-3076-a862-0309e92f8da4;cb70e681-7ff8-3f19-971d-cbea5477b81a;1;Water, PT;emissions to air/unspecified;;Water, PT;Elementary flows/Emission to air/unspecified;;;;93a60a56-a3c8-11da-a746-0800200b9a66;Mass;;kg;20aadc24-a391-41cf-b340-3e4529f44bde;kg
433e0e22-9165-31ba-976f-bee4163d022a;9669feea-cb71-3a08-a3d3-211dbf3e8dca;1;Water, PT;emissions to water/unspecified;;Water, PT;Elementary flows/Emission to water/unspecified;;;;93a60a56-a3c8-22da-a746-0800200c9a66;Volume;;m3;1c3a9695-398d-4b1f-b07e-a8715b610f70;m3
a6bb0fc5-b527-3714-ad16-79485a282f6b;23a36d5e-3b22-4073-be57-4c17fed8aadb;1;Water, QA;emissions to water/river;;Water, QA;Elementary flows/Emission to water/river;;;;93a60a56-a3c8-22da-a746-0800200c9a66;Volume;;m3;1c3a9695-398d-4b1f-b07e-a8715b610f70;m3
584c5194-1b15-348a-b3d5-bb622e2fe1bd;4a4dde5d-4a15-3e30-a0a7-0b805fbcc355;1;Water, RAF;emissions to water/river;;Water, RAF;Elementary flows/Emission to water/river;;;;93a60a56-a3c8-22da-a746-0800200c9a66;Volume;;m3;1c3a9695-398d-4b1f-b07e-a8715b610f70;m3
8ba86635-8a75-3be1-b7a7-663fc742b1aa;1de7b6d8-2b99-3cd8-8d98-452a5b952df0;1;Water, RER;emissions to air/unspecified;;Water, RER;Elementary flows/Emission to air/unspecified;;;;93a60a56-a3c8-11da-a746-0800200b9a66;Mass;;kg;20aadc24-a391-41cf-b340-3e4529f44bde;kg
8d683520-07a8-3ce5-af02-a15f167f2cbf;4f07dade-dcfe-384a-b666-513d575b8c9d;1;Water, RER;emissions to water/river;;Water, RER;Elementary flows/Emission to water/river;;;;93a60a56-a3c8-22da-a746-0800200c9a66;Volume;;m3;1c3a9695-398d-4b1f-b07e-a8715b610f70;m3
bd9dfb46-1a45-3ada-900b-64f1f6adc9b2;38d0827f-25eb-311d-bd7f-9dcf17401b5c;1;Water, RER;emissions to water/unspecified;;Water, RER;Elementary flows/Emission to water/unspecified;;;;93a60a56-a3c8-22da-a746-0800200c9a66;Volume;;m3;1c3a9695-398d-4b1f-b07e-a8715b610f70;m3
2593058d-e5a9-37ea-b4a4-ae687fb56a53;8c75e7ab-8ab8-41e4-b394-c166ff5b050d;1;Water, river;resources/in water;;Water, river;Elementary flows/Resource/in water;;;;93a60a56-a3c8-22da-a746-0800200c9a66;Volume;;m3;1c3a9695-398d-4b1f-b07e-a8715b610f70;m3
294899cb-cf32-3a6d-b41a-450851da490f;32d682ee-7d91-3449-8454-7367d83d5e73;1;Water, river, CH;resources/in water;;Water, river, CH;Elementary flows/Resource/in water;;;;93a60a56-a3c8-22da-a746-0800200c9a66;Volume;;m3;1c3a9695-398d-4b1f-b07e-a8715b610f70;m3
8c6d69a7-b477-3dff-8c2f-de1a99534faf;d54fc3cc-531e-3b33-8ed2-3753cb61fcab;1;Water, river, KE;resources/in water;;Water, river, KE;Elementary flows/Resource/in water;;;;93a60a56-a3c8-22da-a746-0800200c9a66;Volume;;m3;1c3a9695-398d-4b1f-b07e-a8715b610f70;m3
010ffd71-0013-32b2-8e1c-9b3bec1b15ba;97e0b4de-c073-3058-9255-ca02259635a9;1;Water, river, RER;resources/in water;;Water, river, RER;Elementary flows/Resource/in water;;;;93a60a56-a3c8-22da-a746-0800200c9a66;Volume;;m3;1c3a9695-398d-4b1f-b07e-a8715b610f70;m3
dac21c06-3c65-3108-8a0f-227ed718da6a;3b3a4648-20e6-3efb-adae-ddc7cfaf3c8b;1;Water, RO;emissions to water/river;;Water, RO;Elementary flows/Emission to water/river;;;;93a60a56-a3c8-22da-a746-0800200c9a66;Volume;;m3;1c3a9695-398d-4b1f-b07e-a8715b610f70;m3
bca8c311-41f3-397c-89ff-187c237b782e;5367db06-dd69-3ffe-a460-e1ce97c038a8;1;Water, RS;emissions to water/unspecified;;Water, RS;Elementary flows/Emission to water/unspecified;;;;93a60a56-a3c8-22da-a746-0800200c9a66;Volume;;m3;1c3a9695-398d-4b1f-b07e-a8715b610f70;m3
97ba971d-4a33-34e1-acfc-64d62799452b;ef2a702c-d4d0-358b-8e02-2ad2b7f57899;1;Water, RU;emissions to water/river;;Water, RU;Elementary flows/Emission to water/river;;;;93a60a56-a3c8-22da-a746-0800200c9a66;Volume;;m3;1c3a9695-398d-4b1f-b07e-a8715b610f70;m3
19af7a59-870a-33d4-8064-3debe4e23455;731adefc-57d1-301d-b4a1-d6bba3cd85f9;1;Water, RU;emissions to water/unspecified;;Water, RU;Elementary flows/Emission to water/unspecified;;;;93a60a56-a3c8-22da-a746-0800200c9a66;Volume;;m3;1c3a9695-398d-4b1f-b07e-a8715b610f70;m3
eb6ffc60-8fb2-3cc0-97ff-5215271371fa;c0bd47bf-a46a-31aa-8808-1eb532fe0e57;1;Water, SA;emissions to water/ocean;;Water, SA;Elementary flows/Emission to water/ocean;;;;93a60a56-a3c8-22da-a746-0800200c9a66;Volume;;m3;1c3a9695-398d-4b1f-b07e-a8715b610f70;m3
0a56ab8d-b46d-3319-8f89-bc115a2c66b7;bab258ce-9c52-3aec-9199-5c82f9fe13d2;1;Water, SA;emissions to water/river;;Water, SA;Elementary flows/Emission to water/river;;;;93a60a56-a3c8-22da-a746-0800200c9a66;Volume;;m3;1c3a9695-398d-4b1f-b07e-a8715b610f70;m3
5cb13fbd-94e6-3f18-a6eb-6226c535f667;629ffbca-ca71-4e4b-a006-ca9bdd9cd1df;1;Water, salt, ocean;resources/in water;;Water, salt, ocean;Elementary flows/Resource/in water;;;;93a60a56-a3c8-22da-a746-0800200c9a66;Volume;;m3;1c3a9695-398d-4b1f-b07e-a8715b610f70;m3
a71419cc-433b-3567-a8df-e667bc0a489e;79238018-8ec1-4615-9469-2b0df95a43c3;1;Water, salt, sole;resources/in water;;Water, salt, sole;Elementary flows/Resource/in water;;;;93a60a56-a3c8-22da-a746-0800200c9a66;Volume;;m3;1c3a9695-398d-4b1f-b07e-a8715b610f70;m3
e623e098-e7f4-3a08-a614-c066d18ea0d6;fb2ba34f-6fa6-33c5-8a06-7f6832e28dbd;1;Water, SE;emissions to air/unspecified;;Water, SE;Elementary flows/Emission to air/unspecified;;;;93a60a56-a3c8-11da-a746-0800200b9a66;Mass;;kg;20aadc24-a391-41cf-b340-3e4529f44bde;kg
0915e771-136a-3820-a030-5f81dfbccffa;b5bfee87-231c-3f88-b3e9-71b2464eeaf3;1;Water, SE;emissions to water/unspecified;;Water, SE;Elementary flows/Emission to water/unspecified;;;;93a60a56-a3c8-22da-a746-0800200c9a66;Volume;;m3;1c3a9695-398d-4b1f-b07e-a8715b610f70;m3
9fe27a79-b5cf-379b-b3d6-3e771632439b;e1719985-12b1-3983-8b2b-4a76a7d7e71e;1;Water, SI;emissions to air/unspecified;;Water, SI;Elementary flows/Emission to air/unspecified;;;;93a60a56-a3c8-11da-a746-0800200b9a66;Mass;;kg;20aadc24-a391-41cf-b340-3e4529f44bde;kg
22650e81-2222-3f56-88c8-0bf5cbbcbb84;3f70213d-e4da-3a9b-b72f-c4629adcdc0a;1;Water, SI;emissions to water/unspecified;;Water, SI;Elementary flows/Emission to water/unspecified;;;;93a60a56-a3c8-22da-a746-0800200c9a66;Volume;;m3;1c3a9695-398d-4b1f-b07e-a8715b610f70;m3
12ec787b-832a-3b7d-b413-8075a871d0f5;484d948e-3c82-3806-9b10-75e0250b8cd7;1;Water, SK;emissions to air/unspecified;;Water, SK;Elementary flows/Emission to air/unspecified;;;;93a60a56-a3c8-11da-a746-0800200b9a66;Mass;;kg;20aadc24-a391-41cf-b340-3e4529f44bde;kg
8ed4c671-8e57-3164-a33e-9166f60ed545;535ba600-7f6f-30af-a126-8870314f8ad3;1;Water, SK;emissions to water/unspecified;;Water, SK;Elementary flows/Emission to water/unspecified;;;;93a60a56-a3c8-22da-a746-0800200c9a66;Volume;;m3;1c3a9695-398d-4b1f-b07e-a8715b610f70;m3
c23a86fc-d523-3520-b7cc-3d3f0f36c31a;6fbd3c82-de27-3743-87ae-35df6dd76a15;1;Water, TH;emissions to air/unspecified;;Water, TH;Elementary flows/Emission to air/unspecified;;;;93a60a56-a3c8-11da-a746-0800200b9a66;Mass;;kg;20aadc24-a391-41cf-b340-3e4529f44bde;kg
bf1161c7-5796-393c-8f64-183a88271a47;81ebeb84-a071-3043-9456-c18f4d143f8a;1;Water, TH;emissions to water/river;;Water, TH;Elementary flows/Emission to water/river;;;;93a60a56-a3c8-22da-a746-0800200c9a66;Volume;;m3;1c3a9695-398d-4b1f-b07e-a8715b610f70;m3
477d604e-cc09-3b7e-a2ff-bd7fa6f28e00;c302a479-f891-39b1-acc1-785af3498ed1;1;Water, TH;emissions to water/unspecified;;Water, TH;Elementary flows/Emission to water/unspecified;;;;93a60a56-a3c8-22da-a746-0800200c9a66;Volume;;m3;1c3a9695-398d-4b1f-b07e-a8715b610f70;m3
f1ad6a4d-e2e4-3537-8ef0-2826e88adbec;9ed29dbf-d484-32bf-b7eb-95857206130e;1;Water, TM;emissions to water/river;;Water, TM;Elementary flows/Emission to water/river;;;;93a60a56-a3c8-22da-a746-0800200c9a66;Volume;;m3;1c3a9695-398d-4b1f-b07e-a8715b610f70;m3
cf70058e-d0bd-3872-b103-bacefcf66aec;07cc7464-738b-378f-a832-7a50a0bf9963;1;Water, TR;emissions to air/unspecified;;Water, TR;Elementary flows/Emission to air/unspecified;;;;93a60a56-a3c8-11da-a746-0800200b9a66;Mass;;kg;20aadc24-a391-41cf-b340-3e4529f44bde;kg
f8b13a11-9e39-30e2-8377-ca3ea2861054;d3a49ec3-8e90-39d2-9f60-997df10d1343;1;Water, TR;emissions to water/river;;Water, TR;Elementary flows/Emission to water/river;;;;93a60a56-a3c8-22da-a746-0800200c9a66;Volume;;m3;1c3a9695-398d-4b1f-b07e-a8715b610f70;m3
b51f93e8-25ac-3bd8-83c3-6f0b259fff86;b5963477-68d7-39b7-b3c4-8848ef7b3f26;1;Water, TR;emissions to water/unspecified;;Water, TR;Elementary flows/Emission to water/unspecified;;;;93a60a56-a3c8-22da-a746-0800200c9a66;Volume;;m3;1c3a9695-398d-4b1f-b07e-a8715b610f70;m3
3eb87145-68e6-3303-b985-e8c2d55c8988;b26f5901-3ca5-4be5-8113-c60d01c1cc18;1;Water, TT;emissions to water/river;;Water, TT;Elementary flows/Emission to water/river;;;;93a60a56-a3c8-22da-a746-0800200c9a66;Volume;;m3;1c3a9695-398d-4b1f-b07e-a8715b610f70;m3
9548eba9-f2c0-3add-bd4c-28c30a1d524a;8c1494a5-4987-4715-aa2d-1908c495f4eb;1;Water, turbine use, unspecified natural origin;resources/in water;;Water, turbine use, unspecified natural origin;Elementary flows/Resource/in water;;;;93a60a56-a3c8-22da-a746-0800200c9a66;Volume;;m3;1c3a9695-398d-4b1f-b07e-a8715b610f70;m3
91c569ce-a3c0-3f5b-b0e0-f3802a3bae14;50f5efe0-a095-3ea3-aea8-c9f04ed0d9df;1;Water, TW;emissions to water/river;;Water, TW;Elementary flows/Emission to water/river;;;;93a60a56-a3c8-22da-a746-0800200c9a66;Volume;;m3;1c3a9695-398d-4b1f-b07e-a8715b610f70;m3
729ffcbe-2726-38d5-a83b-03f657fb85e2;97662438-0550-3e7d-a2c7-4a13ffa17932;1;Water, UA;emissions to water/river;;Water, UA;Elementary flows/Emission to water/river;;;;93a60a56-a3c8-22da-a746-0800200c9a66;Volume;;m3;1c3a9695-398d-4b1f-b07e-a8715b610f70;m3
9200b3fd-c445-3d95-adb6-2297e06a657d;689ee1ff-75ef-3833-8b99-344e60af99f1;1;Water, UA;emissions to water/unspecified;;Water, UA;Elementary flows/Emission to water/unspecified;;;;93a60a56-a3c8-22da-a746-0800200c9a66;Volume;;m3;1c3a9695-398d-4b1f-b07e-a8715b610f70;m3
2d322bef-279b-3fbc-8f7f-044d4654fa68;1baf1a48-b8c8-41eb-ab63-8ca4eff57466;1;Water, unspecified natural origin, AE;resources/in water;;Water, unspecified natural origin, AE;Elementary flows/Resource/in water;;;;93a60a56-a3c8-22da-a746-0800200c9a66;Volume;;m3;1c3a9695-398d-4b1f-b07e-a8715b610f70;m3
6313880d-13f3-34a8-9c6e-1ec65067ff52;fc5a32f2-49fe-301b-8b83-0cf215b5df36;1;Water, unspecified natural origin, AO;resources/in water;;Water, unspecified natural origin, AO;Elementary flows/Resource/in water;;;;93a60a56-a3c8-22da-a746-0800200c9a66;Volume;;m3;1c3a9695-398d-4b1f-b07e-a8715b610f70;m3
01599a3d-2a9d-35dc-b380-497f1354e20c;7034e47d-1177-373f-9d7b-3077d9ad8a70;1;Water, unspecified natural origin, AR;resources/in water;;Water, unspecified natural origin, AR;Elementary flows/Resource/in water;;;;93a60a56-a3c8-22da-a746-0800200c9a66;Volume;;m3;1c3a9695-398d-4b1f-b07e-a8715b610f70;m3
497425b1-71cb-3f5d-8498-48525722349a;2209c8ab-e9e5-3d80-91df-2ab294dace23;1;Water, unspecified natural origin, AT;resources/in water;;Water, unspecified natural origin, AT;Elementary flows/Resource/in water;;;;93a60a56-a3c8-22da-a746-0800200c9a66;Volume;;m3;1c3a9695-398d-4b1f-b07e-a8715b610f70;m3
59f869f2-474f-3949-9663-89bc84ef1e3e;f89ef148-c13f-36a1-ac83-e4c049a15e63;1;Water, unspecified natural origin, AU;resources/in water;;Water, unspecified natural origin, AU;Elementary flows/Resource/in water;;;;93a60a56-a3c8-22da-a746-0800200c9a66;Volume;;m3;1c3a9695-398d-4b1f-b07e-a8715b610f70;m3
ef50cc2d-f3b3-3480-bf11-ec67ad12034f;ef107e3a-d7e5-3e7a-b87d-36f38d602918;1;Water, unspecified natural origin, AZ;resources/in water;;Water, unspecified natural origin, AZ;Elementary flows/Resource/in water;;;;93a60a56-a3c8-22da-a746-0800200c9a66;Volume;;m3;1c3a9695-398d-4b1f-b07e-a8715b610f70;m3
b700e88c-94ec-3bd2-b0c5-357114919f4d;6667b772-85e3-3d96-8dbb-827c71dd8462;1;Water, unspecified natural origin, BA;resources/in water;;Water, unspecified natural origin, BA;Elementary flows/Resource/in water;;;;93a60a56-a3c8-22da-a746-0800200c9a66;Volume;;m3;1c3a9695-398d-4b1f-b07e-a8715b610f70;m3
bc8494bb-dbcc-3108-aa98-2ec17a76136b;e2142b9a-dcaa-3d50-bae4-a1a5193d1f91;1;Water, unspecified natural origin, BE;resources/in water;;Water, unspecified natural origin, BE;Elementary flows/Resource/in water;;;;93a60a56-a3c8-22da-a746-0800200c9a66;Volume;;m3;1c3a9695-398d-4b1f-b07e-a8715b610f70;m3
1ef81544-7d34-3c64-aa47-6f15acfff322;1caba475-0e1c-39d2-b16b-ee50a719348b;1;Water, unspecified natural origin, BO;resources/in water;;Water, unspecified natural origin, BO;Elementary flows/Resource/in water;;;;93a60a56-a3c8-22da-a746-0800200c9a66;Volume;;m3;1c3a9695-398d-4b1f-b07e-a8715b610f70;m3
a6303d25-1e68-38c8-9520-5fa4b91fbe15;ab92ef07-03ba-3f2c-8568-0805e78fad4d;1;Water, unspecified natural origin, BR;resources/in water;;Water, unspecified natural origin, BR;Elementary flows/Resource/in water;;;;93a60a56-a3c8-22da-a746-0800200c9a66;Volume;;m3;1c3a9695-398d-4b1f-b07e-a8715b610f70;m3
cf267caf-f566-3931-86cc-59059fbafd1a;c645d610-57c4-3c59-8db6-af117b18fed7;1;Water, unspecified natural origin, CA;resources/in water;;Water, unspecified natural origin, CA;Elementary flows/Resource/in water;;;;93a60a56-a3c8-22da-a746-0800200c9a66;Volume;;m3;1c3a9695-398d-4b1f-b07e-a8715b610f70;m3
95307c13-a999-3dcf-a4f4-b7f49d2c9e9d;d512585c-a3ff-3bd4-8854-3d23c14926c0;1;Water, unspecified natural origin, CH;resources/in water;;Water, unspecified natural origin, CH;Elementary flows/Resource/in water;;;;93a60a56-a3c8-22da-a746-0800200c9a66;Volume;;m3;1c3a9695-398d-4b1f-b07e-a8715b610f70;m3
3df06c42-5536-3cd2-8cd6-ce8f4286d7f4;b1ce6081-bd7a-3a6b-93ac-db263d62a141;1;Water, unspecified natural origin, CL;resources/in water;;Water, unspecified natural origin, CL;Elementary flows/Resource/in water;;;;93a60a56-a3c8-22da-a746-0800200c9a66;Volume;;m3;1c3a9695-398d-4b1f-b07e-a8715b610f70;m3
9d644781-8032-3b64-8698-7ee8ab25ebfe;5ca3e436-116b-3403-9ef7-0a57982082e9;1;Water, unspecified natural origin, CM;resources/in water;;Water, unspecified natural origin, CM;Elementary flows/Resource/in water;;;;93a60a56-a3c8-22da-a746-0800200c9a66;Volume;;m3;1c3a9695-398d-4b1f-b07e-a8715b610f70;m3
b51908f6-96f2-3eb6-8450-9caad3914ccc;be16cf07-da08-3ff5-856d-0e1f2aa3e806;1;Water, unspecified natural origin, CN;resources/in water;;Water, unspecified natural origin, CN;Elementary flows/Resource/in water;;;;93a60a56-a3c8-22da-a746-0800200c9a66;Volume;;m3;1c3a9695-398d-4b1f-b07e-a8715b610f70;m3
1def4571-7b65-3ef2-9242-8a5012e8e450;744c9feb-f213-37a3-b059-d02c95079634;1;Water, unspecified natural origin, CO;resources/in water;;Water, unspecified natural origin, CO;Elementary flows/Resource/in water;;;;93a60a56-a3c8-22da-a746-0800200c9a66;Volume;;m3;1c3a9695-398d-4b1f-b07e-a8715b610f70;m3
1c70cc70-a4f0-33d5-a33d-48a8cc50751b;1f336260-3f58-3bde-9a62-471222d9248d;1;Water, unspecified natural origin, CZ;resources/in water;;Water, unspecified natural origin, CZ;Elementary flows/Resource/in water;;;;93a60a56-a3c8-22da-a746-0800200c9a66;Volume;;m3;1c3a9695-398d-4b1f-b07e-a8715b610f70;m3
f01c12bf-a0ee-3936-8e21-8f228ad42f90;af44fff2-0c47-3785-b610-c950776f117a;1;Water, unspecified natural origin, DE;resources/in water;;Water, unspecified natural origin, DE;Elementary flows/Resource/in water;;;;93a60a56-a3c8-22da-a746-0800200c9a66;Volume;;m3;1c3a9695-398d-4b1f-b07e-a8715b610f70;m3
a117c8b5-ab99-369a-8d74-f057bde33630;c98c091d-133f-372b-8329-514e882990a9;1;Water, unspecified natural origin, DK;resources/in water;;Water, unspecified natural origin, DK;Elementary flows/Resource/in water;;;;93a60a56-a3c8-22da-a746-0800200c9a66;Volume;;m3;1c3a9695-398d-4b1f-b07e-a8715b610f70;m3
d75db8e9-0184-3440-a9fa-a7f36eea6f1f;aa13e363-e58b-3b01-bb51-e5fb7b07a4e8;1;Water, unspecified natural origin, DZ;resources/in water;;Water, unspecified natural origin, DZ;Elementary flows/Resource/in water;;;;93a60a56-a3c8-22da-a746-0800200c9a66;Volume;;m3;1c3a9695-398d-4b1f-b07e-a8715b610f70;m3
726d575a-0923-3b56-9322-940bdc2396c6;585ef0b1-6194-3653-8208-2ef96fb9ef69;1;Water, unspecified natural origin, EC;resources/in water;;Water, unspecified natural origin, EC;Elementary flows/Resource/in water;;;;93a60a56-a3c8-22da-a746-0800200c9a66;Volume;;m3;1c3a9695-398d-4b1f-b07e-a8715b610f70;m3
15f061bb-67ad-3bfc-b924-4fee222b5b78;3d158484-4213-38c5-9b86-b5fa643c5eef;1;Water, unspecified natural origin, EG;resources/in water;;Water, unspecified natural origin, EG;Elementary flows/Resource/in water;;;;93a60a56-a3c8-22da-a746-0800200c9a66;Volume;;m3;1c3a9695-398d-4b1f-b07e-a8715b610f70;m3
2b3d49ab-23c5-304f-8c9b-7606e32098af;5f9e8551-455c-393e-86c9-27683f6d9d5f;1;Water, unspecified natural origin, ES;resources/in water;;Water, unspecified natural origin, ES;Elementary flows/Resource/in water;;;;93a60a56-a3c8-22da-a746-0800200c9a66;Volume;;m3;1c3a9695-398d-4b1f-b07e-a8715b610f70;m3
10b18fa5-d151-39cc-8165-d6b39152aafc;9c902cbf-7ad2-316b-9741-ca1886b12582;1;Water, unspecified natural origin, FI;resources/in water;;Water, unspecified natural origin, FI;Elementary flows/Resource/in water;;;;93a60a56-a3c8-22da-a746-0800200c9a66;Volume;;m3;1c3a9695-398d-4b1f-b07e-a8715b610f70;m3
ff163b6d-e407-3fa8-9d73-31f85a7fcf96;66e3f915-d5e1-3df9-8e35-3c2cbb83d132;1;Water, unspecified natural origin, FR;resources/in water;;Water, unspecified natural origin, FR;Elementary flows/Resource/in water;;;;93a60a56-a3c8-22da-a746-0800200c9a66;Volume;;m3;1c3a9695-398d-4b1f-b07e-a8715b610f70;m3
ceedef6f-1833-360b-8f9f-7a596e23f9b8;191319b7-f72f-3f3a-b2cd-56ea835f9c35;1;Water, unspecified natural origin, GB;resources/in water;;Water, unspecified natural origin, GB;Elementary flows/Resource/in water;;;;93a60a56-a3c8-22da-a746-0800200c9a66;Volume;;m3;1c3a9695-398d-4b1f-b07e-a8715b610f70;m3
59a673c4-0723-3a2a-8c39-fa010fbcf71d;e02aa261-4006-3888-bc5c-3d2485e0d1af;1;Water, unspecified natural origin, GLO;resources/in water;;Water, unspecified natural origin, GLO;Elementary flows/Resource/in water;;;;93a60a56-a3c8-22da-a746-0800200c9a66;Volume;;m3;1c3a9695-398d-4b1f-b07e-a8715b610f70;m3
29385b26-edef-397f-b3a8-3ecc852f0c14;d9678224-9f7d-3cc6-a6da-7723994ac6c1;1;Water, unspecified natural origin, GQ;resources/in water;;Water, unspecified natural origin, GQ;Elementary flows/Resource/in water;;;;93a60a56-a3c8-22da-a746-0800200c9a66;Volume;;m3;1c3a9695-398d-4b1f-b07e-a8715b610f70;m3
47aa7093-26e3-32d2-a166-7a952ad725b1;2f0c7a7b-a356-32e7-a4bc-8b7659cd280e;1;Water, unspecified natural origin, GR;resources/in water;;Water, unspecified natural origin, GR;Elementary flows/Resource/in water;;;;93a60a56-a3c8-22da-a746-0800200c9a66;Volume;;m3;1c3a9695-398d-4b1f-b07e-a8715b610f70;m3
b3775958-dbcf-31d2-949c-9c480e780216;8c1a26c4-020a-3186-89aa-45f75a5e8baf;1;Water, unspecified natural origin, HR;resources/in water;;Water, unspecified natural origin, HR;Elementary flows/Resource/in water;;;;93a60a56-a3c8-22da-a746-0800200c9a66;Volume;;m3;1c3a9695-398d-4b1f-b07e-a8715b610f70;m3
f078319f-8fa7-39c5-b2b2-df3d9b903430;d1c8d077-456b-3a90-beda-efd04ba20b49;1;Water, unspecified natural origin, HU;resources/in water;;Water, unspecified natural origin, HU;Elementary flows/Resource/in water;;;;93a60a56-a3c8-22da-a746-0800200c9a66;Volume;;m3;1c3a9695-398d-4b1f-b07e-a8715b610f70;m3
27371e74-644a-3995-86ee-1f5bcecbc9c9;a86039a0-60df-3c4a-8747-396c7f654613;1;Water, unspecified natural origin, ID;resources/in water;;Water, unspecified natural origin, ID;Elementary flows/Resource/in water;;;;93a60a56-a3c8-22da-a746-0800200c9a66;Volume;;m3;1c3a9695-398d-4b1f-b07e-a8715b610f70;m3
31e24220-6e17-34d6-a485-064673671f93;a14b80e7-0349-387a-bdf9-14b4e3175ab7;1;Water, unspecified natural origin, IE;resources/in water;;Water, unspecified natural origin, IE;Elementary flows/Resource/in water;;;;93a60a56-a3c8-22da-a746-0800200c9a66;Volume;;m3;1c3a9695-398d-4b1f-b07e-a8715b610f70;m3
7815745d-3306-30db-8dab-76815cefc31d;5ef54da5-e7c2-3ac7-a01c-45725d131111;1;Water, unspecified natural origin, IL;resources/in water;;Water, unspecified natural origin, IL;Elementary flows/Resource/in water;;;;93a60a56-a3c8-22da-a746-0800200c9a66;Volume;;m3;1c3a9695-398d-4b1f-b07e-a8715b610f70;m3
8640efb8-98ab-39e8-9d1e-2718e2046470;0442b465-5c0f-4ca3-835f-35c71d84cf84;1;Water, unspecified natural origin, IN;resources/in water;;Water, unspecified natural origin, IN;Elementary flows/Resource/in water;;;;93a60a56-a3c8-22da-a746-0800200c9a66;Volume;;m3;1c3a9695-398d-4b1f-b07e-a8715b610f70;m3
d42f9824-4709-3490-930b-fba985d53cab;ba90dc06-1007-3bd8-b349-ab1a28c6c881;1;Water, unspecified natural origin, IQ;resources/in water;;Water, unspecified natural origin, IQ;Elementary flows/Resource/in water;;;;93a60a56-a3c8-22da-a746-0800200c9a66;Volume;;m3;1c3a9695-398d-4b1f-b07e-a8715b610f70;m3
772f0f81-ec3e-3755-a6ed-784b82b108de;4db66345-a222-38d0-b927-71354c79ab5e;1;Water, unspecified natural origin, IR;resources/in water;;Water, unspecified natural origin, IR;Elementary flows/Resource/in water;;;;93a60a56-a3c8-22da-a746-0800200c9a66;Volume;;m3;1c3a9695-398d-4b1f-b07e-a8715b610f70;m3
059c35c2-85a8-361f-a87e-cbc388f4d4cc;acb7676c-2874-3e55-b74a-0aa3144f9362;1;Water, unspecified natural origin, IT;resources/in water;;Water, unspecified natural origin, IT;Elementary flows/Resource/in water;;;;93a60a56-a3c8-22da-a746-0800200c9a66;Volume;;m3;1c3a9695-398d-4b1f-b07e-a8715b610f70;m3
ce9981f2-5761-390a-b0e5-2693e00ccf20;0a89160c-168b-3315-a7f7-5543bc60cedf;1;Water, unspecified natural origin, JP;resources/in water;;Water, unspecified natural origin, JP;Elementary flows/Resource/in water;;;;93a60a56-a3c8-22da-a746-0800200c9a66;Volume;;m3;1c3a9695-398d-4b1f-b07e-a8715b610f70;m3
4fcea335-cbd6-3557-8842-9f55001efde8;5e7480a5-a128-3dd4-b92c-0f0e00021959;1;Water, unspecified natural origin, KE;resources/in water;;Water, unspecified natural origin, KE;Elementary flows/Resource/in water;;;;93a60a56-a3c8-22da-a746-0800200c9a66;Volume;;m3;1c3a9695-398d-4b1f-b07e-a8715b610f70;m3
f11707e0-0028-35a9-9a87-08a5a67f56f8;91255acb-4f00-386b-a992-69fb9ee23a6a;1;Water, unspecified natural origin, KR;resources/in water;;Water, unspecified natural origin, KR;Elementary flows/Resource/in water;;;;93a60a56-a3c8-22da-a746-0800200c9a66;Volume;;m3;1c3a9695-398d-4b1f-b07e-a8715b610f70;m3
31c7b4c6-cfb4-351d-a0b3-a8a00bc8bfde;968a83cf-8765-4b39-801a-af9c0c712370;1;Water, unspecified natural origin, KW;resources/in water;;Water, unspecified natural origin, KW;Elementary flows/Resource/in water;;;;93a60a56-a3c8-22da-a746-0800200c9a66;Volume;;m3;1c3a9695-398d-4b1f-b07e-a8715b610f70;m3
0331429f-c68a-332c-b568-f3299fac8376;ccb94b1f-82c6-36a8-beab-23780c7aef13;1;Water, unspecified natural origin, KZ;resources/in water;;Water, unspecified natural origin, KZ;Elementary flows/Resource/in water;;;;93a60a56-a3c8-22da-a746-0800200c9a66;Volume;;m3;1c3a9695-398d-4b1f-b07e-a8715b610f70;m3
64a054c1-27ca-3f37-9a49-67678ece8614;3386ab8b-ae28-3ee9-acee-f047b70d1e13;1;Water, unspecified natural origin, LU;resources/in water;;Water, unspecified natural origin, LU;Elementary flows/Resource/in water;;;;93a60a56-a3c8-22da-a746-0800200c9a66;Volume;;m3;1c3a9695-398d-4b1f-b07e-a8715b610f70;m3
bf8c66a1-fe41-3210-8d0a-6d5573c37727;99336b94-8bae-43b2-ba46-11a957a1e9d8;1;Water, unspecified natural origin, LY;resources/in water;;Water, unspecified natural origin, LY;Elementary flows/Resource/in water;;;;93a60a56-a3c8-22da-a746-0800200c9a66;Volume;;m3;1c3a9695-398d-4b1f-b07e-a8715b610f70;m3
de685dc5-378c-356f-9d46-4e415dd4dd39;6924ffcc-1bc0-3f1b-b431-7dd9144df87e;1;Water, unspecified natural origin, MA;resources/in water;;Water, unspecified natural origin, MA;Elementary flows/Resource/in water;;;;93a60a56-a3c8-22da-a746-0800200c9a66;Volume;;m3;1c3a9695-398d-4b1f-b07e-a8715b610f70;m3
5cb4a8d0-b12d-3601-814a-8ff5987a7447;40f21834-e06d-32fc-ba09-0bf72daa9357;1;Water, unspecified natural origin, MK;resources/in water;;Water, unspecified natural origin, MK;Elementary flows/Resource/in water;;;;93a60a56-a3c8-22da-a746-0800200c9a66;Volume;;m3;1c3a9695-398d-4b1f-b07e-a8715b610f70;m3
5dbbb4f1-ec9b-3e70-8e2c-3e9b279b82fc;e019ad54-9648-3c71-bf85-3143e6a52f9c;1;Water, unspecified natural origin, MX;resources/in water;;Water, unspecified natural origin, MX;Elementary flows/Resource/in water;;;;93a60a56-a3c8-22da-a746-0800200c9a66;Volume;;m3;1c3a9695-398d-4b1f-b07e-a8715b610f70;m3
b54c343d-f962-3008-967b-17f667cfbfbb;b94df422-b76f-3d10-91ef-83dc99967b51;1;Water, unspecified natural origin, MY;resources/in water;;Water, unspecified natural origin, MY;Elementary flows/Resource/in water;;;;93a60a56-a3c8-22da-a746-0800200c9a66;Volume;;m3;1c3a9695-398d-4b1f-b07e-a8715b610f70;m3
fc33217b-af34-3365-ab0d-d18b7661a8a9;5be12c93-e3f1-3ea2-bddc-f93faa030aa6;1;Water, unspecified natural origin, NG;resources/in water;;Water, unspecified natural origin, NG;Elementary flows/Resource/in water;;;;93a60a56-a3c8-22da-a746-0800200c9a66;Volume;;m3;1c3a9695-398d-4b1f-b07e-a8715b610f70;m3
76c31ad4-673f-3123-b878-5b22b6541f06;9884d663-bda2-3b45-9c73-e51d799e4890;1;Water, unspecified natural origin, NL;resources/in water;;Water, unspecified natural origin, NL;Elementary flows/Resource/in water;;;;93a60a56-a3c8-22da-a746-0800200c9a66;Volume;;m3;1c3a9695-398d-4b1f-b07e-a8715b610f70;m3
85f4a7b5-80a2-30b0-abbf-1f81a72baf33;b814ad10-9968-3b90-98d4-ea45fa736cd8;1;Water, unspecified natural origin, NO;resources/in water;;Water, unspecified natural origin, NO;Elementary flows/Resource/in water;;;;93a60a56-a3c8-22da-a746-0800200c9a66;Volume;;m3;1c3a9695-398d-4b1f-b07e-a8715b610f70;m3
1d8304c4-a9f0-377e-bcc8-cb7a96fc28c8;b2560e1a-b327-3887-9eb7-8c146019ba58;1;Water, unspecified natural origin, NZ;resources/in water;;Water, unspecified natural origin, NZ;Elementary flows/Resource/in water;;;;93a60a56-a3c8-22da-a746-0800200c9a66;Volume;;m3;1c3a9695-398d-4b1f-b07e-a8715b610f70;m3
346e9dc2-26c1-3d10-9db3-714e3746993f;62ad360f-af39-3621-b6a8-72e202722566;1;Water, unspecified natural origin, OECD;resources/in water;;Water, unspecified natural origin, OECD;Elementary flows/Resource/in water;;;;93a60a56-a3c8-22da-a746-0800200c9a66;Volume;;m3;1c3a9695-398d-4b1f-b07e-a8715b610f70;m3
344a5e48-43e6-3f10-90a0-632d5b0fe7d2;4860998f-d904-455d-96a9-f67462d00c8b;1;Water, unspecified natural origin, OM;resources/in water;;Water, unspecified natural origin, OM;Elementary flows/Resource/in water;;;;93a60a56-a3c8-22da-a746-0800200c9a66;Volume;;m3;1c3a9695-398d-4b1f-b07e-a8715b610f70;m3
1660c8f6-7c3c-331e-86f6-1d91f748a5fe;cebbe3db-e3fb-3427-ae56-339db67f4fb2;1;Water, unspecified natural origin, PE;resources/in water;;Water, unspecified natural origin, PE;Elementary flows/Resource/in water;;;;93a60a56-a3c8-22da-a746-0800200c9a66;Volume;;m3;1c3a9695-398d-4b1f-b07e-a8715b610f70;m3
a33f7339-999f-3cb6-81c9-3d1d059a7a06;e9649289-4111-3ec4-80fd-770952c30c49;1;Water, unspecified natural origin, PL;resources/in water;;Water, unspecified natural origin, PL;Elementary flows/Resource/in water;;;;93a60a56-a3c8-22da-a746-0800200c9a66;Volume;;m3;1c3a9695-398d-4b1f-b07e-a8715b610f70;m3
ee734c89-906d-3b96-b560-bf759d54881d;8dee1571-3aa3-30b5-96bd-25bfb82df9f0;1;Water, unspecified natural origin, PT;resources/in water;;Water, unspecified natural origin, PT;Elementary flows/Resource/in water;;;;93a60a56-a3c8-22da-a746-0800200c9a66;Volume;;m3;1c3a9695-398d-4b1f-b07e-a8715b610f70;m3
22e7839e-69d0-38da-87df-5a139d70fad0;da1212dd-fcbc-4dbc-879d-870a8bfc175b;1;Water, unspecified natural origin, QA;resources/in water;;Water, unspecified natural origin, QA;Elementary flows/Resource/in water;;;;93a60a56-a3c8-22da-a746-0800200c9a66;Volume;;m3;1c3a9695-398d-4b1f-b07e-a8715b610f70;m3
625b7913-b202-31df-b93a-d299b73af96b;bf3121f6-fa85-3bf3-9c43-5e960d6faae0;1;Water, unspecified natural origin, RAF;resources/in water;;Water, unspecified natural origin, RAF;Elementary flows/Resource/in water;;;;93a60a56-a3c8-22da-a746-0800200c9a66;Volume;;m3;1c3a9695-398d-4b1f-b07e-a8715b610f70;m3
1e5da50a-891d-34e5-9c3c-d9eec022cedd;10e7a3bc-9edc-322b-b3eb-0ca651428c2c;1;Water, unspecified natural origin, RER;resources/in water;;Water, unspecified natural origin, RER;Elementary flows/Resource/in water;;;;93a60a56-a3c8-22da-a746-0800200c9a66;Volume;;m3;1c3a9695-398d-4b1f-b07e-a8715b610f70;m3
5a03208d-a631-3430-bd96-b7737b0564f7;1ba56136-54c1-3840-ab0c-34f1e333412c;1;Water, unspecified natural origin, RO;resources/in water;;Water, unspecified natural origin, RO;Elementary flows/Resource/in water;;;;93a60a56-a3c8-22da-a746-0800200c9a66;Volume;;m3;1c3a9695-398d-4b1f-b07e-a8715b610f70;m3
02623306-d3ed-32e7-a80e-4450eae5d2b7;387f656b-804b-4c4d-89d3-00970649d7f8;1;Water, unspecified natural origin, RS;resources/in water;;Water, unspecified natural origin, RS;Elementary flows/Resource/in water;;;;93a60a56-a3c8-22da-a746-0800200c9a66;Volume;;m3;1c3a9695-398d-4b1f-b07e-a8715b610f70;m3
c54a2c79-3d9b-3885-8f47-b574c22b150c;13aaabea-44e4-3313-a5ef-f659583457c8;1;Water, unspecified natural origin, RU;resources/in water;;Water, unspecified natural origin, RU;Elementary flows/Resource/in water;;;;93a60a56-a3c8-22da-a746-0800200c9a66;Volume;;m3;1c3a9695-398d-4b1f-b07e-a8715b610f70;m3
e23c39a6-1806-3779-bf5d-a1558ce4bef2;f5c7faf0-ff52-3c42-87d0-b42a7428cdd8;1;Water, unspecified natural origin, SA;resources/in water;;Water, unspecified natural origin, SA;Elementary flows/Resource/in water;;;;93a60a56-a3c8-22da-a746-0800200c9a66;Volume;;m3;1c3a9695-398d-4b1f-b07e-a8715b610f70;m3
8fb9cb66-2759-3525-8738-1fbf8058aa0a;ff89405e-fc23-3abf-a015-0fffa7a5857b;1;Water, unspecified natural origin, SE;resources/in water;;Water, unspecified natural origin, SE;Elementary flows/Resource/in water;;;;93a60a56-a3c8-22da-a746-0800200c9a66;Volume;;m3;1c3a9695-398d-4b1f-b07e-a8715b610f70;m3
b0f3b3e1-44f3-3224-89e7-7e790caeb0df;512e40eb-a1ab-32c7-9bce-06566aef4677;1;Water, unspecified natural origin, SI;resources/in water;;Water, unspecified natural origin, SI;Elementary flows/Resource/in water;;;;93a60a56-a3c8-22da-a746-0800200c9a66;Volume;;m3;1c3a9695-398d-4b1f-b07e-a8715b610f70;m3
7e893c93-42ba-39d8-8f6c-7a32891aebc9;b920b229-9035-3e95-b0ad-c101fb1afc9b;1;Water, unspecified natural origin, SK;resources/in water;;Water, unspecified natural origin, SK;Elementary flows/Resource/in water;;;;93a60a56-a3c8-22da-a746-0800200c9a66;Volume;;m3;1c3a9695-398d-4b1f-b07e-a8715b610f70;m3
a5264dcd-fa34-36c5-b8e9-e4222ff12dde;c1da8827-6e4a-3fbd-a3aa-756507cb6c2b;1;Water, unspecified natural origin, TH;resources/in water;;Water, unspecified natural origin, TH;Elementary flows/Resource/in water;;;;93a60a56-a3c8-22da-a746-0800200c9a66;Volume;;m3;1c3a9695-398d-4b1f-b07e-a8715b610f70;m3
c8646f91-f83a-32ec-b829-18ab29ef2e36;5fd1a9d0-5af6-35d4-b42c-dd1f3f7955ba;1;Water, unspecified natural origin, TM;resources/in water;;Water, unspecified natural origin, TM;Elementary flows/Resource/in water;;;;93a60a56-a3c8-22da-a746-0800200c9a66;Volume;;m3;1c3a9695-398d-4b1f-b07e-a8715b610f70;m3
163d014c-2bc7-3ee2-aafc-db9801bb2d97;e8e6e8f7-373e-3381-b6cf-bb6d4ddb2d76;1;Water, unspecified natural origin, TR;resources/in water;;Water, unspecified natural origin, TR;Elementary flows/Resource/in water;;;;93a60a56-a3c8-22da-a746-0800200c9a66;Volume;;m3;1c3a9695-398d-4b1f-b07e-a8715b610f70;m3
19a57ee5-261a-3c07-bfa3-0a44ea765c66;52f909df-f7f1-48e2-b040-836ded1971d2;1;Water, unspecified natural origin, TT;resources/in water;;Water, unspecified natural origin, TT;Elementary flows/Resource/in water;;;;93a60a56-a3c8-22da-a746-0800200c9a66;Volume;;m3;1c3a9695-398d-4b1f-b07e-a8715b610f70;m3
5c172227-c45a-38f3-96f5-b98889638154;f2f7331f-43cb-3f62-a0fb-e9e0e2150740;1;Water, unspecified natural origin, TW;resources/in water;;Water, unspecified natural origin, TW;Elementary flows/Resource/in water;;;;93a60a56-a3c8-22da-a746-0800200c9a66;Volume;;m3;1c3a9695-398d-4b1f-b07e-a8715b610f70;m3
229c360b-dbab-3464-bcae-d5bf28ea50b7;8a53cd60-6f2d-36be-b644-8b31e70dfb01;1;Water, unspecified natural origin, UA;resources/in water;;Water, unspecified natural origin, UA;Elementary flows/Resource/in water;;;;93a60a56-a3c8-22da-a746-0800200c9a66;Volume;;m3;1c3a9695-398d-4b1f-b07e-a8715b610f70;m3
c8d057fd-ae53-362e-8413-389a462d4992;45fa090d-ec34-3e43-b374-bf56e72ad973;1;Water, unspecified natural origin, US;resources/in water;;Water, unspecified natural origin, US;Elementary flows/Resource/in water;;;;93a60a56-a3c8-22da-a746-0800200c9a66;Volume;;m3;1c3a9695-398d-4b1f-b07e-a8715b610f70;m3
d591ea0e-24bc-35e3-90af-ce65493e55f6;51ed3016-26da-36b0-a45b-99d18c196ad8;1;Water, unspecified natural origin, UZ;resources/in water;;Water, unspecified natural origin, UZ;Elementary flows/Resource/in water;;;;93a60a56-a3c8-22da-a746-0800200c9a66;Volume;;m3;1c3a9695-398d-4b1f-b07e-a8715b610f70;m3
a4c022ee-cec6-36ce-bc87-d65a639c75b7;662a32d3-d2cf-3073-be37-a6f7c43697b7;1;Water, unspecified natural origin, VE;resources/in water;;Water, unspecified natural origin, VE;Elementary flows/Resource/in water;;;;93a60a56-a3c8-22da-a746-0800200c9a66;Volume;;m3;1c3a9695-398d-4b1f-b07e-a8715b610f70;m3
91921f27-bea5-308a-8cd4-ce26743d5541;0ddd6caf-92a9-3e7c-9d36-c9cf98677cb9;1;Water, unspecified natural origin, ZA;resources/in water;;Water, unspecified natural origin, ZA;Elementary flows/Resource/in water;;;;93a60a56-a3c8-22da-a746-0800200c9a66;Volume;;m3;1c3a9695-398d-4b1f-b07e-a8715b610f70;m3
6a544080-59f4-3b48-8140-a29ef40c071d;19aab6f1-1672-3234-8388-12b718220714;1;Water, unspecified natural origin/m3;resources/in water;;Water, unspecified natural origin/m3;Elementary flows/Resource/in water;;;;93a60a56-a3c8-22da-a746-0800200c9a66;Volume;;m3;1c3a9695-398d-4b1f-b07e-a8715b610f70;m3
d8f4008a-7bda-3f23-8351-fe9c90417139;7c0da4f3-d0f3-33c2-b2ae-1da5f9954dda;1;Water, unspecified natural origin/m3;resources/unspecified;;Water, unspecified natural origin/m3;Elementary flows/Resource/unspecified;;;;93a60a56-a3c8-22da-a746-0800200c9a66;Volume;;m3;1c3a9695-398d-4b1f-b07e-a8715b610f70;m3
dcf9052f-3c98-3576-99ac-c2eaf6828e02;3c372c16-ba28-3869-9f73-357e2f02ee1f;1;Water, unspecified, Europe;resources/in water;;Water, unspecified natural origin, Europe without Switzerland;Elementary flows/Resource/in water;;;;93a60a56-a3c8-22da-a746-0800200c9a66;Volume;;m3;1c3a9695-398d-4b1f-b07e-a8715b610f70;m3
efc3d069-9749-315b-a8d9-78f84a3595c4;c0643eed-f3d6-3711-9e93-7c9293b8db2d;1;Water, US;emissions to air/unspecified;;Water, US;Elementary flows/Emission to air/unspecified;;;;93a60a56-a3c8-11da-a746-0800200b9a66;Mass;;kg;20aadc24-a391-41cf-b340-3e4529f44bde;kg
4c114bcd-3768-3901-94c6-907d124dd27e;3e66b0bb-5f67-3aa2-964d-d05aa54479d8;1;Water, US;emissions to water/ocean;;Water, US;Elementary flows/Emission to water/ocean;;;;93a60a56-a3c8-22da-a746-0800200c9a66;Volume;;m3;1c3a9695-398d-4b1f-b07e-a8715b610f70;m3
46e0366d-aec9-378f-b22a-99d70426d5df;60a87dc7-eb4a-3212-942d-a46f8730798a;1;Water, US;emissions to water/river;;Water, US;Elementary flows/Emission to water/river;;;;93a60a56-a3c8-22da-a746-0800200c9a66;Volume;;m3;1c3a9695-398d-4b1f-b07e-a8715b610f70;m3
119e65a7-0364-386c-9855-05541eff6ba7;9a18c383-d624-3134-9357-08a774408831;1;Water, US;emissions to water/unspecified;;Water, US;Elementary flows/Emission to water/unspecified;;;;93a60a56-a3c8-22da-a746-0800200c9a66;Volume;;m3;1c3a9695-398d-4b1f-b07e-a8715b610f70;m3
2f4080ad-ee9a-3562-b17a-522120f71951;8365e504-d07d-3888-8101-10b752cef9af;1;Water, UZ;emissions to water/river;;Water, UZ;Elementary flows/Emission to water/river;;;;93a60a56-a3c8-22da-a746-0800200c9a66;Volume;;m3;1c3a9695-398d-4b1f-b07e-a8715b610f70;m3
78893ffc-a3e0-3922-8db9-e7dd2e2167cb;bcd11d5e-2727-3ff2-94c9-120df1b45683;1;Water, VE;emissions to water/river;;Water, VE;Elementary flows/Emission to water/river;;;;93a60a56-a3c8-22da-a746-0800200c9a66;Volume;;m3;1c3a9695-398d-4b1f-b07e-a8715b610f70;m3
0c2819c2-baf7-3a3b-911e-34e183c6be24;0c755f21-5270-3341-9239-4f4fd780e143;1;Water, well;resources/in water;;Water, well;Elementary flows/Resource/in water;;;;93a60a56-a3c8-22da-a746-0800200c9a66;Volume;;m3;1c3a9695-398d-4b1f-b07e-a8715b610f70;m3
342d44f0-5cf0-3316-bf99-787e41e880a2;7e09a71d-ec9f-3a09-8c17-070cb8cd4524;1;Water, well;resources/unspecified;;Water, well;Elementary flows/Resource/unspecified;;;;93a60a56-a3c8-22da-a746-0800200c9a66;Volume;;m3;1c3a9695-398d-4b1f-b07e-a8715b610f70;m3
b595b8c6-55c9-3387-99e1-961cef4d7a08;07b49ffa-03b4-3104-a2b6-984f7e6a89d7;1;Water, well, CH;resources/in water;;Water, well, CH;Elementary flows/Resource/in water;;;;93a60a56-a3c8-22da-a746-0800200c9a66;Volume;;m3;1c3a9695-398d-4b1f-b07e-a8715b610f70;m3
e3c6fd90-6d9b-348d-8adb-86c2e18d21b8;84b4aad2-e075-3283-9e44-a1ef7b4ad3d1;1;Water, well, GLO;resources/in water;;Water, well, GLO;Elementary flows/Resource/in water;;;;93a60a56-a3c8-22da-a746-0800200c9a66;Volume;;m3;1c3a9695-398d-4b1f-b07e-a8715b610f70;m3
4d152bbb-673d-3e9e-b425-6940f9fc8225;f2ce99d9-8d07-35d6-9b95-b65043c38a1f;1;Water, well, RER;resources/in ground;;Water, well, RER;Elementary flows/Resource/in ground;;;;93a60a56-a3c8-22da-a746-0800200c9a66;Volume;;m3;1c3a9695-398d-4b1f-b07e-a8715b610f70;m3
b2f7e66b-f8e9-3f10-8b54-32f4629aba0c;6c914058-b15a-396f-b942-1d65f97a1d16;1;Water, well, RER;resources/in water;;Water, well, RER;Elementary flows/Resource/in water;;;;93a60a56-a3c8-22da-a746-0800200c9a66;Volume;;m3;1c3a9695-398d-4b1f-b07e-a8715b610f70;m3
64f7b799-8301-3108-992c-0384123f84d8;56b25731-7e29-3ae1-8267-7012d463c9af;1;Water, ZA;emissions to air/unspecified;;Water, ZA;Elementary flows/Emission to air/unspecified;;;;93a60a56-a3c8-11da-a746-0800200b9a66;Mass;;kg;20aadc24-a391-41cf-b340-3e4529f44bde;kg
99457ea1-766e-3a2b-bba0-49c21b383c12;2d198645-952f-31eb-adee-ed83ea399b32;1;Water, ZA;emissions to water/unspecified;;Water, ZA;Elementary flows/Emission to water/unspecified;;;;93a60a56-a3c8-22da-a746-0800200c9a66;Volume;;m3;1c3a9695-398d-4b1f-b07e-a8715b610f70;m3
c768a974-17dd-3bfe-b073-9f8ff7a588ed;fd788e8c-2f55-3139-ab1f-a28cdd4a6158;1;Water/m3;emissions to air/low. pop.;;Water/m3;Elementary flows/Emission to air/low population density;;;;93a60a56-a3c8-22da-a746-0800200c9a66;Volume;;m3;1c3a9695-398d-4b1f-b07e-a8715b610f70;m3
0dcf195a-50f3-3772-97e7-0a5b2deb8521;bac875f4-75fb-4dde-841a-b07d3a41bcd1;1;Wood, hard, standing;resources/biotic;;Wood, hard, standing;Elementary flows/Resource/biotic;;;;93a60a56-a3c8-22da-a746-0800200c9a66;Volume;;m3;1c3a9695-398d-4b1f-b07e-a8715b610f70;m3
8688faeb-4bf0-357a-b6c6-608974753d01;28528881-7154-48d5-9cc3-5c13ddcdc47a;1;Wood, primary forest, standing;resources/biotic;;Wood, primary forest, standing;Elementary flows/Resource/biotic;;;;93a60a56-a3c8-22da-a746-0800200c9a66;Volume;;m3;1c3a9695-398d-4b1f-b07e-a8715b610f70;m3
96a197c1-5591-37fa-8b30-709cc8c02c8b;b073ec00-a5bf-4b64-bda0-ef366a3ac9bb;1;Wood, soft, standing;resources/biotic;;Wood, soft, standing;Elementary flows/Resource/biotic;;;;93a60a56-a3c8-22da-a746-0800200c9a66;Volume;;m3;1c3a9695-398d-4b1f-b07e-a8715b610f70;m3
a7b35a8c-f7d3-3cbd-ae6f-8756faecd9ea;2f930fa8-15b5-3cae-a94f-f339dfdd9928;1;Wood, unspecified, standing/kg;resources/land;;Wood, unspecified, standing/kg;Elementary flows/Resource/land;;;;93a60a56-a3c8-11da-a746-0800200b9a66;Mass;;kg;20aadc24-a391-41cf-b340-3e4529f44bde;kg
be6d5f9b-a7c6-3acf-92c7-27e4317a6214;ff590d5c-8e87-3d10-8e3d-b0c4d68568fc;1;Wood, unspecified, standing/kg;resources/unspecified;;Wood, unspecified, standing/kg;Elementary flows/Resource/unspecified;;;;93a60a56-a3c8-11da-a746-0800200b9a66;Mass;;kg;20aadc24-a391-41cf-b340-3e4529f44bde;kg
0d9437ec-66e8-3fe8-a7d7-c53051adb47e;23e83c1f-07c9-4b5f-a898-0f4f09a6691f;1;Wood, unspecified, standing/m3;resources/biotic;;Wood, unspecified, standing;Elementary flows/Resource/biotic;;;;93a60a56-a3c8-22da-a746-0800200c9a66;Volume;;m3;1c3a9695-398d-4b1f-b07e-a8715b610f70;m3
69d0343d-e794-332a-ad20-37b3d4a1ddc3;c52e8414-f232-4c6a-bff2-5726189789ee;1;Xenon;resources/in air;;Xenon;Elementary flows/Resource/in air;;;;93a60a56-a3c8-11da-a746-0800200b9a66;Mass;;kg;20aadc24-a391-41cf-b340-3e4529f44bde;kg
ad7d4ba9-13ea-367c-abba-acd2c98a9894;b13777bb-a8b6-4be4-8f6b-675ac75f31b2;1;Xenon-131m;emissions to air/low. pop.;;Xenon-131m;Elementary flows/Emission to air/low population density;;;;93a60a56-a3c8-17da-a746-0800200c9a66;Radioactivity;;kBq;e9773595-284e-46dd-9671-5fc9ff406833;kBq
92c42e50-d392-37fc-9ecd-6439c04ff2f8;e6183e67-e45e-4d8d-a9ec-85ba8d7d1600;1;Xenon-131m;emissions to air/unspecified;;Xenon-131m;Elementary flows/Emission to air/unspecified;;;;93a60a56-a3c8-17da-a746-0800200c9a66;Radioactivity;;kBq;e9773595-284e-46dd-9671-5fc9ff406833;kBq
1ff9c5b1-4f3a-3c92-85a2-a332c1226dfc;f5f7c4c3-ce9d-47ec-8c97-62d70b286203;1;Xenon-133;emissions to air/low. pop.;;Xenon-133;Elementary flows/Emission to air/low population density;;;;93a60a56-a3c8-17da-a746-0800200c9a66;Radioactivity;;kBq;e9773595-284e-46dd-9671-5fc9ff406833;kBq
2224c687-6252-31cb-b3c7-571fb04d3990;fe85df5c-5587-4a5f-a33b-c6e2b240e238;1;Xenon-133;emissions to air/unspecified;;Xenon-133;Elementary flows/Emission to air/unspecified;;;;93a60a56-a3c8-17da-a746-0800200c9a66;Radioactivity;;kBq;e9773595-284e-46dd-9671-5fc9ff406833;kBq
dee780e1-a280-37eb-8352-0794146a00ae;9d95796e-84c7-4a73-aaba-8ad4f664e58f;1;Xenon-133m;emissions to air/low. pop.;;Xenon-133m;Elementary flows/Emission to air/low population density;;;;93a60a56-a3c8-17da-a746-0800200c9a66;Radioactivity;;kBq;e9773595-284e-46dd-9671-5fc9ff406833;kBq
f38586e4-b3ec-39b9-93b9-23fa2a6ef83a;14ca107c-315a-410b-af1b-35a886faebce;1;Xenon-135;emissions to air/low. pop.;;Xenon-135;Elementary flows/Emission to air/low population density;;;;93a60a56-a3c8-17da-a746-0800200c9a66;Radioactivity;;kBq;e9773595-284e-46dd-9671-5fc9ff406833;kBq
12466563-e516-34ee-9031-cb63b1a9188f;f5e7f3b4-6423-4914-bb36-d6f52b8e5dbb;1;Xenon-135;emissions to air/unspecified;;Xenon-135;Elementary flows/Emission to air/unspecified;;;;93a60a56-a3c8-17da-a746-0800200c9a66;Radioactivity;;kBq;e9773595-284e-46dd-9671-5fc9ff406833;kBq
c2daeeff-3702-37ee-aa14-9b4ed807e085;b3fd01ce-4eb3-461f-8639-4c7aa166f40e;1;Xenon-135m;emissions to air/low. pop.;;Xenon-135m;Elementary flows/Emission to air/low population density;;;;93a60a56-a3c8-17da-a746-0800200c9a66;Radioactivity;;kBq;e9773595-284e-46dd-9671-5fc9ff406833;kBq
93f869e9-e421-3b1e-adad-14eadb8a4f44;001790f3-fd86-4a0d-a2a1-06c7099d90c8;1;Xenon-137;emissions to air/low. pop.;;Xenon-137;Elementary flows/Emission to air/low population density;;;;93a60a56-a3c8-17da-a746-0800200c9a66;Radioactivity;;kBq;e9773595-284e-46dd-9671-5fc9ff406833;kBq
6fd896a9-7b23-3c18-bd39-e41e4a94e72d;47859760-4329-4dde-9c61-2e7a2401d3c5;1;Xenon-137;emissions to air/unspecified;;Xenon-137;Elementary flows/Emission to air/unspecified;;;;93a60a56-a3c8-17da-a746-0800200c9a66;Radioactivity;;kBq;e9773595-284e-46dd-9671-5fc9ff406833;kBq
d1fc9f01-89d5-3018-9c9f-02d9e0954f4b;7c44db6f-bf0e-4a63-bd94-d376ec941786;1;Xenon-138;emissions to air/low. pop.;;Xenon-138;Elementary flows/Emission to air/low population density;;;;93a60a56-a3c8-17da-a746-0800200c9a66;Radioactivity;;kBq;e9773595-284e-46dd-9671-5fc9ff406833;kBq
56b0a92a-18eb-3b62-a67d-84e598e728f7;2cbfe861-7436-4a43-8892-f057320dc57d;1;Xenon-138;emissions to air/unspecified;;Xenon-138;Elementary flows/Emission to air/unspecified;;;;93a60a56-a3c8-17da-a746-0800200c9a66;Radioactivity;;kBq;e9773595-284e-46dd-9671-5fc9ff406833;kBq
f5d9e394-194c-3eb9-b7ee-cd396e7208a8;ed8da356-ed40-4a35-8de4-57aee1d3c279;1;Xylene;emissions to air/high. pop.;;Xylenes, unspecified;Elementary flows/Emission to air/high population density;;;;93a60a56-a3c8-11da-a746-0800200b9a66;Mass;;kg;20aadc24-a391-41cf-b340-3e4529f44bde;kg
68d38283-aae9-3e5d-937b-26e47174d948;a1d277aa-7aea-4b5e-8aa9-2789ba8ff333;1;Xylene;emissions to air/low. pop.;;Xylenes, unspecified;Elementary flows/Emission to air/low population density;;;;93a60a56-a3c8-11da-a746-0800200b9a66;Mass;;kg;20aadc24-a391-41cf-b340-3e4529f44bde;kg
66445b51-81a0-3f7b-994e-cf3a95512a4a;5c234628-ab1e-4284-ae2b-f1c2f6883f71;1;Xylene;emissions to air/unspecified;;Xylenes, unspecified;Elementary flows/Emission to air/unspecified;;;;93a60a56-a3c8-11da-a746-0800200b9a66;Mass;;kg;20aadc24-a391-41cf-b340-3e4529f44bde;kg
02570754-b05a-3ea8-9645-cbe64fec6136;6d9e9a11-4d99-4489-a0ab-4cd1b6b8eaef;1;Xylene;emissions to water/ocean;;Xylenes, unspecified;Elementary flows/Emission to water/ocean;;;;93a60a56-a3c8-11da-a746-0800200b9a66;Mass;;kg;20aadc24-a391-41cf-b340-3e4529f44bde;kg
33a33075-b0b7-3b76-a7db-2458370a93a0;29190509-6cc8-47e1-bc99-5ff994e39b74;1;Xylene;emissions to water/river;;Xylenes, unspecified;Elementary flows/Emission to water/surface water;;;;93a60a56-a3c8-11da-a746-0800200b9a66;Mass;;kg;20aadc24-a391-41cf-b340-3e4529f44bde;kg
6a2ff0dd-0a21-3310-93f2-3c872344f982;045f7de9-60d5-4916-a504-5a1002a6e97e;1;Xylene;emissions to water/unspecified;;Xylenes, unspecified;Elementary flows/Emission to water/unspecified;;;;93a60a56-a3c8-11da-a746-0800200b9a66;Mass;;kg;20aadc24-a391-41cf-b340-3e4529f44bde;kg
76682797-1413-3132-8e8a-1c0abaa6418d;748f22a9-eba4-4726-bef5-92c7442ce189;1;Zinc;emissions to air/high. pop.;;Zinc II;Elementary flows/Emission to air/high population density;;;;93a60a56-a3c8-11da-a746-0800200b9a66;Mass;;kg;20aadc24-a391-41cf-b340-3e4529f44bde;kg
cbc1e7f3-3e97-3cfa-a778-dcd9a2916dba;ada3ecfe-8244-4389-bcce-e83ca4f66e09;1;Zinc;emissions to air/low. pop.;;Zinc II;Elementary flows/Emission to air/low population density;;;;93a60a56-a3c8-11da-a746-0800200b9a66;Mass;;kg;20aadc24-a391-41cf-b340-3e4529f44bde;kg
c214d89b-fc60-3645-9d22-5a2a05383d27;8f871bab-96dc-49d9-bf08-12cdd0715901;1;Zinc;emissions to air/low. pop., long-term;;Zinc II;Elementary flows/Emission to air/low population density, long-term;;;;93a60a56-a3c8-11da-a746-0800200b9a66;Mass;;kg;20aadc24-a391-41cf-b340-3e4529f44bde;kg
9f29560a-a77c-3985-85eb-715414052793;87a69874-34f9-4070-a525-aa301ab2634b;1;Zinc;emissions to air/stratosphere + troposphere;;Zinc II;Elementary flows/Emission to air/lower stratosphere + upper troposphere;;;;93a60a56-a3c8-11da-a746-0800200b9a66;Mass;;kg;20aadc24-a391-41cf-b340-3e4529f44bde;kg
d2ac982c-ffa7-3ea8-bcd0-38c266eccd83;5ce378a0-b48d-471c-977d-79681521efde;1;Zinc;emissions to air/unspecified;;Zinc II;Elementary flows/Emission to air/unspecified;;;;93a60a56-a3c8-11da-a746-0800200b9a66;Mass;;kg;20aadc24-a391-41cf-b340-3e4529f44bde;kg
f5a06c51-16a7-382d-b91a-8cd7fec37ee2;84aa799e-9d98-4d34-85e0-516d28ab1be9;1;Zinc;emissions to soil/agricultural;;Zinc II;Elementary flows/Emission to soil/agricultural;;;;93a60a56-a3c8-11da-a746-0800200b9a66;Mass;;kg;20aadc24-a391-41cf-b340-3e4529f44bde;kg
05fb96ad-bd35-3834-900d-270c84b4fe58;b88999ec-84fd-462d-9dec-7e20a4636a58;1;Zinc;emissions to soil/industrial;;Zinc II;Elementary flows/Emission to soil/industrial;;;;93a60a56-a3c8-11da-a746-0800200b9a66;Mass;;kg;20aadc24-a391-41cf-b340-3e4529f44bde;kg
e5dea896-7985-3817-be55-6f8b6a19abfa;77887584-ddca-4920-952c-3609730e0c13;1;Zinc;emissions to soil/unspecified;;Zinc II;Elementary flows/Emission to soil/unspecified;;;;93a60a56-a3c8-11da-a746-0800200b9a66;Mass;;kg;20aadc24-a391-41cf-b340-3e4529f44bde;kg
4c265b73-f562-34d3-994b-f9060134e942;7213c990-49f1-4416-b154-64fba3771f50;1;Zinc;emissions to water/river;;Zinc II;Elementary flows/Emission to water/fresh water;;;;93a60a56-a3c8-11da-a746-0800200b9a66;Mass;;kg;20aadc24-a391-41cf-b340-3e4529f44bde;kg
75b72484-4fbf-3dc3-b852-ef1e2fe115ad;9500e0a4-a485-483e-ae55-3b99b4420cd2;1;Zinc;emissions to water/groundwater;;Zinc II;Elementary flows/Emission to water/ground water;;;;93a60a56-a3c8-11da-a746-0800200b9a66;Mass;;kg;20aadc24-a391-41cf-b340-3e4529f44bde;kg
00bdef54-ff65-3501-a204-7a697b0e413c;bdce3a7c-e008-4391-be26-285f71a02453;1;Zinc;emissions to water/groundwater, long-term;;Zinc II;Elementary flows/Emission to water/ground water, long-term;;;;93a60a56-a3c8-11da-a746-0800200b9a66;Mass;;kg;20aadc24-a391-41cf-b340-3e4529f44bde;kg
1ad7f0fe-727b-31a5-af10-fbd97f91ec23;d4477f26-283d-492c-bc05-5252e09f9156;1;Zinc;emissions to water/lake;;Zinc II;Elementary flows/Emission to water/lake;;;;93a60a56-a3c8-11da-a746-0800200b9a66;Mass;;kg;20aadc24-a391-41cf-b340-3e4529f44bde;kg
7a468e38-e116-3640-b3c6-6da08a7cb5a5;08a91e70-3ddc-11dd-94eb-0050c2490048;1;Zinc;emissions to water/ocean;;Zinc II;Elementary flows/Emission to water/ocean;;;;93a60a56-a3c8-11da-a746-0800200b9a66;Mass;;kg;20aadc24-a391-41cf-b340-3e4529f44bde;kg
3509d3b0-769d-350c-a0c7-e59ac86e4d8f;2c7be02c-791f-4fef-b231-b90321bbeb30;1;Zinc;emissions to water/unspecified;;Zinc II;Elementary flows/Emission to water/unspecified;;;;93a60a56-a3c8-11da-a746-0800200b9a66;Mass;;kg;20aadc24-a391-41cf-b340-3e4529f44bde;kg
bd4bb041-1f36-39d4-88d7-c547d1537523;be73218b-18af-492e-96e6-addd309d1e32;1;Zinc;resources/in ground;;Zinc;Elementary flows/Resource/in ground;;;;93a60a56-a3c8-11da-a746-0800200b9a66;Mass;;kg;20aadc24-a391-41cf-b340-3e4529f44bde;kg
2814a69d-8be0-3926-be80-170451ca9d5b;748f22a9-eba4-4726-bef5-92c7442ce189;1;Zinc II;emissions to air/high. pop.;;Zinc II;Elementary flows/Emission to air/high population density;;;;93a60a56-a3c8-11da-a746-0800200b9a66;Mass;;kg;20aadc24-a391-41cf-b340-3e4529f44bde;kg
80cdefb6-5865-393e-aeed-e5382096a531;4d9a8790-3ddd-11dd-9448-0050c2490048;1;Zinc oxide;emissions to air/unspecified;;Zinc oxide;Elementary flows/Emission to air/unspecified;;;;93a60a56-a3c8-11da-a746-0800200b9a66;Mass;;kg;20aadc24-a391-41cf-b340-3e4529f44bde;kg
1533dc8c-7dd5-3007-b9f4-ed55b40afb43;0dab1ce3-fb3a-365e-a0b7-bbb8efa5c332;1;Zinc, resource correction;resources/in ground;;Zinc, resource correction;Elementary flows/Resource/unspecified;;;;93a60a56-a3c8-11da-a746-0800200b9a66;Mass;;kg;20aadc24-a391-41cf-b340-3e4529f44bde;kg
a431f28c-c5de-3a71-80ae-c306dcc2e045;f8f1ba14-9934-4678-8a78-e2cf1fce7775;1;Zinc, Zn 0.63%, Au 9.7E-4%, Ag 9.7E-4%, Cu 0.38%, Pb 0.014%, in ore;resources/in ground;;Zinc, Zn 0.63%, Au 9.7E-4%, Ag 9.7E-4%, Cu 0.38%, Pb 0.014%, in ore;Elementary flows/Resource/in ground;;;;93a60a56-a3c8-11da-a746-0800200b9a66;Mass;;kg;20aadc24-a391-41cf-b340-3e4529f44bde;kg
5367add1-6723-3af3-b6f6-e9a1963e1e6a;cf5e52c1-b1fc-46c8-b6f9-8e085657632e;1;Zinc-65;emissions to air/low. pop.;;Zinc-65;Elementary flows/Emission to air/low population density;;;;93a60a56-a3c8-17da-a746-0800200c9a66;Radioactivity;;kBq;e9773595-284e-46dd-9671-5fc9ff406833;kBq
0fd2d8cd-7da3-3c45-b180-bb8c6ab40615;8a0742e8-1cd4-445a-ae66-7cb80d43c3cf;1;Zinc-65;emissions to water/river;;Zinc-65;Elementary flows/Emission to water/fresh water;;;;93a60a56-a3c8-17da-a746-0800200c9a66;Radioactivity;;kBq;e9773595-284e-46dd-9671-5fc9ff406833;kBq
f7d821c2-4049-3deb-9ce8-779ab27ecee8;eebb4011-af1d-4a45-8bc5-a20b6c06fbf4;1;Zirconium;emissions to air/low. pop.;;Zirconium;Elementary flows/Emission to air/low population density;;;;93a60a56-a3c8-11da-a746-0800200b9a66;Mass;;kg;20aadc24-a391-41cf-b340-3e4529f44bde;kg
76ca39da-7827-36ad-9ac8-834c475305ba;cd2932c5-a486-4bf1-99b8-815d8a7ce11a;1;Zirconium;resources/in ground;;Zirconium;Elementary flows/Resource/in ground;;;;93a60a56-a3c8-11da-a746-0800200b9a66;Mass;;kg;20aadc24-a391-41cf-b340-3e4529f44bde;kg
47404976-a09a-346e-9399-8595df0f4364;fa260f53-4850-4585-9b67-5cdbc603c5ef;1;Zirconium-95;emissions to air/low. pop.;;Zirconium-95;Elementary flows/Emission to air/low population density;;;;93a60a56-a3c8-17da-a746-0800200c9a66;Radioactivity;;kBq;e9773595-284e-46dd-9671-5fc9ff406833;kBq
390029c2-1991-305a-b1cc-7b0e7b059229;610bb3e9-3cb2-4d50-ad44-83d860736b86;1;Zirconium-95;emissions to water/river;;Zirconium-95;Elementary flows/Emission to water/fresh water;;;;93a60a56-a3c8-17da-a746-0800200c9a66;Radioactivity;;kBq;e9773595-284e-46dd-9671-5fc9ff406833;kBq
63ec9104-fcd5-3149-b7c3-26c8f4d17357;03b40051-311b-5e37-aad1-ea811907cc90;1;Zoxamide;emissions to soil/agricultural;;Zoxamide;Elementary flows/Emission to soil/agricultural;;;;93a60a56-a3c8-11da-a746-0800200b9a66;Mass;;kg;20aadc24-a391-41cf-b340-3e4529f44bde;kg
